tree
version=v4
num_class=1
num_tree_per_iteration=1
label_index=0
max_feature_idx=15
objective=binary sigmoid:1
feature_names=Age RoomService FoodCourt ShoppingMall Spa VRDeck HomePlanet_Europa HomePlanet_Mars HomePlanet_Unknown CryoSleep_True CryoSleep_Unknown Destination_PSO_J318.5-22 Destination_TRAPPIST-1e Destination_Unknown VIP_True VIP_Unknown
feature_infos=[0:79] [0:9920] [0:29813] [0:12253] [0:22408] [0:20336] [0:1] [0:1] [0:1] [0:1] [0:1] [0:1] [0:1] [0:1] [0:1] [0:1]
tree_sizes=3390 3387 3403 3399 3405 3403 3408 3402 3411 3404 3412 3403 3400 3402 3395 3415 3391 3415 3409 3413 3407 3398 3420 3418 3425 3402 3408 3405 3416 3424 3421 3424 3416 3397 3417 3393 3415 3432 3416 3416 3420 3412 3413 3409 3426 3424 3440 3412 3417 3411 3426 3423 3430 3412 3416 3419 3418 3435 3422 3437 3420 3437 3415 3428 3426 3420 3404 3400 3414 3438 3405 3419 3416 3407 3429 3400 3400 3406 3412 3417 3427 3426 3390 3416 3409 3402 3399 3405 3397 3388 3419 3402 3392 3384 3403 3419 3393 3426 3389 3399

Tree=0
num_leaves=31
num_cat=0
split_feature=9 4 1 5 6 2 7 2 2 5 4 5 3 2 4 3 12 2 5 6 6 0 4 2 5 0 2 3 1 3
split_gain=1224.06 182.714 251.881 291.422 98.7736 69.8093 68.0802 58.0119 51.9828 35.3663 33.515 29.5054 26.5124 25.2578 21.4301 17.1312 14.5933 11.5687 12.6977 10.9807 9.38172 9.12519 8.78743 9.67938 8.73941 7.69763 7.54942 8.91166 7.15205 6.88488
threshold=1.0000000180025095e-35 266.50000000000006 299.00000000000006 350.50000000000006 1.0000000180025095e-35 3871.0000000000005 1.0000000180025095e-35 1323.5000000000002 2594.0000000000005 85.500000000000014 2582.0000000000005 913.00000000000011 1502.0000000000002 1604.5000000000002 38.500000000000007 1322.0000000000002 1.0000000180025095e-35 527.00000000000011 1542.0000000000002 1.0000000180025095e-35 1.0000000180025095e-35 1.0000000180025095e-35 1500.0000000000002 1025.5000000000002 605.50000000000011 23.500000000000004 84.500000000000014 402.50000000000006 154.50000000000003 659.50000000000011
decision_type=2 2 2 2 2 2 2 2 2 2 2 2 2 2 2 2 2 2 2 2 2 2 2 2 2 2 2 2 2 2
left_child=1 2 3 7 6 17 16 9 22 12 11 -10 14 15 19 -4 -2 -5 20 21 -19 -1 23 -3 -25 -21 28 -28 29 -23
right_child=4 8 13 5 -6 -7 -8 -9 10 -11 -12 -13 -14 -15 -16 -17 -18 18 -20 25 -22 26 -24 24 -26 -27 27 -29 -30 -31
leaf_value=0.068592760417865217 0.06145432530630765 -0.062069017435707044 -0.058710178620343417 -0.063517505138650482 0.11036934456053979 0.074839933200729056 0.094010938987240722 0.096072297512464336 0.066396294314686244 -0.023944435210658397 -0.077337278472470017 -0.046365650893294169 0.098732577729012658 0.050242468363611514 -0.0088759970361414094 0.0092370099018571523 0.03594053757172689 -0.039245024989396846 -0.06269764375198783 0.11054571572308894 0.037200582572364402 0.018470638286860679 -0.080277357264966043 0.011775695797926582 -0.063982167763803471 0.047489451764941265 0.036593790531303572 0.087249302666365006 -0.019298738495536035 0.043461698132553767
leaf_weight=17.499328255653381 94.496372580528259 151.24419420957565 194.99251484870911 105.49595034122467 149.49426138401031 10.999577760696409 110.2457680106163 38.74851256608963 17.749318659305576 26.498982787132263 9.9996161460876447 8.4996737241744977 15.999385833740233 5.7497792840003958 27.748934805393219 9.7496257424354535 138.4946836233139 7.2497217059135446 13.999462604522703 7.9996929168701199 8.7496641278266907 78.246996343135834 63.997543334960938 8.9996545314788801 6.4997504949569693 12.499520182609556 49.248109519481659 10.499596953392027 8.7496641278266889 42.498368620872498
leaf_count=70 378 605 780 422 598 44 441 155 71 106 40 34 64 23 111 39 554 29 56 32 35 313 256 36 26 50 197 42 35 170
internal_value=0.0123883 -0.0204862 -0.00694523 0.0129599 0.0764463 -0.0458727 0.0616472 0.0386023 -0.055624 0.0310911 7.82603e-05 0.0297985 0.0364842 -0.0525733 0.0325461 -0.0554777 0.046305 -0.0557111 -0.0280977 0.0376114 0.00245561 0.0341292 -0.0643655 -0.0582065 -0.0202796 0.0724538 0.0309144 0.0456058 0.0241155 0.0272851
internal_weight=1452.94 960.213 693.223 482.731 492.731 146.494 343.237 336.237 266.99 297.489 36.2486 26.249 270.99 210.492 254.99 204.742 232.991 135.495 29.9988 227.241 15.9994 206.742 230.741 166.744 15.4994 20.4992 189.243 59.7477 129.495 120.745
internal_count=5812 3841 2773 1931 1971 586 1373 1345 1068 1190 145 105 1084 842 1020 819 932 542 120 909 64 827 923 667 62 82 757 239 518 483
is_linear=0
shrinkage=1


Tree=1
num_leaves=31
num_cat=0
split_feature=9 4 1 5 6 2 7 2 2 4 5 5 3 2 4 3 12 1 2 5 6 4 2 6 5 8 0 0 0 5
split_gain=1106.37 165.193 227.536 263.309 89.8358 63.0977 61.7648 52.6179 46.9562 30.3174 28.643 26.77 25.0942 22.8302 20.4322 15.4877 13.2035 11.534 10.4542 11.483 8.48138 7.99057 10.3422 7.8994 7.21326 6.92715 7.15291 11.8081 6.77375 6.75823
threshold=1.0000000180025095e-35 266.50000000000006 299.00000000000006 350.50000000000006 1.0000000180025095e-35 3871.0000000000005 1.0000000180025095e-35 1781.5000000000002 2594.0000000000005 2582.0000000000005 85.500000000000014 626.50000000000011 1502.0000000000002 1604.5000000000002 38.500000000000007 1322.0000000000002 1.0000000180025095e-35 103.50000000000001 527.00000000000011 1542.0000000000002 1.0000000180025095e-35 1447.5000000000002 1188.0000000000002 1.0000000180025095e-35 611.50000000000011 1.0000000180025095e-35 3.5000000000000004 9.5000000000000018 23.500000000000004 1560.5000000000002
decision_type=2 2 2 2 2 2 2 2 2 2 2 2 2 2 2 2 2 2 2 2 2 2 2 2 2 2 2 2 2 2
left_child=1 2 3 7 6 18 16 10 21 11 12 -10 14 15 17 -4 -2 23 -5 20 -20 22 -3 -1 -24 26 -18 -28 -25 -7
right_child=4 8 13 5 -6 29 -8 -9 9 -11 -12 -13 -14 -15 -16 -17 25 -19 19 -21 -22 -23 24 28 -26 -27 27 -29 -30 -31
leaf_value=0.025128876383272443 0.046658350700464556 -0.070728101217492387 -0.06760170805446232 -0.072184979104887373 0.093370653049886843 0.094812180676253438 0.077716807819172923 0.088383923399162151 0.052954480314255509 -0.085408555919575246 -0.029383922760187493 -0.052992153127030386 0.082839529665961698 0.036015204957977366 -0.019175321193963549 -0.00299529514989103 0.050158711898873276 -0.010055903155491243 -0.049103747517159409 -0.071426104277086719 0.023592995815046449 -0.087785391489688988 0.0055915220955777833 0.093593774533857851 -0.068356326585831115 0.06967837487139604 -0.03644415709635946 0.020199928086295948 0.034582740655734613 0.015962823200489695
leaf_weight=189.66186508536339 94.410835325717926 150.60533753037453 194.83206063508987 105.39366501569748 149.04564240574837 5.9916064739227277 110.00675918161869 29.681459024548531 17.231002315878872 9.9850624799728376 27.992745399475098 8.9948824942111951 16.709343090653419 5.7463729232549658 29.744846373796463 9.7497919499874097 16.744591787457466 21.493206948041916 7.2472092807292947 13.986250519752501 8.7469734996557236 66.39502689242363 7.999722480773924 7.9756088256835964 5.4943748414516449 7.247659131884574 9.9967712163925153 104.4662592113018 12.742378756403921 4.9930053949356079
leaf_count=759 378 603 780 422 598 24 441 119 69 40 112 36 67 23 119 39 67 86 29 56 35 266 32 32 22 29 40 418 51 20
internal_value=1.33356e-06 -0.031258 -0.0183791 0.000546905 0.0609608 -0.0554038 0.0468492 0.0249277 -0.0646879 -0.0117197 0.0187521 0.0165539 0.0236022 -0.061763 0.0197886 -0.0645257 0.0322401 0.024793 -0.0647595 -0.0385026 -0.00944744 -0.0730005 -0.0669687 0.0283564 -0.0247991 0.022382 0.0197183 0.0152254 0.0576401 0.0594389
internal_weight=1451.31 959.394 692.688 482.36 491.919 146.359 342.873 336.001 266.705 36.2109 306.32 26.2259 278.327 210.328 261.618 204.582 232.866 231.873 135.374 29.9804 15.9942 230.494 164.099 210.38 13.4941 138.455 131.208 114.463 20.718 10.9846
internal_count=5812 3841 2773 1931 1971 586 1373 1345 1068 145 1226 105 1114 842 1047 819 932 928 542 120 64 923 657 842 54 554 525 458 83 44
is_linear=0
shrinkage=0.05


Tree=2
num_leaves=31
num_cat=0
split_feature=9 4 1 5 6 2 7 2 2 5 4 5 3 4 2 3 12 1 2 5 6 6 4 2 5 0 3 12 0 7
split_gain=1002.32 149.964 206.059 238.358 82.636 57.1983 56.4391 48.685 42.5849 29.2221 27.5269 24.2537 23.1718 21.099 20.6911 14.0696 11.9759 10.8497 9.50404 10.4273 7.67563 7.6697 7.37793 7.96442 7.24858 6.93335 6.84145 6.97746 6.58763 13.7168
threshold=1.0000000180025095e-35 266.50000000000006 299.00000000000006 350.50000000000006 1.0000000180025095e-35 3871.0000000000005 1.0000000180025095e-35 1323.5000000000002 2594.0000000000005 123.00000000000001 2582.0000000000005 913.00000000000011 1461.5000000000002 49.500000000000007 1604.5000000000002 1322.0000000000002 1.0000000180025095e-35 103.50000000000001 527.00000000000011 1542.0000000000002 1.0000000180025095e-35 1.0000000180025095e-35 1500.0000000000002 1025.5000000000002 605.50000000000011 1.0000000180025095e-35 57.500000000000007 1.0000000180025095e-35 7.5000000000000009 1.0000000180025095e-35
decision_type=2 2 2 2 2 2 2 2 2 2 2 2 2 2 2 2 2 2 2 2 2 2 2 2 2 2 2 2 2 2
left_child=1 2 3 7 6 18 16 9 22 12 11 -10 13 17 15 -4 -2 21 -5 20 -20 25 23 -3 -25 -1 27 -27 29 -29
right_child=4 8 14 5 -6 -7 -8 -9 10 -11 -12 -13 -14 -15 -16 -17 -18 -19 19 -21 -22 -23 -24 24 -26 26 -28 28 -30 -31
leaf_value=0.052276108790114476 0.044417610285316128 -0.0674986532911621 -0.064428874330245245 -0.06883139082926297 0.089371596555891636 0.05671726879417071 0.074224803295273145 0.07657603604997415 0.049011295976680476 -0.042597744934850024 -0.081602554945939001 -0.053363400719894587 0.077177721502154462 -0.025866372360055345 0.034287618132993983 -0.0028470170656549848 0.021280812181196977 -0.01144205131068971 -0.046755779523532687 -0.068122706438648581 0.022439811382131417 0.054515472083936034 -0.084264644978884501 -0.00039282501187208477 -0.069474984125558345 0.032501021496150147 0.031185301411237501 0.0038594178816960777 -0.0060490215657586846 0.096036728252815784
leaf_weight=17.461627125740051 94.224400609731674 150.5833328962326 194.2242756485939 105.01578909158707 147.95923507213593 10.946741282939909 109.44115117192268 38.470688328146935 17.688692852854732 19.236319676041603 9.9340754747390729 8.4790565371513349 17.117341324687004 25.494084820151329 5.7393175512552252 9.7499052733182889 138.36652088165283 21.99446327984333 7.2358709573745736 13.937226533889769 8.7419202923774719 20.396204113960266 63.550197601318359 8.9982411563396436 6.4708594083786002 27.731571838259697 71.408587634563446 16.492160707712177 54.46378082036972 5.2475056797265998
leaf_count=70 378 605 780 422 598 44 441 155 71 77 40 34 69 102 23 39 554 88 29 56 35 82 256 36 26 111 286 66 218 21
internal_value=2.74929e-06 -0.0297785 -0.0175 0.000523017 0.058151 -0.0528133 0.0446232 0.0237218 -0.0616966 0.0168531 -0.0111808 0.0157623 0.0209836 0.0172656 -0.0588519 -0.0614881 0.0306688 0.0219499 -0.0617348 -0.0366762 -0.00899274 0.0253984 -0.0696312 -0.0639835 -0.0295511 0.0222916 0.0192775 0.0110741 0.00324409 0.026447
internal_weight=1446.8 956.81 691.105 481.392 489.991 145.878 342.032 335.514 265.704 297.044 36.1018 26.1677 277.807 260.69 209.713 203.974 232.591 235.196 134.931 29.915 15.9778 213.201 229.603 166.052 15.4691 192.805 175.344 103.935 76.2034 21.7397
internal_count=5812 3841 2773 1931 1971 586 1373 1345 1068 1190 145 105 1113 1044 842 819 932 942 542 120 64 854 923 667 62 772 702 416 305 87
is_linear=0
shrinkage=0.05


Tree=3
num_leaves=31
num_cat=0
split_feature=9 4 1 5 6 2 7 2 2 5 4 3 5 2 4 3 12 2 5 6 6 0 4 2 2 3 0 1 8 0
split_gain=909.801 136.618 187.01 216.161 76.7732 51.9376 51.9089 44.4968 38.7496 26.6221 25.3629 20.1054 20.0407 18.7954 15.8206 12.8343 10.8963 8.74137 11.5015 8.2479 7.93153 7.42156 7.01725 8.1187 7.00492 7.77167 6.54119 6.50671 6.30577 6.49184
threshold=1.0000000180025095e-35 266.50000000000006 299.00000000000006 350.50000000000006 1.0000000180025095e-35 3871.0000000000005 1.0000000180025095e-35 1323.5000000000002 2594.0000000000005 85.500000000000014 1372.5000000000002 1502.0000000000002 626.50000000000011 1604.5000000000002 38.500000000000007 1322.0000000000002 1.0000000180025095e-35 360.50000000000006 1542.0000000000002 1.0000000180025095e-35 1.0000000180025095e-35 1.0000000180025095e-35 924.00000000000011 1286.5000000000002 84.500000000000014 402.50000000000006 23.500000000000004 853.50000000000011 1.0000000180025095e-35 3.5000000000000004
decision_type=2 2 2 2 2 2 2 2 2 2 2 2 2 2 2 2 2 2 2 2 2 2 2 2 2 2 2 2 2 2
left_child=1 2 3 7 6 17 16 9 22 11 12 14 -10 15 19 27 -2 -5 20 21 -19 -1 23 -3 -23 -26 -21 -4 29 -18
right_child=4 8 13 5 -6 -7 -8 -9 10 -11 -12 -13 -14 -15 -16 -17 28 18 -20 26 -22 24 -24 -25 25 -27 -28 -29 -30 -31
leaf_value=0.049835756994557993 0.042324119253806448 -0.062560200821497686 -0.05214964723285035 -0.066354130070221895 0.085871530391365747 0.054158556548726249 0.071076607945814149 0.073339380497505866 0.067037504005817136 -0.03174818950897014 -0.055958258446952229 0.075411162952439992 -0.037634045369954336 0.032660810429068335 -0.018276921941569626 -0.0027060886412676468 0.046730416884001695 -0.042355081153848506 -0.067947640135634577 0.087492414908278485 0.023799588766719934 0.0092253114555227844 -0.077497969192461699 -0.013180398423970261 0.021534324532312868 0.068931073601793 0.029083773845384339 -0.070702774792481507 0.065437458291136535 0.01341536353005399
leaf_weight=17.407076060771942 93.952479332685471 128.71152818202972 95.875316753983498 100.69321943819523 146.33437803387642 10.896682679653166 108.59934014081955 38.171816006302834 12.163599804043772 26.451138257980347 16.55677729845047 15.735154151916502 7.2103069722652426 5.7291618734598151 27.732256308197975 9.7499721050262433 16.701808303594589 8.9488409459590912 15.589632406830786 7.8676733970642116 8.982266291975975 129.31760856509209 90.488135665655136 8.9642068147659284 49.186856895685196 10.448175147175787 12.441880255937575 97.361755773425102 7.2208906114101401 114.34248089790344
leaf_count=70 378 520 387 407 598 44 441 155 49 106 67 64 29 23 111 39 67 36 63 32 36 518 367 36 197 42 50 393 29 458
internal_value=3.84263e-06 -0.028417 -0.0166865 0.000500871 0.0555785 -0.0504485 0.0425505 0.0225947 -0.0589846 0.0160412 -0.0106875 0.0207307 0.0280891 -0.0561842 0.0173203 -0.0587066 0.029185 -0.0589755 -0.0366793 0.0216816 -0.00926788 0.0186712 -0.0665823 -0.0593569 0.0157754 0.0299398 0.0520284 -0.0615293 0.0202327 0.0176938
internal_weight=1439.83 952.681 688.586 479.87 487.151 145.111 340.817 334.76 264.095 296.588 35.9307 270.137 19.3739 208.716 254.402 202.987 232.218 134.214 33.5207 226.669 17.9311 206.36 228.164 137.676 188.953 59.635 20.3096 193.237 138.265 131.044
internal_count=5812 3841 2773 1931 1971 586 1373 1345 1068 1190 145 1084 78 842 1020 819 932 542 135 909 72 827 923 556 757 239 82 780 554 525
is_linear=0
shrinkage=0.05


Tree=4
num_leaves=31
num_cat=0
split_feature=9 4 1 5 6 7 2 2 2 4 5 5 2 3 4 3 12 2 5 0 7 4 2 5 2 6 3 1 5 10
split_gain=827.21 124.717 170.21 198.888 71.9066 47.9835 47.4674 40.4772 35.4333 23.6166 23.3854 20.5292 20.1639 18.7077 16.2025 12.7787 9.92769 8.01313 11.7951 7.34014 17.6216 6.62594 6.89656 6.62582 6.59536 8.46859 10.8936 6.47763 6.29581 6.13594
threshold=1.0000000180025095e-35 266.50000000000006 252.50000000000003 350.50000000000006 1.0000000180025095e-35 1.0000000180025095e-35 3871.0000000000005 1323.5000000000002 2594.0000000000005 2582.0000000000005 123.00000000000001 626.50000000000011 1604.5000000000002 1502.0000000000002 31.500000000000004 1322.0000000000002 1.0000000180025095e-35 166.50000000000003 1542.0000000000002 6.5000000000000009 1.0000000180025095e-35 1500.0000000000002 1025.5000000000002 605.50000000000011 79.500000000000014 1.0000000180025095e-35 659.50000000000011 853.50000000000011 1560.5000000000002 1.0000000180025095e-35
decision_type=2 2 2 2 2 2 2 2 2 2 2 2 2 2 2 2 2 2 2 2 2 2 2 2 2 2 2 2 2 2
left_child=1 2 3 7 5 16 17 10 21 11 13 -10 15 14 19 27 -2 -5 -19 20 -1 22 -3 -24 25 26 29 -4 -8 -21
right_child=4 8 12 6 -6 -7 28 -9 9 -11 -12 -13 -14 -15 -16 -17 -18 18 -20 24 -22 -23 23 -25 -26 -27 -28 -29 -30 -31
leaf_value=0.020984325897244825 0.040361428852847762 -0.061729073886985321 -0.049432299720778033 -0.065618991697610804 0.082784069643039596 0.06821680255657453 0.086302382761554775 0.071428576006618824 0.046802060679065859 -0.076024874929326233 -0.038775541926776874 -0.046381793856677248 0.032137153619171688 0.072717727904033899 -0.016422499822844567 -0.0004432950113782896 0.019247317259030641 -0.017234888093252586 -0.069265503359615399 -0.018356046596279488 0.091797950453520072 -0.0778006573452691 0.0014535396193220322 -0.064781235072618529 0.030054707009672155 0.042505528482459219 0.022177741622537175 -0.067720782167745561 0.0098525717139789706 0.025176007113530692
leaf_weight=35.018090829253197 93.608646154403687 148.61782690882683 101.05666071176529 86.896111786365509 144.25782775878906 107.52551226317883 5.8834873437881452 37.052544966340065 17.066092833876613 9.7778856754302961 18.175829395651817 8.9202294349670392 6.6985096931457511 15.568375423550604 32.703754961490631 9.9931477159261686 138.11610718071461 25.7384043186903 18.902021661400795 45.705189168453217 11.669583529233931 62.290523529052734 8.9929891824722272 6.4030633717775336 60.031190142035484 16.776836216449738 46.134989351034164 96.590031489729881 4.9494999647140503 9.7411833703517896
leaf_count=141 378 605 410 354 598 441 24 152 69 40 73 36 27 64 131 40 554 104 77 183 47 256 36 26 241 68 185 393 20 39
internal_value=5.88435e-06 -0.0271533 -0.0159301 0.000883282 0.0532144 0.0406199 -0.0484592 0.0222712 -0.0564836 -0.0102032 0.016001 0.01476 -0.0528558 0.0196561 0.0164245 -0.0556119 0.0277904 -0.056748 -0.0393717 0.0212024 0.0388426 -0.0637898 -0.0584245 -0.0263331 0.0165664 0.00970558 0.00425198 -0.0583996 0.0517827 -0.0106765
internal_weight=1430.86 947.354 685.285 470.947 483.508 339.25 142.37 328.578 262.069 35.7642 291.525 25.9863 214.338 273.349 257.781 207.64 231.725 131.537 44.6404 225.077 46.6877 226.304 164.014 15.3961 178.389 118.358 101.581 197.647 10.833 55.4464
internal_count=5812 3841 2773 1903 1971 1373 579 1324 1068 145 1172 105 870 1099 1035 843 932 535 181 904 188 923 667 62 716 475 407 803 44 222
is_linear=0
shrinkage=0.05


Tree=5
num_leaves=31
num_cat=0
split_feature=9 4 1 5 6 7 2 2 2 4 5 5 3 5 2 4 3 1 12 4 2 5 5 2 5 12 0 11 12 1
split_gain=753.174 114.242 155.015 178.527 67.8458 44.5698 43.5061 38.6729 32.4301 21.8498 19.5822 18.6724 18.0769 16.6856 15.5851 14.4764 10.752 9.62258 9.06896 6.38596 7.10416 7.13041 6.24779 9.52775 7.5142 6.08474 6.19117 6.93375 6.06374 6.34397
threshold=1.0000000180025095e-35 266.50000000000006 299.00000000000006 350.50000000000006 1.0000000180025095e-35 1.0000000180025095e-35 3113.5000000000005 1781.5000000000002 2594.0000000000005 1372.5000000000002 85.500000000000014 1902.5000000000002 1552.0000000000002 626.50000000000011 1604.5000000000002 49.500000000000007 1322.0000000000002 103.50000000000001 1.0000000180025095e-35 924.00000000000011 807.00000000000011 741.00000000000011 872.50000000000011 138.50000000000003 483.50000000000006 1.0000000180025095e-35 23.500000000000004 1.0000000180025095e-35 1.0000000180025095e-35 419.50000000000006
decision_type=2 2 2 2 2 2 2 2 2 2 2 2 2 2 2 2 2 2 2 2 2 2 2 2 2 2 2 2 2 2
left_child=1 2 3 7 5 18 22 10 19 13 12 -8 15 -10 16 17 28 25 -2 20 -3 -22 23 -5 -25 26 -1 -28 -4 -30
right_child=4 8 14 6 -6 -7 11 -9 9 -11 -12 -13 -14 -15 -16 -17 -18 -19 -20 -21 21 -23 -24 24 -26 -27 27 -29 29 -31
leaf_value=0.049276310031187293 0.038515687943624179 -0.058170858705155551 -0.040237619269875693 -0.056362659275049312 0.080041623208288559 0.065600940687209286 0.086396130799264115 0.076076027303077387 0.06220746685559142 -0.052087198781345025 -0.024609752513993593 -0.028728408953462421 0.072768547954349866 -0.033754702708760076 0.029627443369165774 -0.019341582527521543 -0.002550213167510057 -0.011126885922486691 0.01830533426425433 -0.071776871304358031 0.0075389475674069971 -0.066269672663278434 -0.067871540789817428 -0.045027538419568247 0.017656594083731655 0.017954120434320511 0.037658736797754395 -0.016535704745241502 -0.028744322785323462 -0.064793690881667101
leaf_weight=37.703778937458992 93.20487043261528 121.76460027694702 45.177468791604042 52.987728402018547 141.80546051263809 106.25842572748661 8.0364212840795499 28.561696022748947 12.009310349822046 16.344423204660416 27.823435679078102 6.1419926285743704 14.879971161484717 7.1562431305646887 5.70090028643608 25.658314377069473 9.7499999999999982 22.214723959565163 137.97114908695221 88.44443291425705 8.6866070032119733 5.1327247619628897 56.776042625308037 9.8613497018814105 9.1140320450067502 150.96546557545662 15.39496785402298 9.4588844925165176 13.705124258995054 131.46561001241207
leaf_count=152 378 500 185 218 598 441 33 119 49 67 112 25 62 29 23 103 39 89 554 367 35 21 233 40 37 608 62 38 56 539
internal_value=6.87182e-06 -0.0259793 -0.0152225 0.000468262 0.0510216 0.038806 -0.0462506 0.0205474 -0.0542028 -0.00977779 0.0153088 0.036673 0.0193364 0.0263868 -0.0514648 0.0162681 -0.0537888 0.0201505 0.0264668 -0.061237 -0.0543137 -0.0201539 -0.0554046 -0.0454881 -0.0149851 0.0234082 0.0365205 0.0170498 -0.0564106 -0.0614125
internal_weight=1420.16 940.916 681.378 475.579 479.24 337.434 142.918 332.661 259.538 35.51 304.1 14.1784 276.276 19.1656 205.799 261.396 200.098 235.738 231.176 224.028 135.584 13.8193 128.739 71.9631 18.9754 213.523 62.5576 24.8539 190.348 145.171
internal_count=5812 3841 2773 1931 1971 1373 586 1345 1068 145 1226 58 1114 78 842 1052 819 949 932 923 556 56 528 295 77 860 252 100 780 595
is_linear=0
shrinkage=0.05


Tree=6
num_leaves=31
num_cat=0
split_feature=9 4 1 5 6 7 2 2 2 4 5 5 2 3 4 3 12 2 5 3 6 6 4 2 0 1 8 0 0 2
split_gain=686.561 104.824 141.554 164.577 64.4029 41.557 39.6937 35.0124 29.8101 20.4176 17.5088 17.0819 16.7189 15.5899 12.3701 10.7969 8.29704 7.43316 8.96461 6.88043 6.59726 6.26755 6.14473 7.32028 6.02183 5.87521 5.79145 5.92802 10.6827 5.54274
threshold=1.0000000180025095e-35 266.50000000000006 252.50000000000003 350.50000000000006 1.0000000180025095e-35 1.0000000180025095e-35 3871.0000000000005 1739.5000000000002 2594.0000000000005 2582.0000000000005 913.00000000000011 85.500000000000014 1604.5000000000002 1552.0000000000002 31.500000000000004 1322.0000000000002 1.0000000180025095e-35 360.50000000000006 1542.0000000000002 859.50000000000011 1.0000000180025095e-35 1.0000000180025095e-35 1447.5000000000002 1188.0000000000002 23.500000000000004 853.50000000000011 1.0000000180025095e-35 3.5000000000000004 9.5000000000000018 79.500000000000014
decision_type=2 2 2 2 2 2 2 2 2 2 2 2 2 2 2 2 2 2 2 2 2 2 2 2 2 2 2 2 2 2
left_child=1 2 3 7 5 16 17 11 22 10 -10 13 15 14 20 25 -2 -5 21 -16 29 -19 23 -3 -22 -4 27 -18 -29 -1
right_child=4 8 12 6 -6 -7 -8 -9 9 -11 -12 -13 -14 -15 19 -17 26 18 -20 -21 24 -23 -24 -25 -26 -27 -28 28 -30 -31
leaf_value=0.012173548839696948 0.036775150287791755 -0.056796934627968081 -0.045107454100252076 -0.059101952425206383 0.077590556961907545 0.063192957924241414 0.047926396175673229 0.073537157379404416 0.042378596517435634 -0.071364117112318035 -0.045345239666853436 -0.022798112419354723 0.029104028871911942 0.069878092144297285 -0.022540284754101095 -0.00038539748941428611 0.042820085501981561 -0.03675342403059427 -0.059550867964027358 0.040828331346957958 0.082168439482322331 0.023010209909077685 -0.07221186448685972 -0.017890127765214283 0.025862159685956412 -0.062666284435227843 0.060927235488960597 -0.038252378575769866 0.015648245913939006 0.030092204174752352
leaf_weight=142.66403026878834 92.751679569482803 145.27926933765411 99.612900733947754 97.010939165949821 139.04361790418625 104.83203501999378 10.647031068801878 28.094190746545792 17.379098221659664 9.5548236370086652 8.3373893499374372 26.789529398083687 6.6531360149383536 14.170034676790236 27.401573419570923 9.9899381399154645 16.597110420465469 8.6206723898649216 14.889905795454977 4.9795005321502677 7.6743143647909191 8.732914611697197 62.863220244646072 13.311793968081473 12.57896403968334 94.613575458526611 7.1550481319427481 9.9871426820754987 104.07053837180138 61.954717710614204
leaf_count=574 378 603 410 403 598 441 44 119 71 40 34 108 27 60 110 40 67 35 62 20 32 35 266 54 51 393 29 40 418 250
internal_value=7.55341e-06 -0.0248767 -0.0145572 0.000820605 0.0489805 0.0371001 -0.0445303 0.0202721 -0.0520765 -0.00935401 0.0138727 0.0152311 -0.0485401 0.0189917 0.0161627 -0.0510827 0.0252139 -0.0521774 -0.0312251 -0.0126999 0.0203226 -0.00671881 -0.0588737 -0.0535445 0.0474965 -0.0536887 0.0174116 0.0149838 0.0108992 0.017611
internal_weight=1408.24 933.803 677.078 466.208 474.437 335.394 139.901 326.307 256.726 35.2713 25.7165 298.213 210.87 271.423 257.253 204.216 230.562 129.254 32.2435 32.3811 224.872 17.3536 221.454 158.591 20.2533 194.226 137.81 130.655 114.058 204.619
internal_count=5812 3841 2773 1903 1971 1373 579 1324 1068 145 105 1205 870 1097 1037 843 932 535 132 130 907 70 923 657 83 803 554 525 458 824
is_linear=0
shrinkage=0.05


Tree=7
num_leaves=31
num_cat=0
split_feature=9 4 1 5 6 7 2 2 2 4 5 3 2 5 4 3 12 0 7 2 5 4 2 5 2 6 3 3 6 1
split_gain=626.584 96.3879 129.223 149.937 61.4235 38.8518 36.2546 32.8678 27.388 18.8841 18.212 15.4458 15.278 15.2121 13.0076 9.9579 7.59055 7.05917 16.4664 6.89107 8.26173 5.93214 6.23122 6.57526 5.77482 7.49719 8.56777 6.22095 5.68448 5.59282
threshold=1.0000000180025095e-35 266.50000000000006 252.50000000000003 350.50000000000006 1.0000000180025095e-35 1.0000000180025095e-35 3871.0000000000005 1323.5000000000002 2594.0000000000005 2905.5000000000005 123.00000000000001 1214.0000000000002 1604.5000000000002 913.00000000000011 31.500000000000004 1745.5000000000002 1.0000000180025095e-35 6.5000000000000009 1.0000000180025095e-35 360.50000000000006 1542.0000000000002 924.00000000000011 807.00000000000011 741.00000000000011 122.50000000000001 1.0000000180025095e-35 659.50000000000011 159.00000000000003 1.0000000180025095e-35 729.50000000000011
decision_type=2 2 2 2 2 2 2 2 2 2 2 2 2 2 2 2 2 2 2 2 2 2 2 2 2 2 2 2 2 2
left_child=1 2 3 7 5 16 19 10 21 13 11 14 15 -10 17 29 -2 18 -1 -5 28 22 -3 -24 25 26 -19 -26 -21 -4
right_child=4 8 12 6 -6 -7 -8 -9 9 -11 -12 -13 -14 -15 -16 -17 -18 24 -20 20 -22 -23 23 -25 27 -27 -28 -29 -30 -31
leaf_value=0.017802202486731891 0.035129822912842404 -0.053636115067870041 -0.040628980789344203 -0.05685540942237393 0.075387699473728947 0.060963271297594962 0.04594972912410631 0.064634222837347335 0.038906036784150881 -0.073553987410265684 -0.034757108908541598 0.056970089957602325 0.027770741179641491 -0.040764290877709143 -0.01676376188266689 0.017119724896347849 0.016573396835294289 -0.011280881121009998 0.086662874164231116 -0.035104276634849295 -0.05732750987074673 -0.067002592493389315 0.0086084112601837945 -0.062649177326903727 0.016415407952247853 0.037746242243175937 0.018392790744904085 0.054592054235687783 0.021888334530192493 -0.057927360493672676
leaf_weight=34.798335179686546 92.258316725492477 119.1515177488327 80.39988748729229 95.835809990763664 136.03030094504356 103.27610206604004 10.556410551071165 35.573679268360138 17.510184228420261 8.4605836272239667 18.042914062738419 22.099366649985313 6.6293409913778296 8.9862213134765607 31.132171988487244 5.4899600744247428 137.57775571942329 56.613836482167244 11.5022756755352 8.5801116228103638 14.702661365270613 85.767700225114822 8.6675368845462781 5.0482371747493735 41.956640660762787 16.511595577001572 42.496625453233719 14.283424302935599 8.7267668545246124 116.31369385123253
leaf_count=141 378 500 333 403 598 441 44 152 72 36 73 93 27 37 125 22 554 227 47 35 62 367 35 21 169 68 171 58 35 488
internal_value=8.83888e-06 -0.0238447 -0.0139321 0.000786226 0.047078 0.0354983 -0.0427786 0.0193452 -0.0501061 -0.00898297 0.0137585 0.0169956 -0.0465776 0.0118343 0.0134305 -0.0490277 0.0240342 0.017745 0.0350589 -0.0501353 -0.0299009 -0.0566741 -0.0499615 -0.0178823 0.0130628 0.00666004 0.00144832 0.0261909 -0.00640585 -0.0508815
internal_weight=1394.98 925.837 672.246 463.413 469.142 333.112 138.402 325.011 253.592 34.957 289.437 271.394 208.833 26.4964 249.295 202.204 229.836 218.163 46.3006 127.845 32.0095 218.635 132.867 13.7158 171.862 115.622 99.1105 56.2401 17.3069 196.714
internal_count=5812 3841 2773 1903 1971 1373 579 1324 1068 145 1172 1099 870 109 1006 843 932 881 188 535 132 923 556 56 693 466 398 227 70 821
is_linear=0
shrinkage=0.05


Tree=8
num_leaves=31
num_cat=0
split_feature=9 4 1 5 6 7 2 2 2 4 5 3 5 5 2 12 4 3 1 11 12 7 0 1 0 3 2 6 0 4
split_gain=572.311 88.7797 118.153 135.005 58.8632 36.4381 33.8746 31.3592 25.2133 18.0014 17.2865 15.9025 13.8023 12.9871 11.8872 9.70471 12.0919 8.62255 8.01052 7.58932 6.96013 6.39686 26.1794 19.0038 6.38054 5.90244 5.86903 7.47945 6.74225 5.82627
threshold=1.0000000180025095e-35 266.50000000000006 299.00000000000006 350.50000000000006 1.0000000180025095e-35 1.0000000180025095e-35 2822.5000000000005 1781.5000000000002 2594.0000000000005 1372.5000000000002 2077.5000000000005 1461.5000000000002 11.500000000000002 626.50000000000011 1604.5000000000002 1.0000000180025095e-35 110.50000000000001 1322.0000000000002 172.50000000000003 1.0000000180025095e-35 1.0000000180025095e-35 1.0000000180025095e-35 12.500000000000002 4.5000000000000009 23.500000000000004 1059.5000000000002 162.50000000000003 1.0000000180025095e-35 23.500000000000004 1500.0000000000002
decision_type=2 2 2 2 2 2 2 2 2 2 2 2 2 2 2 2 2 2 2 2 2 2 2 2 2 2 2 2 2 2
left_child=1 2 3 7 5 20 25 11 29 13 -8 12 15 -10 17 19 21 -4 -14 -1 -2 26 -23 -24 -21 -5 27 -17 -29 -3
right_child=4 8 14 6 -6 -7 10 -9 9 -11 -12 -13 18 -15 -16 16 -18 -19 -20 24 -22 22 23 -25 -26 -27 -28 28 -30 -31
leaf_value=0.043231050209904323 0.033571123939971796 -0.049547485552908194 -0.050008959242228937 -0.052032604665114959 0.073397933666665499 0.058887440725538392 0.067698701558561655 0.069314157001149498 0.056566681152052725 -0.047663564657419576 -0.040312497631492063 0.059612798552756419 -0.0054717113949685516 -0.028930062123484153 0.025643267357927886 -0.0075432333214218153 -0.047749347237957158 -0.0017363947994761455 -0.067614153489596748 0.036634610025840515 0.015767044645801788 0.087628202358325802 -0.05050940592445409 0.040123063797606121 -0.019965556431950301 0.0044820819103449155 0.023770355072365492 0.07865536304483764 0.0076484292161288388 -0.06823321743191442
leaf_weight=45.735325425863266 91.732909798622131 157.3440415263176 184.44616615772247 117.93870221078396 132.81618589162827 101.61666937172413 9.9438652247190458 27.079512223601341 11.711369827389719 15.873995900154112 5.7855771780014029 17.316539257764816 49.930814534425735 7.0397931784391394 5.6450635939836493 67.588715821504593 8.6999829113483411 9.7466059327125532 5.6901874840259543 9.1467464715242404 137.39292025566101 12.923669084906576 10.485159248113634 12.651167303323744 10.694421634078024 4.7924428880214682 35.774313166737556 4.9312288463115683 10.037855163216589 58.247367858886719
leaf_count=186 378 667 780 500 598 441 42 119 49 67 24 75 202 29 23 272 35 39 23 37 554 53 42 51 43 20 145 21 41 256
internal_value=9.80443e-06 -0.0228746 -0.013343 0.000423469 0.0452842 0.0339758 -0.040973 0.0178691 -0.0482668 -0.00863357 0.0279665 0.0132287 0.0103834 0.0244852 -0.0455078 0.0158159 0.00927397 -0.0475883 -0.011939 0.0320471 0.0229066 0.0125161 0.0309239 -0.000991302 0.00617989 -0.0498239 0.00688517 -0.0004515 0.0314068 -0.0546252
internal_weight=1380.76 917.201 666.984 467.146 463.559 330.742 138.461 328.686 250.217 34.6252 15.7294 301.606 284.29 18.7512 199.838 228.669 163.092 194.193 55.621 65.5765 229.126 154.392 36.06 23.1363 19.8412 122.731 118.332 82.5578 14.9691 215.591
internal_count=5812 3841 2773 1931 1971 1373 586 1345 1068 145 66 1226 1151 78 842 926 660 819 225 266 932 625 146 93 80 520 479 334 62 923
is_linear=0
shrinkage=0.05


Tree=9
num_leaves=31
num_cat=0
split_feature=9 4 1 5 6 7 2 2 2 5 5 4 3 2 4 3 4 2 0 12 2 5 0 7 1 8 10 2 3 0
split_gain=523.037 81.8083 108.108 124.736 56.6167 34.2487 30.7478 28.644 23.3225 15.7704 15.2976 14.7146 13.3131 12.7928 11.2466 8.7311 7.29594 9.323 6.63574 6.92511 6.31201 9.40372 5.93456 14.2129 5.40329 5.31161 5.23826 7.22863 5.73232 8.14489
threshold=1.0000000180025095e-35 266.50000000000006 252.50000000000003 350.50000000000006 1.0000000180025095e-35 1.0000000180025095e-35 3871.0000000000005 1323.5000000000002 3490.0000000000005 123.00000000000001 913.00000000000011 1372.5000000000002 1214.0000000000002 1604.5000000000002 31.500000000000004 1322.0000000000002 1500.0000000000002 1188.0000000000002 42.500000000000007 1.0000000180025095e-35 166.50000000000003 1542.0000000000002 6.5000000000000009 1.0000000180025095e-35 853.50000000000011 1.0000000180025095e-35 1.0000000180025095e-35 16.500000000000004 659.50000000000011 12.500000000000002
decision_type=2 2 2 2 2 2 2 2 2 2 2 2 2 2 2 2 2 2 2 2 2 2 2 2 2 2 2 2 2 2
left_child=1 2 3 7 5 18 20 9 16 12 11 -10 14 15 22 24 17 -3 19 -2 -5 -22 23 -1 -4 -21 27 28 29 -24
right_child=4 8 13 6 -6 -7 -8 -9 10 -11 -12 -13 -14 -15 -16 -17 -18 -19 -20 25 21 -23 26 -25 -26 -27 -28 -29 -30 -31
leaf_value=0.016313490563511161 0.036200669802332469 -0.050630007597850871 -0.039398323404875278 -0.054584567921754382 0.071592348908142325 0.056945056814144579 0.042942864728489467 0.060739659810977724 0.06949927203484918 -0.032770469745276538 -0.051534871859828114 -0.022212271936115302 0.05311609568998369 0.025296477169929499 -0.015866210841562308 0.00028046232079900361 -0.06692202757230617 -0.012456277355791171 -0.0016843847988017994 0.01479096004189303 -0.011080501080398958 -0.05851935247377911 0.0096824005980341125 0.081050416040114676 -0.056501302898787104 0.061536672381452918 0.038263926548674679 0.021787090052831155 0.015461351654564246 -0.029045756450660015
leaf_weight=34.6385338306427 81.292384505271912 141.3851605206728 96.891934558749199 81.838314354419708 129.44552424550056 99.876487165689468 10.352971643209456 34.360754907131195 8.9823506921529823 17.94881597161293 10.160633951425551 8.3644115626811963 21.560140624642372 6.5750224888324729 31.078737407922745 9.9824388027191144 59.775716498494148 18.12002994120121 26.497131913900375 114.25980789959431 25.233016341924667 17.799365758895874 26.172782883048058 11.15923750400543 90.927948042750359 6.3332105278968802 16.9632598310709 64.633920669555664 35.48122826218605 28.022694826126099
leaf_count=141 337 609 410 354 598 441 44 152 38 73 43 35 93 27 125 40 268 75 108 461 104 77 106 47 393 26 69 262 143 113
internal_value=1.22573e-05 -0.0219479 -0.0127803 0.000734344 0.0435921 0.0325321 -0.0395485 0.0176571 -0.0465106 0.0124916 -0.0030998 0.0254032 0.0155147 -0.0430015 0.0122277 -0.0452834 -0.0519523 -0.0463039 0.0218355 0.0249217 -0.0464167 -0.0307927 0.0162554 0.0322297 -0.0477039 0.0172949 0.0119677 0.00905402 -0.000137312 -0.0103593
internal_weight=1366.11 908.409 661.621 457.244 457.705 328.259 135.224 322.02 246.788 287.659 27.5074 17.3468 269.711 204.377 248.15 197.802 219.281 159.505 228.383 201.885 124.871 43.0324 217.072 45.7978 187.82 120.593 171.274 154.311 89.6767 54.1955
internal_count=5812 3841 2773 1903 1971 1373 579 1324 1068 1172 116 73 1099 870 1006 843 952 684 932 824 535 181 881 188 803 487 693 624 362 219
is_linear=0
shrinkage=0.05


Tree=10
num_leaves=31
num_cat=0
split_feature=9 4 1 5 6 2 7 2 2 5 4 3 5 5 2 12 4 1 3 3 11 0 0 12 12 1 5 6 4 2
split_gain=478.403 75.5 99.0219 112.528 54.6111 33.4964 32.2381 25.7346 21.579 16.5142 15.9229 15.0055 11.849 10.4419 9.97436 9.86045 8.89454 7.69466 7.36972 6.57497 6.23372 6.09029 6.03472 6.37095 5.81586 5.82916 5.59602 13.2001 5.57924 7.05036
threshold=1.0000000180025095e-35 266.50000000000006 299.00000000000006 331.00000000000006 1.0000000180025095e-35 2822.5000000000005 1.0000000180025095e-35 1781.5000000000002 2594.0000000000005 2077.5000000000005 2905.5000000000005 1933.5000000000002 626.50000000000011 11.500000000000002 1604.5000000000002 1.0000000180025095e-35 110.50000000000001 41.500000000000007 1322.0000000000002 619.50000000000011 1.0000000180025095e-35 23.500000000000004 42.500000000000007 1.0000000180025095e-35 1.0000000180025095e-35 419.50000000000006 1339.5000000000002 1.0000000180025095e-35 1808.0000000000002 1188.0000000000002
decision_type=2 2 2 2 2 2 2 2 2 2 2 2 2 2 2 2 2 2 2 2 2 2 2 2 2 2 2 2 2 2
left_child=1 2 3 7 6 26 22 11 28 -7 12 13 -10 15 18 20 -17 19 24 -15 -1 -22 23 -2 -4 -26 27 -5 29 -3
right_child=4 8 14 5 -6 9 -8 -9 10 -11 -12 -13 -14 17 -16 16 -18 -19 -20 -21 21 -23 -24 -25 25 -27 -28 -29 -30 -31
leaf_value=0.041388034997178413 0.034643899477837178 -0.049821487172697299 -0.030155314623664827 -0.045164051572844088 0.069946957331533041 0.065521832697403443 0.055118996794877022 0.065381970878589879 0.036443947579326813 -0.038851361291380088 -0.068723079577405324 0.07471657108880396 -0.033795559983212424 -0.012011134120415212 0.023321339386320347 0.011334109902965767 -0.039274417109840615 -0.041644544250867076 -0.0016643592863968553 0.030838511497617793 0.036885401557599291 -0.017214521888563376 -0.0016001336291261673 0.016465347076681548 -0.019560042236810966 -0.054740738090720435 -0.063996447880416904 0.027631071604922394 -0.066654712106888794 -0.013668421028629996
leaf_weight=46.47615259885788 80.717405870556831 149.63364836573601 42.983364373445511 82.643194973468781 125.95683780312538 10.81829744577408 98.075420826673508 24.861708134412766 16.63400220870972 5.7232182323932639 8.0777570307254773 9.2919409871101362 9.2704111784696561 28.007974520325661 5.6027892827987662 156.97274942696095 9.0930662751197797 13.589070320129393 9.7464857250452024 13.036639824509619 9.7550756484270114 10.92910400032997 26.502784490585327 120.36766774952412 13.172382593154905 123.71826636791229 32.834122344851494 6.6691062748432151 44.607988372445107 14.920424342155455
leaf_count=191 337 656 185 359 598 47 441 114 70 24 36 42 39 114 23 640 37 55 39 53 40 44 108 487 56 539 144 27 205 62
internal_value=1.37175e-05 -0.021076 -0.0122508 0.000397743 0.0419938 -0.0372403 0.0311641 0.0166146 -0.0448688 0.0293932 -0.00788758 0.0125138 0.011274 0.0104806 -0.0420846 0.0150886 0.00854103 -0.00918208 -0.0440284 0.0016407 0.0312419 0.0083548 0.0208215 0.023776 -0.0463217 -0.0513722 -0.0462807 -0.0397035 -0.0508705 -0.0465537
internal_weight=1350.69 899.069 655.925 460.701 451.62 138.688 325.663 322.013 243.144 16.5415 33.9822 297.152 25.9044 287.86 195.223 233.226 166.066 54.6337 189.62 41.0446 67.1603 20.6842 227.588 201.085 179.874 136.891 122.146 89.3123 209.162 164.554
internal_count=5812 3841 2773 1931 1971 601 1373 1330 1068 71 145 1216 109 1174 842 952 677 222 819 167 275 84 932 824 780 595 530 386 923 718
is_linear=0
shrinkage=0.05


Tree=11
num_leaves=31
num_cat=0
split_feature=9 4 1 5 6 7 2 2 2 5 3 5 2 3 4 2 4 6 2 5 0 12 4 0 0 1 3 1 7 0
split_gain=437.784 69.7831 90.7529 104.02 52.8192 30.3939 26.1524 25.3667 20.0553 13.7455 12.0666 10.746 10.7344 7.68759 7.01855 9.34363 6.78719 6.69408 5.77332 8.40784 5.48763 5.86963 5.47855 5.41432 5.27917 5.12451 6.50353 5.04466 4.97659 27.094
threshold=1.0000000180025095e-35 266.50000000000006 252.50000000000003 350.50000000000006 1.0000000180025095e-35 1.0000000180025095e-35 3871.0000000000005 1739.5000000000002 3490.0000000000005 60.500000000000007 1461.5000000000002 12.500000000000002 1604.5000000000002 1745.5000000000002 1447.5000000000002 1188.0000000000002 1372.5000000000002 1.0000000180025095e-35 166.50000000000003 1542.0000000000002 42.500000000000007 1.0000000180025095e-35 110.50000000000001 31.500000000000004 23.500000000000004 41.500000000000007 619.50000000000011 853.50000000000011 1.0000000180025095e-35 12.500000000000002
decision_type=2 2 2 2 2 2 2 2 2 2 2 2 2 2 2 2 2 2 2 2 2 2 2 2 2 2 2 2 2 2
left_child=1 2 3 7 5 20 18 10 14 -10 11 17 13 27 15 -3 -11 22 -5 -20 21 -2 28 -24 -19 26 -13 -4 -1 -30
right_child=4 8 12 6 -6 -7 -8 -9 9 16 -12 25 -14 -15 -16 -17 -18 24 19 -21 -22 -23 23 -25 -26 -27 -28 -29 29 -31
leaf_value=0.0094695348416616275 0.033163703579593522 -0.047131160550929897 -0.03568718173651008 -0.051072568562169018 0.068441634584759672 0.053394787762826773 0.040218629594636846 0.064036635453596932 0.04823203428242779 0.0036029483579426004 0.053989937454172902 -0.014688421509709877 0.023018281048258399 0.016167034516731019 -0.063129017217108327 -0.0078826562305022649 -0.057434491631577649 0.075682620223517905 -0.0094900648531667641 -0.054870933082590646 -0.001520113740560643 0.015670723748185612 -0.052047165664597328 0.017085155930230959 0.021973589417417377 -0.038500420283034992 0.029824693139653115 -0.052217034610292229 0.081879829561135875 -0.0027285698163726987
leaf_weight=153.74811874330044 80.12384195625782 136.00666533410549 97.422732472419739 79.369106724858284 122.38366717100143 96.230753168463707 10.127604305744169 25.32520866394043 8.8137454837560671 8.9065439403057116 16.048436790704727 28.737597867846489 6.5154906809329978 5.4813497662544242 59.335177585482597 17.115420520305634 9.1969770789146406 7.2607638835907009 25.019942238926888 17.200302511453629 26.508122220635414 120.15815515816212 6.4049010872840864 4.9478682428598404 12.425633475184439 12.578556552529333 11.369569256901739 90.078997030854225 15.10484194755554 25.035862684249878
leaf_count=624 337 603 420 354 598 441 44 119 38 38 73 117 27 22 278 71 40 32 104 77 108 487 26 20 51 51 46 401 64 101
internal_value=1.40952e-05 -0.0202459 -0.0117454 0.000684539 0.0404735 0.0298593 -0.0366798 0.0161198 -0.0433209 -0.00264975 0.0119671 0.00951923 -0.0398133 -0.0419455 -0.04847 -0.0427521 -0.0275506 0.0142793 -0.0431128 -0.028064 0.0198537 0.0226819 0.011595 -0.0220312 0.042065 -0.0107914 -0.00202706 -0.043652 0.0135743 0.0292337
internal_weight=1334.98 889.577 650.203 450.704 445.405 323.021 131.717 318.987 239.375 26.9173 293.662 277.614 199.499 192.983 212.457 153.122 18.1035 224.928 121.589 42.2202 226.79 200.282 205.242 11.3528 19.6864 52.6857 40.1072 187.502 193.889 40.1407
internal_count=5812 3841 2773 1903 1971 1373 579 1324 1068 116 1205 1132 870 843 952 674 78 918 535 181 932 824 835 46 83 214 163 821 789 165
is_linear=0
shrinkage=0.05


Tree=12
num_leaves=31
num_cat=0
split_feature=9 4 1 5 6 2 7 2 2 5 3 5 4 5 4 3 3 4 2 1 2 12 12 1 1 5 5 2 5 0
split_gain=400.763 64.4599 83.5428 91.3687 51.1922 30.2539 28.6851 24.8244 18.6131 16.1981 13.1498 12.614 12.5144 11.5381 7.19526 8.49246 6.95673 6.93216 8.84626 6.79699 6.70383 6.87261 5.79585 5.68706 5.61945 5.56782 5.50663 6.19258 7.55492 5.39672
threshold=1.0000000180025095e-35 266.50000000000006 414.50000000000006 338.50000000000006 1.0000000180025095e-35 2891.0000000000005 1.0000000180025095e-35 1781.5000000000002 3490.0000000000005 1902.5000000000002 1933.5000000000002 913.00000000000011 1372.5000000000002 85.500000000000014 31.500000000000004 970.50000000000011 1322.0000000000002 924.00000000000011 1286.5000000000002 103.50000000000001 1323.5000000000002 1.0000000180025095e-35 1.0000000180025095e-35 1281.5000000000002 41.500000000000007 11.500000000000002 872.50000000000011 138.50000000000003 483.50000000000006 36.500000000000007
decision_type=2 2 2 2 2 2 2 2 2 2 2 2 2 2 2 2 2 2 2 2 2 2 2 2 2 2 2 2 2 2
left_child=1 2 3 7 6 26 -2 10 17 -7 13 12 -10 14 19 -16 20 18 -3 22 21 23 25 -4 -15 -1 27 -5 -29 -21
right_child=4 8 16 5 -6 9 -8 -9 11 -11 -12 -13 -14 24 15 -17 -18 -19 -20 29 -22 -23 -24 -25 -26 -27 -28 28 -30 -31
leaf_value=0.035763129288987526 0.01893265582751023 -0.043670355579755758 -0.014395026428246039 -0.042793049347338977 0.067059397670844706 0.071779028383411048 0.051760126003901702 0.062416540421213466 0.065240684678596048 -0.030881097356282184 0.067851614840943861 -0.047279525699822161 -0.020393048491555956 -0.0081268062197475503 -0.018789245093940941 0.050667669034266151 0.0015962305479257266 -0.058279329568056849 0.0020491220981013751 -0.022043323638221125 0.014224722617381612 -0.051122291002535902 0.012296745473280211 -0.059119602691700461 -0.05706866709111378 -0.016215094817916383 -0.055489019804408846 -0.040092729297957964 0.023467219827920091 0.023833050407939912
leaf_weight=53.784199982881546 225.97458533942699 115.81893070042133 26.980122953653336 51.44983446598053 118.75507968664169 9.389896944165228 94.357486724853516 24.108704254031181 8.6654069721698814 6.381104350090026 9.3751021623611432 9.8386665135622007 8.2408900558948499 20.852635473012928 31.977306351065636 5.0031050592660895 8.9884104132652265 81.483259722590446 11.633353650569914 20.62755045294762 4.823720932006835 120.63478422164917 146.82009544968605 9.6006778776645643 8.0837241858243924 5.6396841108798972 52.011916399002075 9.454126104712488 9.062976121902464 9.1869616657495481
leaf_count=223 932 520 118 232 598 42 441 116 38 27 44 43 35 85 130 21 36 384 48 85 20 542 602 43 34 23 234 40 38 38
internal_value=1.56684e-05 -0.019453 -0.0112644 -0.000437489 0.0390259 -0.0347088 0.0286155 0.0136415 -0.0418225 0.0303089 0.00984591 -0.00253792 0.0236245 0.0080232 0.0112065 -0.00928107 -0.0412032 -0.0468475 -0.0394989 0.0144186 -0.0435768 -0.0453582 0.0176435 -0.0262622 -0.0219488 0.0308111 -0.0431331 -0.0338818 -0.00902511 -0.00787469
internal_weight=1319 879.917 644.237 473.209 439.087 137.75 320.332 335.459 235.681 15.771 311.35 26.745 16.9063 301.975 273.039 36.9804 171.028 208.936 127.452 236.058 162.039 157.216 206.244 36.5808 28.9364 59.4239 121.979 69.9669 18.5171 29.8145
internal_count=5812 3841 2773 2014 1971 613 1373 1401 1068 69 1285 116 73 1241 1122 151 759 952 568 971 723 703 848 161 119 246 544 310 78 123
is_linear=0
shrinkage=0.05


Tree=13
num_leaves=31
num_cat=0
split_feature=9 4 1 5 6 2 7 6 2 4 5 5 3 3 4 1 3 3 2 12 1 5 2 2 2 4 0 12 8 0
split_gain=366.949 59.6292 76.6961 83.5908 49.7346 34.5132 27.1167 21.6682 17.2869 17.2108 16.1358 12.4739 11.015 8.49822 6.93959 8.05952 8.22275 6.46381 6.23585 6.21954 6.31095 5.8963 5.82133 5.19872 5.13434 7.88349 5.00991 5.46311 4.96477 4.89482
threshold=1.0000000180025095e-35 266.50000000000006 414.50000000000006 247.50000000000003 1.0000000180025095e-35 2891.0000000000005 1.0000000180025095e-35 1.0000000180025095e-35 2016.0000000000002 1110.5000000000002 1902.5000000000002 800.50000000000011 1276.5000000000002 1359.5000000000002 57.500000000000007 103.50000000000001 702.50000000000011 1322.0000000000002 607.00000000000011 1.0000000180025095e-35 1281.5000000000002 913.00000000000011 166.50000000000003 954.50000000000011 3871.0000000000005 2992.5000000000005 42.500000000000007 1.0000000180025095e-35 1.0000000180025095e-35 1.0000000180025095e-35
decision_type=2 2 2 2 2 2 2 2 2 2 2 2 2 2 2 2 2 2 2 2 2 2 2 2 2 2 2 2 2 2
left_child=1 2 3 7 6 13 26 12 -3 11 -7 -10 14 21 15 23 18 19 -17 20 -4 22 -5 29 -11 -26 27 -2 -29 -1
right_child=4 8 17 5 -6 10 -8 -9 9 24 -12 -13 -14 -15 -16 16 -18 -19 -20 -21 -22 -23 -24 -25 25 -27 -28 28 -30 -31
leaf_value=0.036757187945920852 0.030951612439384019 -0.046619278221421943 -0.012278026739479891 -0.043041568210708231 0.065785793683256072 0.069745553817359016 0.050204518450867645 0.048941470452757714 0.053418856244847691 -0.06858901631326525 -0.029392346148463002 -0.032332076696983063 0.044906033142991304 0.025066320358535139 -0.017106724086266557 -0.040214861518072839 0.028954462017208079 0.001517257617202145 0.018507554548082183 -0.04756215918065642 -0.058984472715649688 -0.057912666013610427 -0.01224020155121924 0.043960927160329705 0.019645269533376905 -0.062490084948180917 -0.0023918742854309068 0.011592174868139253 0.057225810468788288 0.008346742090594066
leaf_weight=16.531912326812744 79.154499858617783 192.10297282040119 28.31215912103653 59.061075061559677 115.09623971581459 11.19962126016617 92.468626320362091 38.481449797749519 12.402404576539995 9.4231490343809146 6.3743299990892401 6.3364837914705268 19.779681816697121 4.6679222732782355 28.17406752705574 20.222088903188709 8.6051346957683545 8.9886354058980924 5.7498093247413626 121.67281827330589 9.6506104171276075 44.19887538254261 20.8459113240242 12.554195046424864 6.1820852160453779 5.3792478144168854 26.448322281241417 113.46603621542454 6.2009391486644736 173.17501854896545
leaf_count=70 337 893 124 269 598 52 441 176 54 43 27 27 90 20 116 84 35 36 24 555 44 203 88 55 26 25 108 461 26 705
internal_value=1.59979e-05 -0.0186991 -0.010807 -0.000418675 0.0376321 -0.0317582 0.0274164 0.0137743 -0.0404127 -0.010356 0.0338239 0.0244048 0.00900701 -0.0407276 0.00631169 0.00910357 -0.0131768 -0.0397214 -0.0271934 -0.042043 -0.0242752 -0.0432205 -0.0350315 0.0129171 -0.0413654 -0.0187788 0.0180442 0.0207625 0.0140026 0.0108406
internal_weight=1302.91 870.072 638.245 469.621 432.835 146.348 317.738 323.273 231.826 39.7234 17.574 18.7389 284.792 128.774 265.012 236.838 34.577 168.624 25.9719 159.636 37.9628 124.106 79.907 202.261 20.9845 11.5613 225.27 198.821 119.667 189.707
internal_count=5812 3841 2773 2014 1971 659 1373 1355 1068 175 79 81 1179 580 1089 973 143 759 108 723 168 560 357 830 94 51 932 824 487 775
is_linear=0
shrinkage=0.05


Tree=14
num_leaves=31
num_cat=0
split_feature=9 4 1 5 6 2 7 2 2 4 5 5 3 3 4 1 5 2 3 4 12 4 2 4 3 2 0 8 2 5
split_gain=336.154 55.2007 70.3705 76.5426 48.3403 38.1825 25.6191 19.2387 15.995 16.8836 13.6186 12.2242 10.4662 10.2701 8.98123 7.25202 7.04524 8.68274 6.85912 6.15265 6.06808 5.56151 5.12551 7.30316 4.81881 4.9074 4.74019 4.89132 4.61621 4.5927
threshold=1.0000000180025095e-35 266.50000000000006 414.50000000000006 130.50000000000003 1.0000000180025095e-35 3203.0000000000005 1.0000000180025095e-35 1781.5000000000002 1852.0000000000002 1110.5000000000002 1902.5000000000002 800.50000000000011 1379.5000000000002 1276.5000000000002 49.500000000000007 103.50000000000001 872.50000000000011 549.50000000000011 702.50000000000011 8.5000000000000018 1.0000000180025095e-35 7.5000000000000009 3871.0000000000005 2992.5000000000005 1322.0000000000002 1108.5000000000002 1.0000000180025095e-35 1.0000000180025095e-35 449.50000000000006 1678.5000000000002
decision_type=2 2 2 2 2 2 2 2 2 2 2 2 2 2 2 2 2 2 2 2 2 2 2 2 2 2 2 2 2 2
left_child=1 2 3 7 6 12 26 13 29 11 -7 -10 16 14 15 -1 17 21 28 -19 -4 -5 -11 -24 25 -22 -2 -28 -17 -3
right_child=4 8 20 5 -6 10 -8 -9 9 22 -12 -13 -14 -15 -16 18 -18 19 -20 -21 24 -23 23 -25 -26 -27 27 -29 -30 -31
leaf_value=0.01512803356470975 0.051485371174109729 -0.042772548154586004 -0.021201191754193716 -0.028210832991770043 0.064608442712047034 0.070275745080229116 0.048718969122917621 0.065648006285230015 0.050798304263423188 -0.067084817532901103 -0.022916838435417052 -0.032668438660405731 0.034191993370238254 0.045475799569436176 -0.01809471567770567 -0.040823082959944842 -0.05472904703848306 -0.026656935247176623 0.027506176102240151 0.037217534405185368 -0.048002235326891435 -0.057493484662632155 0.018668754853744328 -0.060878803487538824 -0.0024823734854114133 0.0041925259007801873 0.013905916066700569 0.048242873177612638 0.0055697021424113919 -0.070545434736344198
leaf_weight=208.48052926361561 9.5737878382205945 170.43245160579681 39.914863169193268 48.477262169122696 111.42883637547493 12.10839803516865 90.575376212596893 17.09543114900589 12.983585134148599 10.064590483903887 5.7151560485362998 6.5162196755409232 4.9062796235084525 20.220534980297089 28.114455595612526 15.095149829983717 49.413218826055527 7.8431418240070325 8.6104217469692212 7.0772062093019485 114.99462179839611 24.622732147574425 6.1853232830762845 5.2514414638280869 6.7426390051841727 4.6707351803779593 203.99210192263126 10.849871307611464 8.2521678656339628 16.528448641300201
leaf_count=859 40 805 177 219 598 59 441 86 57 47 24 28 21 94 115 63 231 33 35 30 535 111 26 25 27 20 846 46 34 80
internal_value=1.69311e-05 -0.0179749 -0.0103674 -0.000400647 0.0363118 -0.0283931 0.0262845 0.0142616 -0.039064 -0.0107505 0.0404322 0.022882 -0.0370336 0.0111979 0.00860098 0.0117287 -0.0395993 -0.0310532 -0.010425 0.00368687 -0.0382769 -0.0381394 -0.0412169 -0.0180683 -0.0436477 -0.0459632 0.0172122 0.0156616 -0.0244716 -0.0452642
internal_weight=1286.74 860.317 632.355 466.032 426.42 160.163 314.991 305.869 227.962 41.0012 17.8236 19.4998 142.34 288.773 268.553 240.438 137.434 88.0203 31.9577 14.9203 166.323 73.1 21.5014 11.4368 126.408 119.665 224.416 214.842 23.3473 186.961
internal_count=5812 3841 2773 2014 1971 728 1373 1286 1068 183 83 85 645 1200 1106 991 624 393 132 63 759 330 98 51 582 555 932 892 97 885
is_linear=0
shrinkage=0.05


Tree=15
num_leaves=31
num_cat=0
split_feature=9 1 4 5 6 7 2 2 2 5 3 4 4 2 5 5 12 5 0 7 13 3 10 2 0 7 2 0 5 5
split_gain=307.984 51.2101 65.2589 73.3339 47.0645 24.2301 21.8569 17.7796 17.5964 14.2441 11.6184 11.2616 9.95104 9.28175 9.30402 8.74115 6.83427 6.22645 5.84251 14.4448 6.06496 5.61271 8.2719 9.61264 9.77791 8.71991 5.55017 5.29142 4.78898 6.08707
threshold=1.0000000180025095e-35 357.00000000000006 205.50000000000003 338.50000000000006 1.0000000180025095e-35 1.0000000180025095e-35 1323.5000000000002 2891.0000000000005 3871.0000000000005 1902.5000000000002 1933.5000000000002 2992.5000000000005 1808.0000000000002 763.50000000000011 13.500000000000002 123.00000000000001 1.0000000180025095e-35 913.00000000000011 7.5000000000000009 1.0000000180025095e-35 1.0000000180025095e-35 659.50000000000011 1.0000000180025095e-35 5.5000000000000009 12.500000000000002 1.0000000180025095e-35 1372.5000000000002 45.500000000000007 955.00000000000011 532.50000000000011
decision_type=2 2 2 2 2 2 2 2 2 2 2 2 2 2 2 2 2 2 2 2 2 2 2 2 2 2 2 2 2 2
left_child=1 2 3 6 5 -2 10 -5 12 -9 15 17 13 28 -15 18 -3 -10 19 -1 21 22 23 24 -20 -26 -18 -23 29 -4
right_child=4 16 8 7 -6 -7 -8 9 11 -11 -12 -13 -14 14 -16 -17 26 -19 20 -21 -22 27 -24 -25 25 -27 -28 -29 -30 -31
leaf_value=0.010448681690268795 0.016409825971806537 -0.022779153404092714 -0.038117905485481114 -0.038623846438490331 0.063516671235933131 0.047295734229533426 0.05493558478057569 0.066165520407919856 0.05317423153928072 -0.036563690433401103 0.068516244878631963 -0.058458574625316999 -0.061416149081664831 0.036561838144570973 -0.025176315850244452 -0.025958045725568746 -0.045822191955128377 -0.0084944882497454393 0.0053404195175728777 0.075040036896778572 0.058981144800146573 0.011025499970584987 0.033429623787298107 0.0068547281437361706 -0.022088881097294094 -0.080112835471802993 0.0095175605082458564 0.051085450916264999 -0.069945367935404471 0.022797380318259033
leaf_weight=37.45393069088459 223.68092982470989 49.570324942469597 100.30402711033821 110.67102038860321 107.77148452401161 88.687370091676712 28.608123809099197 7.7119942307472211 10.000447124242788 5.8541097193956375 7.9176735728979102 4.7130579352378836 38.0318833142519 8.3985129743814486 21.564439103007317 18.193382620811462 151.21586093306541 6.8409396111965171 21.229402437806129 11.174396798014639 5.2088885009288779 54.903674110770226 15.683981224894522 72.926149979233742 23.427481412887573 8.9163735806941968 4.6383028775453559 9.6213384419679624 11.330460160970686 4.2128944694995871
leaf_count=155 932 224 473 516 598 441 142 37 45 25 40 23 196 36 96 76 710 30 87 50 22 227 65 299 96 36 20 40 55 20
internal_value=1.72887e-05 -0.0172869 -0.0103584 0.000516545 0.035035 0.0251913 0.0133379 -0.0320035 -0.0336173 0.0218922 0.00916875 0.00908632 -0.0386263 -0.0326439 -0.00780727 0.00745899 -0.039022 0.0282222 0.0098015 0.0254148 0.00620845 0.00485074 -0.000702036 -0.0049569 -0.0210182 -0.0382822 -0.0441702 0.0170687 -0.0390554 -0.0356431
internal_weight=1270.46 850.323 644.899 439.502 420.14 312.368 315.265 124.237 205.397 13.5661 286.657 21.5544 183.842 145.81 29.963 278.739 205.424 16.8414 260.546 48.6283 211.917 206.708 142.183 126.499 53.5733 32.3439 155.854 64.525 115.847 104.517
internal_count=5812 3841 2887 1913 1971 1373 1335 578 974 62 1193 98 876 680 132 1153 954 75 1077 205 872 850 583 518 219 132 730 267 548 493
is_linear=0
shrinkage=0.05


Tree=16
num_leaves=31
num_cat=0
split_feature=9 4 1 5 6 2 7 2 2 4 5 5 3 3 5 2 4 3 1 3 2 11 12 3 0 7 4 4 0 5
split_gain=282.124 48.0175 59.0278 63.9909 45.8709 32.7787 22.9283 17.3619 13.6915 14.8967 11.909 10.7843 9.59391 9.28482 6.69958 7.73228 5.93876 8.31303 6.14953 5.86909 5.79354 6.57138 5.75559 5.7247 7.89287 11.6085 5.47219 5.34539 5.2034 5.0667
threshold=1.0000000180025095e-35 266.50000000000006 414.50000000000006 130.50000000000003 1.0000000180025095e-35 3203.0000000000005 1.0000000180025095e-35 1781.5000000000002 1852.0000000000002 1110.5000000000002 1902.5000000000002 800.50000000000011 1379.5000000000002 1933.5000000000002 872.50000000000011 549.50000000000011 31.500000000000004 980.50000000000011 65.500000000000014 1322.0000000000002 1323.5000000000002 1.0000000180025095e-35 1.0000000180025095e-35 109.50000000000001 7.5000000000000009 1.0000000180025095e-35 8.5000000000000018 7.5000000000000009 27.500000000000004 11.500000000000002
decision_type=2 2 2 2 2 2 2 2 2 2 2 2 2 2 2 2 2 2 2 2 2 2 2 2 2 2 2 2 2 2
left_child=1 2 3 7 6 12 -2 13 -3 11 -7 -10 14 16 15 27 18 -18 22 20 21 -4 29 24 25 -24 -17 -5 -20 -1
right_child=4 8 19 5 -6 10 -8 -9 9 -11 -12 -13 -14 -15 -16 26 17 -19 28 -21 -22 -23 23 -25 -26 -27 -28 -29 -30 -31
leaf_value=0.03363643435105447 0.015639609566360398 -0.042523696935288194 -0.042519076269605771 -0.025581053932836592 0.062501205350307329 0.067845221437068545 0.045928148968683982 0.06333829466451478 0.04823509875879213 -0.039323544958243382 -0.020156452268587723 -0.03077832959959418 0.033845350736279894 0.062010317573802133 -0.052010536986807104 -0.024501442588392725 -0.017908919685695305 0.052786417953352184 -0.025883759317503877 0.0037808128706002249 0.015757601035882609 -0.0022135599667716752 0.0064205926278472596 0.0254315387861688 -0.006552548096526562 0.073093401990350679 0.036023457048767582 -0.054683814566166701 0.010979996353916301 -0.0161628813264229
leaf_weight=50.63928247988224 222.98493759334087 180.43428336083889 136.85088512301445 47.409437909722328 104.14010792970657 11.4586738049984 86.812841936945915 16.15263868868351 12.700109317898752 20.825303733348846 5.7034873366355887 6.4342924058437339 4.8870256245136252 8.2986332774162275 47.672222658991814 7.7498298138380033 34.43645054101944 4.629822000861167 18.380089372396469 8.9777554720640165 4.8429496288299552 10.931210860610006 27.149032533168793 41.616124764084816 67.649962246417999 8.5051894783973676 7.0252848118543625 23.85580675303936 19.774374157190323 5.620172679424285
leaf_count=214 932 885 654 219 598 59 441 86 57 98 24 28 21 43 231 33 141 20 77 36 20 49 112 172 277 39 30 111 82 23
internal_value=1.89929e-05 -0.0166193 -0.00949269 -0.000334054 0.0338033 -0.0263672 0.0241393 0.0130595 -0.0366611 -0.0101488 0.0386523 0.0216435 -0.0344403 0.0102057 -0.0369595 -0.0285695 0.0086398 -0.00941729 0.0115899 -0.0354677 -0.0377774 -0.0395413 0.0150792 0.00979799 0.00348151 0.0224851 0.0043257 -0.0353861 -0.00679956 0.0286418
internal_weight=1254.55 840.61 620.216 458.614 413.938 155.762 309.798 302.852 220.394 39.9597 17.1622 19.1344 138.6 286.699 133.713 86.0404 278.401 39.0663 239.334 161.603 152.625 147.782 201.18 144.92 103.304 35.6542 14.7751 71.2652 38.1545 56.2595
internal_count=5812 3841 2773 2014 1971 728 1373 1286 1068 183 83 85 645 1200 624 393 1157 161 996 759 723 703 837 600 428 151 63 330 159 237
is_linear=0
shrinkage=0.05


Tree=17
num_leaves=31
num_cat=0
split_feature=9 6 4 1 5 2 7 6 2 5 5 3 3 4 2 5 2 3 7 4 4 7 5 2 0 0 3 0 12 5
split_gain=258.488 44.732 44.4231 54.2268 58.5144 30.1026 21.6953 16.4762 12.9881 11.1978 10.3693 8.80261 7.93265 7.02752 7.72982 6.39992 7.44035 5.45169 5.51448 5.02289 4.98852 4.98345 4.88253 4.75101 8.32684 5.39843 7.12467 5.87784 4.71757 4.50602
threshold=1.0000000180025095e-35 1.0000000180025095e-35 266.50000000000006 414.50000000000006 130.50000000000003 3203.0000000000005 1.0000000180025095e-35 1.0000000180025095e-35 3490.0000000000005 1902.5000000000002 60.500000000000007 1379.5000000000002 1933.5000000000002 1808.0000000000002 1188.0000000000002 913.00000000000011 549.50000000000011 1322.0000000000002 1.0000000180025095e-35 7.5000000000000009 1372.5000000000002 1.0000000180025095e-35 605.50000000000011 781.50000000000011 43.500000000000007 1.0000000180025095e-35 659.50000000000011 45.500000000000007 1.0000000180025095e-35 955.00000000000011
decision_type=2 2 2 2 2 2 2 2 2 2 2 2 2 2 2 2 2 2 2 2 2 2 2 2 2 2 2 2 2 2
left_child=2 6 3 4 7 11 28 12 13 -7 -10 15 23 14 21 16 19 18 -5 -6 -12 29 -16 25 -25 -1 -27 -28 -2 -4
right_child=1 -3 8 17 5 9 -8 -9 10 -11 20 -13 -14 -15 22 -17 -18 -19 -20 -21 -22 -23 -24 24 -26 26 27 -29 -30 -31
leaf_value=0.032334223937691399 0.023961382447727594 0.061553984098593022 -0.031126963794758145 -0.027759684420505887 -0.025562806576927957 0.066640589981416462 0.044610457965875407 0.046221155260542268 0.044338619177340659 -0.019184245091295193 0.0033978000304110095 0.032100049621642833 0.060064085155606843 -0.058562361015167798 0.015226938875687275 -0.051788680684336501 0.0035169479635901793 0.0035933425744492792 -0.047096388340915299 -0.053450405251565081 -0.0505651191183972 -0.060591309200126231 -0.038186472598048055 0.03658988030528456 -0.027877058864561374 -0.0039429761712605179 0.0093530858488193504 0.049975116243519045 0.0090386598895527033 -0.063834582830347944
leaf_weight=16.018290460109711 87.268971845507622 100.5482065975666 98.951311945915222 82.721169337630272 50.37956365942955 11.093583166599275 84.958790302276611 32.214451014995575 8.1609660685062426 5.6981045305728903 8.4556969106197375 4.9001800566911689 7.1397996544837943 39.985039100050926 11.584542959928514 41.968544840812683 15.426180884242056 8.9790153056383115 67.51943551003933 23.973549053072929 8.5536279231309873 22.499100640416145 6.6516800671815863 26.961248561739922 6.068719193339347 144.91581170260906 57.460402190685272 10.455633416771887 135.02822548151016 11.823548898100851
leaf_count=70 378 598 485 392 236 59 441 155 38 24 38 21 38 217 49 208 66 36 331 114 40 111 30 117 26 597 239 44 554 60
internal_value=2.12393e-05 0.0326171 -0.0159853 -0.00911273 -0.00031677 -0.0254396 0.0231307 0.0124842 -0.0354448 0.0375756 -0.00167079 -0.0332049 0.00842866 -0.0398809 -0.0349153 -0.0356563 -0.0280658 -0.0342148 -0.0364753 -0.0346143 -0.0238759 -0.0390902 -0.00435766 0.0069985 0.0246967 0.00443444 0.00232043 0.0156711 0.0149051 -0.0346724
internal_weight=1238.36 407.804 830.559 613.894 454.674 153.44 307.256 301.234 216.666 16.7917 25.1703 136.648 269.02 191.495 151.51 131.748 89.7793 159.22 150.241 74.3531 17.0093 133.274 18.2362 261.88 33.03 228.85 212.832 67.916 222.297 110.775
internal_count=5812 1971 3841 2773 2014 728 1373 1286 1068 83 116 645 1131 952 735 624 416 759 723 350 78 656 79 1093 143 950 880 283 932 545
is_linear=0
shrinkage=0.05


Tree=18
num_leaves=31
num_cat=0
split_feature=9 6 4 1 5 7 2 2 2 5 3 5 2 4 5 2 12 11 0 3 7 0 1 5 2 6 3 0 0 1
split_gain=236.87 43.6153 41.1911 49.8805 55.1895 20.5119 17.0274 16.4249 12.0865 10.0831 9.48074 9.45247 7.03645 6.9194 6.76066 6.56263 5.88215 5.8061 5.67471 5.1963 4.75852 20.7459 14.1633 5.59154 4.8445 7.4787 6.47498 5.89165 4.69116 6.83348
threshold=1.0000000180025095e-35 1.0000000180025095e-35 266.50000000000006 252.50000000000003 338.50000000000006 1.0000000180025095e-35 2822.5000000000005 1323.5000000000002 3490.0000000000005 2077.5000000000005 1933.5000000000002 60.500000000000007 1604.5000000000002 924.00000000000011 2.5000000000000004 807.00000000000011 1.0000000180025095e-35 1.0000000180025095e-35 23.500000000000004 1745.5000000000002 1.0000000180025095e-35 12.500000000000002 4.5000000000000009 1.0000000180025095e-35 12.500000000000002 1.0000000180025095e-35 96.500000000000014 23.500000000000004 40.500000000000007 394.00000000000006
decision_type=2 2 2 2 2 2 2 2 2 2 2 2 2 2 2 2 2 2 2 2 2 2 2 2 2 2 2 2 2 2
left_child=2 5 3 4 7 -2 -6 10 13 -8 14 -10 19 15 16 28 17 -1 -19 -5 23 -22 -23 24 25 -18 -26 -27 -4 -30
right_child=1 -3 8 12 6 -7 9 -9 11 -11 -12 -13 -14 -15 -16 -17 20 18 -20 -21 21 22 -24 -25 26 27 -28 -29 29 -31
leaf_value=0.035163569375473776 0.014211920485348235 0.060667907888629857 -0.041250854259982539 -0.034064664093505732 -0.03504030836601723 0.043337666662661326 0.05583689670478359 0.048438793918119116 0.042523094058344701 -0.029639653172001863 0.06515530978326016 -0.02287507338380973 0.020670478442144105 -0.050896258059331102 -0.0070483102903612363 -0.00085622880994172784 -0.016947851740800365 0.030254885249357162 -0.025849266540498735 0.01531979368224709 0.076075201084482236 -0.045730789090816362 0.03142151826553069 0.045345621149530529 -0.0021729777643206827 0.070338236282333641 0.045664761573732095 0.00147859141222741 0.00066771637206199878 -0.067691079865071418
leaf_weight=40.30530521273613 221.52191524207592 97.007204294204712 79.86332780122757 170.12662635743618 105.70420084893703 83.131129458546638 8.8170549869537336 27.828392282128334 8.0900272876024264 5.5464593172073355 7.023744970560073 16.882360398769379 6.3801211267709723 71.514308124780655 67.100731074810028 15.582316190004347 58.891283363103867 8.5209093689918536 9.3450570404529554 5.4449194073677054 11.668621867895125 11.201013132929804 12.461278349161146 6.5154762566089621 20.335942730307583 4.4480030685663214 10.739300191402434 9.8134203851222974 16.372132390737537 4.6062442064285269
leaf_count=172 932 598 396 821 517 441 45 148 38 24 39 78 27 384 277 68 240 36 38 22 53 45 52 27 83 21 45 41 81 23
internal_value=2.12316e-05 0.0314815 -0.0153697 -0.00874112 0.000615524 0.0221711 -0.0281013 0.0118816 -0.0342925 0.0228535 0.0082109 -0.00160365 -0.0306496 -0.0386328 0.00671345 -0.0310627 0.0112358 0.0246686 0.000928245 -0.0325253 0.00587327 0.0218225 -0.00513881 0.000769833 -0.00205747 -0.00908115 0.0144527 0.0232955 -0.0357249 -0.0145918
internal_weight=1222.79 401.66 821.129 608.218 426.266 304.653 120.068 306.198 212.911 14.3635 278.37 24.9724 181.952 187.938 271.346 116.424 204.246 58.1713 17.866 175.572 146.074 35.3309 23.6623 110.743 104.228 73.1527 31.0752 14.2614 100.842 20.9784
internal_count=5812 1971 3841 2773 1903 1373 586 1317 1068 69 1169 116 870 952 1130 568 853 246 74 843 607 150 97 457 430 302 128 62 500 104
is_linear=0
shrinkage=0.05


Tree=19
num_leaves=31
num_cat=0
split_feature=9 6 4 1 5 2 7 2 2 5 4 3 3 4 2 5 5 5 2 12 4 3 1 12 3 0 7 4 4 0
split_gain=216.978 42.5555 38.1294 46.0637 49.4616 25.7946 19.3993 15.3056 11.3482 10.0601 9.60465 8.08091 7.76276 7.23932 7.37296 7.1455 6.68268 6.10598 6.60482 5.42752 5.28497 7.34597 5.07899 4.85776 5.05035 6.85825 10.0637 4.85521 4.72702 4.65693
threshold=1.0000000180025095e-35 1.0000000180025095e-35 266.50000000000006 414.50000000000006 130.50000000000003 3203.0000000000005 1.0000000180025095e-35 1781.5000000000002 4004.5000000000005 1902.5000000000002 2992.5000000000005 1379.5000000000002 1933.5000000000002 924.00000000000011 807.00000000000011 1510.5000000000002 913.00000000000011 913.00000000000011 549.50000000000011 1.0000000180025095e-35 31.500000000000004 980.50000000000011 65.500000000000014 1.0000000180025095e-35 109.50000000000001 7.5000000000000009 1.0000000180025095e-35 7.5000000000000009 61.500000000000007 27.500000000000004
decision_type=2 2 2 2 2 2 2 2 2 2 2 2 2 2 2 2 2 2 2 2 2 2 2 2 2 2 2 2 2 2
left_child=2 6 3 4 7 11 -2 12 13 -7 16 17 20 14 -4 -16 -10 18 27 -5 22 -22 23 -1 25 26 -25 -6 -21 -24
right_child=1 -3 8 19 5 9 -8 -9 10 -11 -12 -13 -14 -15 15 -17 -18 -19 -20 28 21 -23 29 24 -26 -27 -28 -29 -30 -31
leaf_value=0.026078601751649905 0.013543311280714213 0.059836742986001945 -0.034507355470397842 -0.015445896944769864 -0.023278962558874228 0.06474002391777485 0.042105466886807358 0.060713915642566285 0.050374802851602132 -0.017520797764480379 -0.056684208642522188 0.031666408354033365 0.058492741434662501 -0.049270618394207842 0.018549313195788258 -0.051939195758167224 -0.019726692238191044 -0.049482561140054504 0.0038703064130172059 -0.041322611358367081 -0.017497073989467798 0.049539906285447459 -0.024556428512854892 0.0059444429901564268 0.023397230619329894 -0.0066346383342804072 0.069560627365241282 -0.051101268908763889 -0.012414531319416154 0.010414001195601406
leaf_weight=55.403375640511513 220.85742126405239 93.526626765727997 99.244111150503159 38.143525436520576 49.270026475191116 10.442969202995302 81.334801107645035 14.911275908350943 8.9449252933263796 5.6853693425655356 4.8396208286285392 4.8817708492279044 7.5786539316177359 72.632009074091911 13.560473740100862 4.7795606553554526 5.3771911412477484 40.419219434261322 15.321429610252379 100.13508443534374 34.319646164774895 4.5397548079490653 18.259452149271965 27.006636291742325 41.254755675792694 67.388636291027069 7.9844854474067679 23.16800731420517 16.589092671871185 19.687567189335823
leaf_count=237 932 598 500 177 236 59 441 86 41 24 25 21 43 397 59 22 24 208 66 500 141 20 77 112 172 277 39 114 82 82
internal_value=2.41381e-05 0.0303767 -0.014774 -0.00838253 -0.000246927 -0.0237437 0.0212422 0.0115072 -0.0331496 0.0358131 0.00350908 -0.0309841 0.00889787 -0.0368424 -0.0291301 -2.60576e-06 0.0241011 -0.0333931 -0.0259349 -0.0318768 0.00751458 -0.00955841 0.010317 0.0135121 0.00865011 0.00269061 0.0206176 -0.0322356 -0.0372283 -0.00643348
internal_weight=1207.49 395.719 811.769 602.391 447.523 149.189 302.192 298.334 209.378 16.1283 19.1617 133.06 283.423 190.216 117.584 18.34 14.3221 128.179 87.7595 154.868 275.844 38.8594 236.985 199.038 143.635 102.38 34.9911 72.438 116.724 37.947
internal_count=5812 1971 3841 2773 2014 728 1373 1286 1068 83 90 645 1200 978 581 81 65 624 416 759 1157 161 996 837 600 428 151 350 582 159
is_linear=0
shrinkage=0.05


Tree=20
num_leaves=31
num_cat=0
split_feature=9 6 4 1 5 2 7 2 2 4 5 5 3 3 5 2 12 6 2 4 3 4 0 12 4 0 4 8 0 0
split_gain=198.797 41.5225 35.3603 42.2319 45.2339 23.6986 18.3392 14.4939 10.6369 12.1126 10.9544 9.49638 7.41148 7.31423 5.83864 5.80417 5.09932 4.9614 4.89391 4.87578 4.82071 4.63451 4.63297 4.884 4.62906 4.60688 7.7337 4.45031 4.65738 10.7323
threshold=1.0000000180025095e-35 1.0000000180025095e-35 266.50000000000006 414.50000000000006 130.50000000000003 3203.0000000000005 1.0000000180025095e-35 1781.5000000000002 1286.5000000000002 2582.0000000000005 718.50000000000011 1902.5000000000002 1379.5000000000002 1933.5000000000002 872.50000000000011 549.50000000000011 1.0000000180025095e-35 1.0000000180025095e-35 3871.0000000000005 8.5000000000000018 1890.5000000000002 7.5000000000000009 42.500000000000007 1.0000000180025095e-35 1016.0000000000001 24.500000000000004 80.500000000000014 1.0000000180025095e-35 3.5000000000000004 9.5000000000000018
decision_type=2 2 2 2 2 2 2 2 2 2 2 2 2 2 2 2 2 2 2 2 2 2 2 2 2 2 2 2 2 2
left_child=2 6 3 4 7 12 22 13 20 10 18 -7 14 17 15 21 -5 -1 24 -17 -4 -6 23 -2 -10 26 -18 28 -25 -30
right_child=1 -3 8 16 5 11 -8 -9 9 -11 -12 -13 -14 -15 -16 19 25 -19 -20 -21 -22 -23 -24 27 -26 -27 -28 -29 29 -31
leaf_value=0.0053077031460256156 0.025409436409565951 0.059054958742634868 -0.039882334408751316 -0.014755444171162011 -0.021269887622066642 0.063775010165929416 0.040910126260426886 0.05974012644467961 0.023753017920564078 -0.056372329944579282 -0.038351683226030386 -0.016680587164513462 0.03005458019314752 0.057404664095544122 -0.046914776284075393 -0.023113952208259764 -0.031337761696175623 0.031456588023193177 0.049692268465170976 0.034287680036165752 0.013412892218749056 -0.049231292475000028 -0.0068617823938440089 0.031826926703589331 -0.03073781750539788 -0.04378643601838543 0.030142173341664809 0.051013747957019767 -0.046377437580456274 0.0084111821332540394
leaf_weight=255.54470206797123 76.329427659511566 90.114386886358261 152.71466493606567 37.941908061504364 45.541243433952332 10.081612288951872 79.573905810713768 14.410955235362051 10.744246289134031 11.437709674239157 11.398150771856306 5.6783751547336569 4.8914994895458213 7.3440543413162223 44.031533345580101 7.6751464009284955 37.731388434767723 19.434237256646156 9.0541459172964078 6.9593103975057602 4.3191180080175391 22.105278447270393 26.074831739068031 15.958046853542326 5.9856418818235388 71.317401930689812 5.8336982876062384 5.9308201074600211 9.8733508586883527 86.040135741233826
leaf_count=1070 337 598 812 177 219 59 441 86 46 64 53 24 21 43 231 33 190 87 42 30 23 111 108 67 28 363 29 26 40 354
internal_value=2.5393e-05 0.0293087 -0.0142095 -0.00804305 -0.000233275 -0.0229091 0.0203502 0.0110014 -0.0320835 -0.0116167 0.00226492 0.0348642 -0.02987 0.00849325 -0.0322125 -0.0242974 -0.0307023 0.00716655 0.0202988 0.00423042 -0.0384089 -0.0304662 0.0129055 0.0155627 0.00419042 -0.0359516 -0.023055 0.00916636 0.00690426 0.0027288
internal_weight=1192.07 389.895 802.176 596.522 443.698 146.964 299.781 296.734 205.654 48.6199 37.1822 15.76 131.204 282.323 126.313 82.281 152.824 274.979 25.784 14.6345 157.034 67.6465 220.207 194.132 16.7299 114.882 43.5651 117.802 111.872 95.9135
internal_count=5812 1971 3841 2773 2014 728 1373 1286 1068 233 169 83 645 1200 624 393 759 1157 116 63 835 330 932 824 74 582 219 487 461 394
is_linear=0
shrinkage=0.05


Tree=21
num_leaves=31
num_cat=0
split_feature=9 6 4 1 5 2 7 6 5 2 4 5 3 3 6 2 2 5 4 1 5 0 5 3 2 4 0 0 8 0
split_gain=182.188 40.4686 32.8217 38.9258 41.729 17.5979 17.3037 12.4657 11.1951 9.85642 11.3264 10.0758 6.71391 6.65431 6.30077 6.25243 5.75994 6.30539 5.17513 5.06448 6.07829 5.33681 5.01605 4.49946 4.49942 4.37965 5.75382 4.30864 4.40319 3.98162
threshold=1.0000000180025095e-35 1.0000000180025095e-35 266.50000000000006 172.50000000000003 247.50000000000003 751.50000000000011 1.0000000180025095e-35 1.0000000180025095e-35 2558.5000000000005 1286.5000000000002 2582.0000000000005 2182.0000000000005 1214.0000000000002 1971.5000000000002 1.0000000180025095e-35 1604.5000000000002 6236.5000000000009 12.500000000000002 57.500000000000007 853.50000000000011 49.500000000000007 40.500000000000007 872.50000000000011 1890.5000000000002 954.50000000000011 4.5000000000000009 30.500000000000004 1.0000000180025095e-35 1.0000000180025095e-35 16.500000000000004
decision_type=2 2 2 2 2 2 2 2 2 2 2 2 2 2 2 2 2 2 2 2 2 2 2 2 2 2 2 2 2 2
left_child=2 6 3 4 7 22 27 12 14 23 11 16 18 15 -7 19 17 -11 24 20 21 -5 25 -4 -1 26 -6 -2 -29 -8
right_child=1 -3 9 13 5 8 29 -9 -10 10 -12 -13 -14 -15 -16 -17 -18 -19 -20 -21 -22 -23 -24 -25 -26 -27 -28 28 -30 -31
leaf_value=0.0060501264507653125 0.045586130486031128 0.058317642112901392 -0.03867172203281543 -0.021346771579717993 -0.0301240956618712 -0.024047618052653319 0.064373493667318912 0.040075610808477102 -0.041802664697167778 0.038192915498238361 -0.055251494578960593 -0.062217549908690287 0.037722000420656959 0.031359469933483236 0.039312053909553508 0.020753606848509402 0.061635013885821932 -0.013408932297889788 -0.01726174601702998 -0.039257420239951907 -0.041593456454803418 0.012092091951236936 -0.051591096465143288 0.0126741774908015 0.036904408525127191 -0.043718393557010196 0.012713300154830047 0.009166784762336096 0.042415103258316843 0.034447334561666952
leaf_weight=196.46700742840767 9.2258957326412183 86.77692723274231 149.70130069553852 58.332418590784073 22.256575554609299 4.9078756272792878 13.593169406056402 33.689406976103783 8.1593794673681241 8.6930069327354484 11.096959531307219 5.119203880429267 17.231366619467735 4.793203428387641 18.387288063764572 6.3275367468595496 4.9643897265195838 18.022678047418594 22.535890772938728 76.972161397337914 28.95216129720211 14.923757493495939 30.727215215563774 4.3473946750164023 12.479008406400679 22.073879182338715 12.00084802508354 199.7350957095623 10.39188279211521 64.258619010448456
leaf_count=817 40 598 812 275 109 22 77 175 40 40 64 24 87 21 94 27 23 82 94 404 141 69 168 23 59 112 59 846 46 364
internal_value=2.65118e-05 0.0282932 -0.0136597 -0.00771259 0.00112784 -0.023761 0.0195101 0.0115774 0.00827398 -0.031058 -0.0112177 0.00217463 0.00770262 -0.0263279 0.0259176 -0.0278345 0.0127428 0.00346159 0.00545268 -0.029561 -0.0222275 -0.0145274 -0.0353316 -0.0372154 0.00790963 -0.0263867 -0.0151242 0.0123124 0.0108305 0.0397484
internal_weight=1177.14 383.982 793.162 591.217 400.916 118.513 297.205 282.403 31.4545 201.945 47.8962 36.7993 248.713 190.301 23.2952 185.508 31.6801 26.7157 231.482 179.18 102.208 73.2562 87.0585 154.049 208.946 56.3313 34.2574 219.353 210.127 77.8518
internal_count=5812 1971 3841 2773 1836 604 1373 1232 156 1068 233 169 1057 937 116 916 145 122 970 889 485 344 448 835 876 280 168 932 892 441
is_linear=0
shrinkage=0.05


Tree=22
num_leaves=31
num_cat=0
split_feature=9 6 1 4 5 2 7 2 5 4 2 3 4 5 6 4 12 0 0 4 0 0 7 13 2 5 3 2 0 12
split_gain=166.918 39.4611 30.694 37.2848 35.7553 19.1504 16.3383 13.9186 15.7648 10.4261 8.86274 8.40053 7.46747 6.83965 6.23191 6.14637 6.05073 4.88008 5.91837 4.96841 4.69507 4.6596 11.9335 5.65611 4.52541 4.40772 4.79064 4.41177 4.20777 4.53282
threshold=1.0000000180025095e-35 1.0000000180025095e-35 357.00000000000006 544.50000000000011 308.50000000000006 1781.5000000000002 1.0000000180025095e-35 751.50000000000011 2558.5000000000005 231.50000000000003 3871.0000000000005 1933.5000000000002 2992.5000000000005 1262.5000000000002 1.0000000180025095e-35 1808.0000000000002 1.0000000180025095e-35 40.500000000000007 53.500000000000007 947.50000000000011 41.500000000000007 7.5000000000000009 1.0000000180025095e-35 1.0000000180025095e-35 1372.5000000000002 1197.5000000000002 64.500000000000014 1.0000000180025095e-35 42.500000000000007 1.0000000180025095e-35
decision_type=2 2 2 2 2 2 2 2 2 2 2 2 2 2 2 2 2 2 2 2 2 2 2 2 2 2 2 2 2 2
left_child=2 6 3 4 5 9 28 13 14 11 15 21 -12 20 -9 17 25 -5 19 -19 -6 22 -1 -23 -18 26 27 -4 29 -2
right_child=1 -3 16 10 7 -7 -8 8 -10 -11 12 -13 -14 -15 -16 -17 24 18 -20 -21 -22 23 -24 -25 -26 -27 -28 -29 -30 -31
leaf_value=0.007258012778169615 0.023840117861888454 0.057620400356665227 -0.016048330449642666 -0.035747610522461948 -0.031401146648155506 0.054345635483376481 0.038621587410896024 -0.028765464810281291 -0.04869034651667481 -0.024708968250632742 0.026515659932282942 0.062240184063675458 -0.051964690762900091 -0.057776404647128625 0.032890960393357961 -0.054908182893267869 -0.037728641279740724 0.036383129946780224 -0.05108760100826383 -0.022546817381429333 0.0019522932113836032 0.0019659607154240357 0.068659567231022567 0.052049686559762123 0.012802385393382885 -0.062911298095223958 -0.031435585296369077 0.025240031173876999 -0.0071026304339855215 0.0081216354804138184
leaf_weight=36.808432504534721 75.435208842158318 83.519442856311798 13.7635505348444 62.43071061372757 62.144119039177895 20.533989295363426 76.174200370907784 4.8880704939365414 10.783167168498037 27.547073140740395 10.820284605026243 6.7288849502801886 4.0962664335966101 21.515573933720589 23.284804627299309 31.702321588993073 134.98344552516937 7.8192553073167819 5.4273772984743109 6.4318665117025375 12.691214069724081 227.33752310276031 9.990701809525488 5.6809187829494467 4.535527601838111 4.2783766984939566 16.116938501596451 12.033621668815611 26.048508390784264 117.2046594619751
leaf_count=155 337 598 67 331 319 125 441 22 53 139 51 42 23 122 115 196 710 39 28 35 65 952 50 25 20 22 77 58 108 487
internal_value=2.65686e-05 0.0272979 -0.0131309 -0.00761943 -0.00108646 0.00768386 0.0186925 -0.022766 0.00245184 0.00461701 -0.0314493 0.00744389 0.00476147 -0.0329539 0.0221295 -0.0361953 -0.0308842 -0.0289122 -0.00715555 0.00981488 -0.0257497 0.00610442 0.0204845 0.00320879 -0.036078 -0.015153 -0.01014 0.00323457 0.0117362 0.014286
internal_weight=1162.76 378.382 784.374 598.663 469.934 334.628 294.863 135.307 38.956 314.094 128.728 286.546 14.9166 96.3509 28.1729 113.812 185.711 82.1092 19.6785 14.2511 74.8353 279.818 46.7991 233.018 139.519 46.1925 41.9141 25.7972 218.688 192.64
internal_count=5812 1971 3841 2887 2184 1488 1373 696 190 1363 703 1224 74 506 137 629 954 433 102 74 384 1182 205 977 730 224 202 125 932 824
is_linear=0
shrinkage=0.05


Tree=23
num_leaves=31
num_cat=0
split_feature=9 6 4 1 5 7 6 2 5 2 3 4 5 6 12 2 0 0 7 4 5 5 3 1 5 0 2 2 0 0
split_gain=152.905 38.4588 28.6842 35.5257 38.0328 15.4064 15.1599 12.5008 10.1647 10.1183 8.07049 7.92929 7.18812 12.1713 5.91937 5.74913 8.0444 7.49974 13.1854 5.69798 6.56171 5.53628 4.84198 4.75454 4.69896 4.57548 4.30594 4.25634 4.66479 4.00768
threshold=1.0000000180025095e-35 1.0000000180025095e-35 435.50000000000006 408.00000000000006 327.50000000000006 1.0000000180025095e-35 1.0000000180025095e-35 3113.5000000000005 1663.0000000000002 3871.0000000000005 827.50000000000011 2992.5000000000005 872.50000000000011 1.0000000180025095e-35 1.0000000180025095e-35 781.50000000000011 43.500000000000007 7.5000000000000009 1.0000000180025095e-35 1808.0000000000002 1.0000000180025095e-35 2182.0000000000005 3.5000000000000004 1.5000000000000002 14.500000000000002 24.500000000000004 1188.0000000000002 5.5000000000000009 34.500000000000007 21.500000000000004
decision_type=2 2 2 2 2 2 2 2 2 2 2 2 2 2 2 2 2 2 2 2 2 2 2 2 2 2 2 2 2 2
left_child=2 5 3 4 6 -2 10 12 -9 19 15 -11 13 22 -5 17 24 18 -1 20 -4 26 -6 -12 -17 -16 -22 28 -24 -7
right_child=1 -3 9 14 7 29 -8 8 -10 11 23 -13 -14 -15 25 16 -18 -19 -20 -21 21 -23 27 -25 -26 -27 -28 -29 -30 -31
leaf_value=0.0014467652721878745 0.011189322799086299 0.056959294643538251 -0.044101919033579851 -0.011560373107715065 -0.013904127714780029 0.053600234612563739 0.038262083187508095 0.060858588887498427 -0.021627820926922961 0.026004087406272094 0.041236350864593783 -0.051940401995980726 -0.044263699526932515 0.045854937476273477 -0.021427533383552893 0.04179105684713727 -0.032759413693288303 -0.007002438734382839 0.06737397924182506 -0.053487017997964625 -0.021458137159997011 -0.064405105035981805 -0.041657685382453735 0.0095807730875178184 -0.012392967500195716 -0.041901485543979523 0.012601886527718681 -0.065115938913798993 0.022753471758550983 0.02904178420501265
leaf_weight=33.773861214518547 217.95417858660221 80.346006035804749 47.229886636137962 39.288068160414696 35.953951299190521 25.545504197478294 37.205067560076714 7.3336266577243787 7.4284294992685318 12.252806708216669 20.543276458978653 4.3350363224744788 47.162014022469521 6.4871211498975745 44.7226602435112 21.780855193734173 5.7770255208015433 169.59161938726902 9.6820077151060087 34.542823955416679 43.650974065065384 6.025242567062377 9.8396830260753649 28.077287271618843 4.8485954850912085 71.489540383219719 11.705414742231367 11.354645475745199 3.8451042026281348 48.991591677069664
leaf_count=140 932 598 256 188 183 152 199 43 33 58 94 25 260 28 235 97 25 719 50 220 238 34 52 128 22 384 53 57 20 289
internal_value=2.61226e-05 0.0263378 -0.0126185 -0.00772107 -0.000744132 0.0179096 0.00823514 -0.0237199 0.0194843 -0.0314933 0.00442454 0.00544504 -0.0292953 -0.0187839 -0.0283771 0.000734558 0.0203211 -0.00225288 0.0162564 -0.0357743 -0.0300969 -0.0192666 -0.0257226 0.0230131 0.031916 -0.0340476 -0.0142462 -0.0425698 -0.0235259 0.037519
internal_weight=1148.76 372.837 775.927 616.184 460.684 292.491 331.28 129.405 14.7621 159.742 294.075 16.5878 114.643 67.4805 155.5 245.454 32.4065 213.047 43.4559 143.154 108.612 61.3816 60.9934 48.6206 26.6295 116.212 55.3564 25.0394 13.6848 74.5371
internal_count=5812 1971 3841 2957 2150 1373 1474 676 76 884 1275 83 600 340 807 1053 144 909 190 801 581 325 312 222 119 619 291 129 72 441
is_linear=0
shrinkage=0.05


Tree=24
num_leaves=31
num_cat=0
split_feature=9 6 4 1 5 7 2 6 2 4 5 5 4 7 5 3 0 3 3 1 4 12 6 5 2 4 0 4 0 8
split_gain=140.023 37.4864 26.8619 30.2962 32.8745 14.5337 14.2039 10.0516 9.34081 10.5749 8.3725 7.09911 6.80903 5.86274 6.75295 7.07432 6.15266 6.39113 5.33909 5.21168 5.11535 5.81332 5.09109 5.03853 4.50386 4.34965 4.61776 4.03233 3.99186 4.12815
threshold=1.0000000180025095e-35 1.0000000180025095e-35 241.50000000000003 172.50000000000003 247.50000000000003 1.0000000180025095e-35 807.00000000000011 1.0000000180025095e-35 2016.0000000000002 1110.5000000000002 2558.5000000000005 800.50000000000011 55.500000000000007 1.0000000180025095e-35 1678.5000000000002 1214.0000000000002 39.500000000000007 268.50000000000006 1933.5000000000002 1474.5000000000002 1500.0000000000002 1.0000000180025095e-35 1.0000000180025095e-35 872.50000000000011 1301.5000000000002 4.5000000000000009 29.500000000000004 658.50000000000011 1.0000000180025095e-35 1.0000000180025095e-35
decision_type=2 2 2 2 2 2 2 2 2 2 2 2 2 2 2 2 2 2 2 2 2 2 2 2 2 2 2 2 2 2
left_child=2 5 3 4 7 28 23 18 13 11 22 -10 19 14 15 16 27 20 -1 24 21 -18 -8 25 -5 26 -6 -4 -2 -30
right_child=1 -3 8 12 6 -7 10 -9 9 -11 -12 -13 -14 -15 -16 -17 17 -19 -20 -21 -22 -23 -24 -25 -26 -27 -28 -29 29 -31
leaf_value=0.0061643070151260384 0.043019757978135204 0.056330772662068387 -0.022440842365124773 -0.024890901083536733 -0.026036146133576455 0.036447602204164674 -0.024401374758382461 0.037413256549567425 0.043998896529792511 -0.032061262662730829 -0.036317223996616403 -0.022604027204376098 -0.0011306163699808473 -0.056635968761862977 -0.062778915006807795 0.03427167735543709 0.059085098862752261 -0.067245900854620275 0.05986059573726249 -0.04630263814007482 -0.034969348903659554 -0.0026506155641451675 0.036914473665444508 -0.048684687654152084 0.025562281940315557 -0.040699153957337628 0.01201579049937051 -0.043903700304099444 0.0076286422777677972 0.040137786938849784
leaf_weight=239.22751145064831 9.0373231172561628 77.259717762470245 39.214194133877754 118.92291778326035 21.009351342916489 72.945866256952286 4.1417159736156526 30.960094958543777 12.074092596769335 17.799127116799355 7.4755077660083762 5.8838774263858786 28.872099593281746 22.736356481909752 13.474278211593626 4.6728138178586951 5.0114874541759571 3.9832055866718283 4.6225160956382743 29.976382613182068 7.564484015107154 14.982241541147232 17.078651756048203 29.03878316283226 4.5165008455514899 20.944521203637123 12.736229270696638 50.596333280205727 198.15238818526268 10.180118054151533
leaf_count=1014 40 598 208 603 107 441 19 168 61 94 38 27 144 129 83 25 26 22 31 164 49 78 90 171 20 111 63 296 846 46
internal_value=2.58096e-05 0.0253979 -0.012127 -0.00660941 0.00130399 0.0171494 -0.0214616 0.0106218 -0.027987 -0.00483814 0.00887335 0.0221723 -0.0234114 -0.0330829 -0.0292063 -0.0255699 -0.0279005 -0.00886703 0.00720632 -0.027601 -0.000216446 0.0130407 0.0248887 -0.0318563 -0.0230257 -0.0228483 -0.0116815 -0.0345677 0.0106594 0.00923569
internal_weight=1135.09 367.575 767.515 569.523 387.235 290.316 112.425 274.81 197.992 35.7571 28.6959 17.958 182.288 162.235 139.499 126.025 121.352 31.5414 243.85 153.416 27.5582 19.9937 21.2204 83.7289 123.439 54.6901 33.7456 89.8105 217.37 208.333
internal_count=5812 1971 3841 2743 1812 1373 599 1213 1098 182 147 88 931 916 787 704 679 175 1045 787 153 104 109 452 623 281 170 504 932 892
is_linear=0
shrinkage=0.05


Tree=25
num_leaves=31
num_cat=0
split_feature=9 6 5 2 1 4 4 5 7 12 2 5 2 4 3 4 1 4 3 2 5 1 2 3 2 0 0 1 0 0
split_gain=128.215 36.5127 25.066 30.4794 25.2499 29.8277 18.13 17.2785 13.6879 8.65077 8.39888 5.97326 7.46378 6.69589 5.76291 6.18297 5.58253 5.1198 4.79473 4.50677 4.4109 4.35046 5.29038 7.7092 4.90897 4.12121 4.07191 3.89895 3.82705 4.39244
threshold=1.0000000180025095e-35 1.0000000180025095e-35 872.50000000000011 1389.5000000000002 408.00000000000006 435.50000000000006 1110.5000000000002 85.500000000000014 1.0000000180025095e-35 1.0000000180025095e-35 9357.5000000000018 2558.5000000000005 763.50000000000011 1372.5000000000002 832.50000000000011 31.500000000000004 1.5000000000000002 303.00000000000006 1322.0000000000002 3490.0000000000005 785.50000000000011 41.500000000000007 138.50000000000003 619.50000000000011 265.50000000000006 24.500000000000004 16.500000000000004 548.50000000000011 42.500000000000007 53.500000000000007
decision_type=2 2 2 2 2 2 2 2 2 2 2 2 2 2 2 2 2 2 2 2 2 2 2 2 2 2 2 2 2 2
left_child=2 8 3 4 5 7 19 14 28 -6 11 12 -4 -14 15 -1 -16 20 25 -5 21 22 23 -9 -24 27 -10 -11 -2 -30
right_child=1 -3 10 6 9 -7 -8 17 26 18 -12 -13 13 -15 16 -17 -18 -19 -20 -21 -22 -23 24 -25 -26 -27 -28 -29 29 -31
leaf_value=0.0071330146403723073 0.012610212569153907 0.055731628607818828 -0.045646488553909188 0.026978388709874169 -0.0083384726513005825 -0.031363566596393243 -0.023476683307822269 -0.03901630868294198 0.061733154345767143 -0.064971799280711159 0.035735110735721019 -0.058965065424840785 0.0056888133241022633 -0.062018916687943619 0.044166131007991799 -0.015130498901934795 0.0085473798011857522 0.037860439851149751 0.0037851477246117712 0.058526259247980321 0.016449828638912756 -0.04492742374168196 0.041589034882531989 0.025447854757147538 -0.011901666186798967 -0.046181732755828375 0.029892120103319392 -0.020042530324051917 -0.021692429171572564 0.022403741554186396
leaf_weight=192.50367407500744 190.77415159344673 74.262832492589951 32.871195912361145 27.550842136144638 37.518552020192146 91.516588985919952 14.597001165151594 31.126113593578339 12.165114775300024 5.5111380070447913 3.7351782619953147 28.095617413520813 17.815512582659725 4.4885440915822974 18.401644006371498 37.113714218139648 27.286627307534218 3.7742889374494544 7.1070542931556693 19.536411508917809 7.1519854813814154 19.367919817566872 5.5573109090328243 5.375570908188819 17.636566817760468 67.716147527098656 59.235236451029778 36.336877703666687 17.825162559747699 8.1515969038009626
leaf_count=819 824 598 197 137 185 533 77 165 77 30 17 165 87 28 88 165 125 20 30 123 38 97 26 23 77 387 364 202 74 34
internal_value=2.4215e-05 0.0244906 -0.0116492 -0.0083798 -0.0117624 -0.00585425 0.0250903 0.000543375 0.0164225 -0.0292509 -0.0368882 -0.0401847 -0.0305323 -0.00815292 0.00676098 0.00352948 0.0229585 -0.0184645 -0.035963 0.0401638 -0.0209713 -0.0243729 -0.0176401 -0.0294791 0.00103836 -0.0385424 0.0353959 -0.0261002 0.010159 -0.00782205
internal_weight=1122.11 362.414 759.692 672.686 611.002 456.812 61.6843 365.295 288.151 154.19 87.006 83.2709 55.1753 22.3041 275.306 229.617 45.6883 89.9898 116.671 47.0873 86.2155 79.0635 59.6956 36.5017 23.1939 109.564 71.4004 41.848 216.751 25.9768
internal_count=5812 1971 3841 3347 3010 2176 337 1643 1373 834 494 477 312 115 1197 984 213 446 649 260 426 388 291 188 103 619 441 232 932 108
is_linear=0
shrinkage=0.05


Tree=26
num_leaves=31
num_cat=0
split_feature=9 6 4 1 5 7 2 5 2 2 4 4 7 5 3 0 4 3 5 12 1 2 5 5 4 3 2 2 1 4
split_gain=117.405 35.5472 23.4847 25.5673 26.0481 12.8907 11.8173 8.47602 8.4013 8.12847 7.93653 7.187 8.26088 6.52907 7.31926 6.7001 6.48997 6.05177 5.92837 5.45201 5.36222 6.42911 5.91623 7.71703 5.78596 6.2001 6.93569 5.3331 5.30602 4.86831
threshold=1.0000000180025095e-35 1.0000000180025095e-35 241.50000000000003 103.50000000000001 247.50000000000003 1.0000000180025095e-35 166.50000000000003 4212.0000000000009 3871.0000000000005 1739.5000000000002 55.500000000000007 1808.0000000000002 1.0000000180025095e-35 2182.0000000000005 867.50000000000011 40.500000000000007 2992.5000000000005 1461.5000000000002 913.00000000000011 1.0000000180025095e-35 1474.5000000000002 1657.5000000000002 52.500000000000007 26.500000000000004 7.5000000000000009 678.50000000000011 62.500000000000007 4112.0000000000009 722.50000000000011 57.500000000000007
decision_type=2 2 2 2 2 2 2 2 2 2 2 2 2 2 2 2 2 2 2 2 2 2 2 2 2 2 2 2 2 2
left_child=2 5 3 4 9 -2 -6 27 11 17 20 12 13 14 15 -4 18 29 -10 -17 21 22 23 24 25 26 -5 -8 -27 -1
right_child=1 -3 8 10 6 -7 7 -9 16 -11 -12 -13 -14 -15 -16 19 -18 -19 -20 -21 -22 -23 -24 -25 -26 28 -28 -29 -30 -31
leaf_value=0.008984628688673375 0.0096788033729249077 0.055158947076890688 -0.026479317879333709 -0.032282544423419088 -0.033920948975030445 0.034374137360564459 -0.00071836101345339729 -0.058600061252910153 0.045681303928180358 0.048770708716287504 0.0027829843663545752 -0.051231786251648676 -0.054533206922283063 -0.063039422435596501 0.042393579382709684 0.036894327957531059 -0.049663681966117201 0.047749733097305555 -0.019348676150683506 -0.012618393466023585 -0.044327136648034511 0.031841350606555983 -0.041638105027328273 0.042068129608395781 -0.046475752713910017 0.031398328635679394 0.0042515341402615866 0.046193001977389569 -0.02856768788767174 -0.016979374964953952
leaf_weight=214.99821685254574 216.16225108504295 71.356860622763634 82.060795366764069 44.422044292092323 58.900662213563919 69.900892987847328 32.492468848824501 5.3215657919645301 9.0944420397281664 13.037819802761076 31.094929486513138 31.7832021266222 20.069639965891838 8.0976178795099241 4.9062321186065665 7.9504472166299847 4.0713668018579474 9.2911317348480207 5.5904274433851233 17.874414190649986 28.822118818759918 5.5237568169832221 31.727430820465088 5.1723111718893042 17.029617175459862 11.551324903964998 18.312684282660484 7.3462175279855719 5.3071596622467032 19.616448804736137
leaf_count=915 932 598 452 237 337 441 159 31 47 91 157 220 118 49 25 40 25 57 26 96 164 27 167 26 84 52 88 44 26 81
internal_value=2.29787e-05 0.0236095 -0.0111971 -0.00602585 0.00190653 0.0157231 -0.0191868 6.28785e-05 -0.0263076 0.0104534 -0.0204123 -0.0297568 -0.0248818 -0.0199182 -0.0167693 -0.0194966 0.00544894 0.00838598 0.0209614 0.00270812 -0.024708 -0.0206123 -0.0228045 -0.0168993 -0.0200961 -0.0144007 -0.0216282 0.00802605 0.0124635 0.00680743
internal_weight=1108.89 357.42 751.466 559.968 361.005 286.063 104.061 45.1603 191.499 256.944 198.963 172.742 140.959 120.89 112.792 107.886 18.7562 243.906 14.6849 25.8249 167.868 139.046 133.523 101.795 96.6228 79.5932 62.7347 39.8387 16.8585 234.615
internal_count=5812 1971 3841 2743 1715 1373 571 234 1098 1144 1028 1000 780 662 613 588 98 1053 73 136 871 707 680 513 487 403 325 203 78 996
is_linear=0
shrinkage=0.05


Tree=27
num_leaves=31
num_cat=0
split_feature=9 6 5 2 0 3 7 4 7 7 2 4 5 3 1 4 5 4 0 0 10 2 3 5 12 3 0 3 1 0
split_gain=107.458 34.5954 22.5571 26.2504 20.5126 23.8435 17.8272 17.1747 12.1256 11.0285 10.1058 8.36856 8.65665 7.90233 9.56674 7.7368 6.48422 6.21824 6.09008 5.69451 5.5103 5.20863 6.14531 5.85828 6.23044 5.24518 7.68219 4.33271 4.20779 4.09083
threshold=1.0000000180025095e-35 1.0000000180025095e-35 2182.0000000000005 781.50000000000011 10.500000000000002 626.50000000000011 1.0000000180025095e-35 1372.5000000000002 1.0000000180025095e-35 1.0000000180025095e-35 4112.0000000000009 658.50000000000011 60.500000000000007 3110.5000000000005 865.00000000000011 110.50000000000001 72.500000000000014 2308.0000000000005 23.500000000000004 39.500000000000007 1.0000000180025095e-35 62.500000000000007 85.500000000000014 28.500000000000004 1.0000000180025095e-35 1.5000000000000002 25.500000000000004 1971.5000000000002 149.50000000000003 16.500000000000004
decision_type=2 2 2 2 2 2 2 2 2 2 2 2 2 2 2 2 2 2 2 2 2 2 2 2 2 2 2 2 2 2
left_child=2 8 3 4 6 9 -1 10 -2 11 -5 12 21 14 15 27 17 -9 -17 -13 -11 23 -23 24 25 28 -27 -7 -6 -10
right_child=1 -3 -4 7 5 13 -8 16 29 20 -12 19 -14 -15 -16 18 -18 -19 -20 -21 -22 22 -24 -25 -26 26 -28 -29 -30 -31
leaf_value=0.0010085930553130305 0.0092183065689388482 0.054610082263852402 -0.050601258529846732 0.012964484703751175 0.043079761045385447 0.0087096535263555576 0.069683421286070468 0.050402694281430072 0.060590238958312871 -0.041855467001146958 0.052941259747277848 -0.045359777351864916 -0.025038632880397007 0.070982068464219325 -0.043351856820386933 0.015876770209935585 -0.051000149888087688 -0.038549438158749637 -0.054118773041903739 -0.0077373080325336008 0.02064623507061935 -0.005808564854190252 0.028554156286512884 0.033812477820116232 -0.026091813687019086 -0.056978339295842187 0.013008876137454304 0.053419910290645391 -0.0057014113993915901 0.027796616328709441
leaf_weight=47.694931209087372 215.63139945268631 68.542675420641899 33.809082895517349 81.690700307488441 8.9377374947071093 79.685672283172607 11.685786992311476 3.9165630936622646 11.459696322679518 73.99272982776165 19.537546306848526 40.533156231045723 116.04639844596386 4.1319116950035086 10.692759007215498 4.7918858379125586 12.818872109055517 3.7482306361198425 8.5495152920484525 13.428432971239088 3.6452945023775092 45.577885985374451 18.095687180757523 5.906197100877761 64.840208232402802 7.4152690172195426 8.1354732960462552 5.7213526666164389 8.6128482669591886 56.990536615252495
leaf_count=202 932 598 206 391 42 347 60 21 77 420 125 254 624 21 57 25 78 24 47 82 16 208 80 29 329 35 39 36 43 364
internal_value=2.11081e-05 0.0227503 -0.0107584 -0.0088538 -0.0132278 -0.0163572 0.0146178 0.012275 0.0150467 -0.0219095 0.0207248 -0.0179914 -0.0145474 0.0039407 0.00134709 0.00622618 -0.0293809 0.00696715 -0.0290471 -0.036029 -0.0388981 -0.0072693 0.0039866 -0.014168 -0.0170929 0.00056006 -0.0205149 0.0117637 0.019244 0.0333672
internal_weight=1096.27 352.624 743.642 709.833 588.121 528.74 59.3807 121.712 284.082 415.167 101.228 337.529 283.568 113.573 109.441 98.7484 20.4837 7.66479 13.3414 53.9616 77.638 167.521 63.6736 103.848 97.9415 33.1013 15.5507 85.407 17.5506 68.4502
internal_count=5812 1971 3841 3635 2996 2734 262 639 1373 2201 516 1765 1429 533 512 455 123 45 72 336 436 805 288 517 488 159 74 383 85 441
is_linear=0
shrinkage=0.05


Tree=28
num_leaves=31
num_cat=0
split_feature=9 6 5 2 1 4 4 5 7 12 2 5 2 4 4 2 3 1 0 7 10 2 3 0 5 0 3 4 0 5
split_gain=98.3169 33.6444 21.5927 25.0798 20.1761 22.776 14.4671 13.9215 11.4031 8.17362 8.01921 4.8508 6.46507 5.3352 4.69414 4.68288 4.45506 5.26647 4.55573 10.1669 5.97424 5.78715 4.37177 4.87531 5.70788 5.34273 4.25599 4.14633 4.03231 4.02855
threshold=1.0000000180025095e-35 1.0000000180025095e-35 913.00000000000011 1338.5000000000002 408.00000000000006 435.50000000000006 1110.5000000000002 85.500000000000014 1.0000000180025095e-35 1.0000000180025095e-35 9357.5000000000018 2558.5000000000005 763.50000000000011 1372.5000000000002 303.00000000000006 3490.0000000000005 832.50000000000011 1.5000000000000002 7.5000000000000009 1.0000000180025095e-35 1.0000000180025095e-35 5.5000000000000009 669.50000000000011 12.500000000000002 9.5000000000000018 24.500000000000004 1322.0000000000002 131.50000000000003 24.500000000000004 555.50000000000011
decision_type=2 2 2 2 2 2 2 2 2 2 2 2 2 2 2 2 2 2 2 2 2 2 2 2 2 2 2 2 2 2
left_child=2 8 3 4 5 7 15 16 -2 -6 11 12 -4 -14 -9 27 18 -18 19 -1 21 22 23 -20 25 -25 28 -5 -11 -7
right_child=1 -3 10 6 9 29 -8 14 -10 26 -12 -13 13 -15 -16 -17 17 -19 20 -21 -22 -23 -24 24 -26 -27 -28 -29 -30 -31
leaf_value=0.0054477141371165258 0.0087790241415600118 0.054082601765980121 -0.045646294475000765 0.039887568933032531 -0.0060841715505540383 -0.03045672600252481 -0.020125213849885897 -0.019062859266121272 0.032389225945313536 -0.023333637626557199 0.035797383566619413 -0.056405765824874547 0.0036184920141179642 -0.060187153959910256 0.037158780991088172 0.056460824057557639 0.041434878773502673 0.0063122460429230094 -0.00082333426178706403 0.064697464206473571 0.028914047450846459 0.0054830824343025161 0.0078346527733981763 -0.063433692735967911 0.017882898323104683 -0.021846190168513985 0.0041973194999228754 0.0014217008273584852 -0.043650409995043798 0.025033802387306067
leaf_weight=36.483884945511818 215.11846004426479 65.820593222975731 26.765912503004074 16.73483577370644 36.791808173060417 83.152097284793854 14.74406251311302 87.102910980582237 67.044023990631104 40.206539019942284 3.6990591883659354 25.818831816315651 17.092372402548794 3.9502757191658011 3.7873843610286704 18.077554605901241 17.713584885001183 26.735628083348274 21.437982887029648 8.9398284405469877 15.709806784987448 88.625541284680367 18.70573416352272 12.835297226905821 5.1581257283687583 19.598650887608528 7.0699064433574668 12.01213827729225 63.912483885884285 3.3326742798089972
leaf_count=155 932 598 172 91 186 510 81 447 441 233 17 165 84 27 20 124 87 124 90 50 68 377 79 54 23 85 30 54 388 20
internal_value=2.13904e-05 0.0219181 -0.0103303 -0.00739375 -0.0105265 -0.00525015 0.0229663 0.000248358 0.0143985 -0.026533 -0.0353092 -0.0389254 -0.0293871 -0.00858758 -0.0166818 0.0365489 0.0059109 0.0203707 0.00307796 0.0172251 -0.000459048 -0.00324851 -0.0131975 -0.0198643 -0.030692 -0.0384483 -0.0332879 0.023875 -0.0358348 -0.028292
internal_weight=1084.18 347.983 736.195 658.868 597.3 449.319 61.5686 362.834 282.162 147.981 77.3265 73.6274 47.8086 21.0426 90.8903 46.8245 271.944 44.4492 227.495 45.4237 182.071 166.361 77.7358 59.0301 37.5921 32.4339 111.189 28.747 104.119 86.4848
internal_count=5812 1971 3841 3376 3026 2189 350 1659 1373 837 465 448 283 111 467 269 1192 211 981 205 776 708 331 252 162 139 651 145 621 530
is_linear=0
shrinkage=0.05


Tree=29
num_leaves=31
num_cat=0
split_feature=9 6 5 2 1 4 4 5 7 12 2 5 2 4 2 3 4 0 3 12 5 11 3 4 0 1 4 2 12 11
split_gain=89.9428 32.7003 20.1367 22.9545 18.6371 20.9668 13.3456 12.6457 10.7066 7.68449 7.42527 4.69827 6.13484 5.03377 4.59859 4.26073 4.23718 4.11089 3.98832 3.94726 8.48454 4.63554 4.95274 4.01035 3.88161 3.93556 3.85277 3.83853 3.81471 4.64526
threshold=1.0000000180025095e-35 1.0000000180025095e-35 913.00000000000011 1338.5000000000002 408.00000000000006 435.50000000000006 1110.5000000000002 85.500000000000014 1.0000000180025095e-35 1.0000000180025095e-35 9357.5000000000018 2558.5000000000005 763.50000000000011 1372.5000000000002 3490.0000000000005 1745.5000000000002 303.00000000000006 16.500000000000004 1322.0000000000002 1.0000000180025095e-35 1.0000000180025095e-35 1.0000000180025095e-35 8.5000000000000018 57.500000000000007 24.500000000000004 548.50000000000011 131.50000000000003 1604.5000000000002 1.0000000180025095e-35 1.0000000180025095e-35
decision_type=2 2 2 2 2 2 2 2 2 2 2 2 2 2 2 2 2 2 2 2 2 2 2 2 2 2 2 2 2 2
left_child=2 8 3 4 5 7 14 15 28 -6 11 12 -4 27 26 19 -9 -10 24 20 21 -1 -23 -21 25 -11 -5 -14 29 -2
right_child=1 -3 10 6 9 -7 -8 16 17 18 -12 -13 13 -15 -16 -17 -18 -19 -20 23 -22 22 -24 -25 -26 -27 -28 -29 -30 -31
leaf_value=0.032840115440452809 0.031350378335088455 0.05357428326792335 -0.044622819509987637 0.038562870454360465 -0.0057965978515778886 -0.027337725248406716 -0.019249994805340141 -0.01825835286975035 0.059579454935249604 -0.062955589183532903 0.033913090238153636 -0.05542636268840162 0.03866589938206047 -0.059480463491241378 0.055618266713773748 0.040444777413254855 0.034726350229238555 0.025791685957643126 0.0039877687374078397 0.0033815007930445579 -0.017645321340001612 0.031427758710553519 -0.021163814945686137 -0.018920795118159642 -0.042576558282101384 -0.016295529677488745 0.0013514696386564562 -0.012319288516702 0.003072531617372933 0.0071415527759648451
leaf_weight=39.56419312953949 32.822230324149132 63.190453633666039 26.031908512115479 16.454877063632015 36.6937555372715 85.069504216313362 14.650677263736723 86.416136413812637 10.787905558943747 5.1273229122161856 3.7144998461008063 24.984320595860481 5.2402783334255281 3.8022872135043135 17.451274909079075 8.4169152528047544 3.8552263975143424 54.901072397828102 7.0744810849428168 166.23841181397438 16.131671577692032 7.9508280903100994 9.9845478683710081 22.836430296301842 62.292299255728722 34.56003013253212 12.009807914495466 11.862505942583082 131.82489964365959 49.976242303848267
leaf_count=178 150 598 172 91 186 530 81 447 77 30 17 165 26 27 124 56 20 364 30 708 69 34 43 104 388 203 54 58 554 228
internal_value=2.15663e-05 0.021109 -0.00992428 -0.00709157 -0.0100908 -0.00502037 0.0222032 0.000239082 0.0137738 -0.0256089 -0.0343304 -0.0378972 -0.0284685 -0.00823576 0.0354429 0.00563639 -0.0159596 0.0314227 -0.0322638 0.00450619 0.014319 0.0233017 0.00219524 0.000679255 -0.0347801 -0.0224668 0.0229223 0.00343648 0.00836001 0.0167644
internal_weight=1071.92 343.503 728.414 652.778 592.212 446.464 60.5666 361.394 280.312 145.748 75.6358 71.9213 46.937 20.9051 45.916 271.123 90.2714 65.689 109.054 262.706 73.6312 57.4996 17.9354 189.075 101.98 39.6874 28.4647 17.1028 214.623 82.7985
internal_count=5812 1971 3841 3376 3026 2189 350 1659 1373 837 465 448 283 111 269 1192 467 441 651 1136 324 255 77 812 621 233 145 84 932 378
is_linear=0
shrinkage=0.05


Tree=30
num_leaves=31
num_cat=0
split_feature=9 6 5 2 0 3 7 4 7 7 2 4 3 1 2 5 3 4 1 4 12 0 2 5 1 2 2 4 3 1
split_gain=82.2904 31.7453 18.9651 20.5366 15.8349 19.2623 16.3197 13.9708 10.0449 9.88629 8.86886 7.36473 7.17185 8.21953 7.15327 6.65011 7.93677 7.1942 8.92936 6.54984 5.91053 5.64658 5.63216 5.19672 6.16897 5.52148 5.63814 6.74959 5.01382 4.95504
threshold=1.0000000180025095e-35 1.0000000180025095e-35 2182.0000000000005 781.50000000000011 10.500000000000002 626.50000000000011 1.0000000180025095e-35 2462.5000000000005 1.0000000180025095e-35 1.0000000180025095e-35 4112.0000000000009 1500.0000000000002 3110.5000000000005 865.00000000000011 62.500000000000007 22.500000000000004 85.500000000000014 1.0000000180025095e-35 69.500000000000014 110.50000000000001 1.0000000180025095e-35 23.500000000000004 126.50000000000001 11.500000000000002 289.50000000000006 820.50000000000011 1208.5000000000002 131.50000000000003 1.5000000000000002 7.5000000000000009
decision_type=2 2 2 2 2 2 2 2 2 2 2 2 2 2 2 2 2 2 2 2 2 2 2 2 2 2 2 2 2 2
left_child=2 8 3 4 6 9 -1 10 -2 11 23 14 13 19 20 16 22 18 -17 -7 28 -21 -16 24 29 -25 -27 -28 -6 -5
right_child=1 -3 -4 7 5 12 -8 -9 -10 -11 -12 -13 -14 -15 15 17 -18 -19 -20 21 -22 -23 -24 25 -26 26 27 -29 -30 -31
leaf_value=0.00016937273185369856 0.0079658221948754725 0.053083084240177138 -0.047675189150980686 0.019083534321534118 0.0060372711984629087 0.010883058888202747 0.067585634313831355 -0.048574970772943829 0.03048472738525428 -0.036179392257102989 0.044718477695452945 -0.047590811911813483 0.067824210319497508 -0.041050385467542083 0.046601050531575115 0.023214354186467355 0.037223953829238834 -0.035517266005772478 -0.05208850533544343 0.015985493333870903 -0.025232398869897251 -0.052200090035494084 -0.010209096594201579 0.059004611451440064 -0.027199474081506605 -0.038489821996514045 0.025681272334033042 -0.018321945586669892 -0.022140931024327386 0.063003409010797734
leaf_weight=47.499221965670586 214.0470803976059 60.651686355471611 31.081521980464458 25.174936696887016 34.428647086024284 84.50712738931179 10.968820437788962 8.9451549425721151 64.376065075397491 73.752712056040764 21.600245229899883 17.294758446514606 4.1120308935642234 10.251027911901472 4.8264149725437155 15.457676455378534 16.235759645700455 25.40021787583828 5.1709198802709571 4.7384418696165076 141.91982461512089 8.1668543890118581 38.06497797369957 3.3543087542057028 5.3051793724298468 10.501221507787703 16.927473373711109 17.752580352127552 29.003073647618294 8.5955924987792951
leaf_count=202 932 598 206 122 185 383 60 65 441 436 140 130 21 57 27 73 73 131 27 25 797 47 174 16 27 52 88 87 148 42
internal_value=2.18243e-05 0.0203325 -0.00953098 -0.00780598 -0.0117271 -0.0145353 0.0129107 0.0111637 0.0131816 -0.0196444 0.0160966 -0.0159142 0.00381999 0.00131478 -0.0141351 -0.00352534 0.00756457 -0.0177566 0.00417814 0.00581053 -0.0195638 -0.027234 -0.00372293 0.00899705 0.0225438 -0.00193327 -0.00657768 0.00316829 -0.0068613 0.0304154
internal_weight=1060.11 339.075 721.037 689.955 571.799 513.33 58.468 118.157 278.423 401.555 109.212 327.802 111.775 107.663 310.508 105.156 59.1272 46.0288 20.6286 97.4124 205.352 12.9053 42.8914 87.6113 39.0757 48.5356 45.1813 34.6801 63.4317 33.7705
internal_count=5812 1971 3841 3635 2996 2734 262 639 1373 2201 574 1765 533 512 1635 505 274 231 100 455 1130 72 201 434 191 243 227 175 333 164
is_linear=0
shrinkage=0.05


Tree=31
num_leaves=31
num_cat=0
split_feature=9 6 5 2 1 4 4 5 7 6 12 2 2 5 2 4 0 0 6 0 3 1 0 0 0 2 3 0 5 0
split_gain=75.2283 30.8102 18.0145 19.5583 16.0339 18.0718 11.8475 10.7568 9.41345 7.36684 7.14461 7.01771 4.45018 4.28627 5.55017 4.57022 4.14948 4.65361 3.98912 5.31201 4.35465 4.62051 4.04265 5.67081 3.99234 4.7731 4.53163 4.54667 3.87758 3.73104
threshold=1.0000000180025095e-35 1.0000000180025095e-35 913.00000000000011 1338.5000000000002 408.00000000000006 435.50000000000006 1110.5000000000002 85.500000000000014 1.0000000180025095e-35 1.0000000180025095e-35 1.0000000180025095e-35 9357.5000000000018 3490.0000000000005 2558.5000000000005 763.50000000000011 1372.5000000000002 21.500000000000004 48.500000000000007 1.0000000180025095e-35 23.500000000000004 832.50000000000011 1.0000000180025095e-35 52.500000000000007 37.500000000000007 1.0000000180025095e-35 653.50000000000011 8.5000000000000018 23.500000000000004 555.50000000000011 1.0000000180025095e-35
decision_type=2 2 2 2 2 2 2 2 2 2 2 2 2 2 2 2 2 2 2 2 2 2 2 2 2 2 2 2 2 2
left_child=2 8 3 4 5 7 12 18 29 -9 -6 13 -5 14 -4 -16 -10 -18 20 -20 22 -22 23 24 -1 -26 27 -27 -7 -2
right_child=1 -3 11 6 10 28 -8 9 16 -11 -12 -13 -14 -15 15 -17 17 -19 19 -21 21 -23 -24 -25 25 26 -28 -29 -30 -31
leaf_value=0.024025936767489816 0.039395926780110141 0.052607119634742211 -0.04311436665270825 0.021487200606383688 -0.0047327612410622147 -0.02783625625435739 -0.018404052945532202 -0.017791584206427371 0.047737559700185311 0.052736492171597642 -0.030465792717091728 0.033641257971580567 0.054349807926965379 -0.053682983303872667 0.0028215311245453731 -0.058605617292914726 0.013412876829967758 0.059835654271273811 0.065089473267193929 0.0084249278554245459 0.039797596876574713 0.0057573681131345309 -0.029282377060127304 0.024966651830794259 -0.0072715293763792009 0.051036548309182465 -0.014061646977187559 0.0028727476042219695 0.027114271117971329 0.0062086546972279603
leaf_weight=14.603199765086172 8.7396194934844953 58.203364655375481 24.912587560713291 27.978856101632118 36.306883156299591 79.219416782259941 14.348878614604471 85.252336263656616 20.926859706640244 3.7751860469579688 105.29336312413216 3.7054235041141501 16.435736611485481 23.472509577870369 17.08237032592297 3.5782890468835822 35.911461353302002 6.2772066593170157 6.1785880923271206 12.226021535694597 15.533930137753485 27.626272290945053 10.609731689095495 24.034932821989059 130.19232659041882 10.458466112613683 8.9792952090501768 9.1665282994508726 3.2694053202867499 204.84797681868076
leaf_count=70 40 598 172 145 186 510 81 451 152 16 651 17 124 165 84 27 246 43 34 55 76 130 45 103 559 44 38 38 20 892
internal_value=2.13766e-05 0.0195705 -0.00914663 -0.00646971 -0.00924295 -0.00454152 0.021 0.000314335 0.0126049 -0.014745 -0.0238757 -0.0327093 0.0337429 -0.0363136 -0.0272696 -0.00804829 0.0295556 0.0204452 0.00529071 0.0276967 0.00363876 0.0180726 0.000637125 0.00225895 -0.000901143 -0.00320716 0.0152527 0.0286686 -0.0256281 0.00758442
internal_weight=1049.15 334.906 714.241 641.489 582.726 441.126 58.7635 358.637 276.703 89.0275 141.6 72.7512 44.4146 69.0458 45.5732 20.6607 63.1155 42.1887 269.609 18.4046 251.205 43.1602 208.044 197.435 173.4 158.797 28.6043 19.625 82.4888 213.588
internal_count=5812 1971 3841 3376 3026 2189 350 1659 1373 467 837 465 269 448 283 111 441 289 1192 89 1103 206 897 852 749 679 120 82 530 932
is_linear=0
shrinkage=0.05


Tree=32
num_leaves=31
num_cat=0
split_feature=9 6 5 2 0 3 7 4 12 2 7 3 3 3 1 4 7 4 0 0 0 5 4 5 4 3 1 0 0 0
split_gain=68.7724 29.8719 16.8346 17.0652 14.1194 18.5669 15.4704 13.1817 9.42278 9.03448 8.82233 6.58175 10.088 6.40195 8.12622 5.74722 5.69807 5.67611 5.19216 4.98438 5.9469 5.28969 4.65928 4.53828 4.68902 5.1955 4.36923 4.67603 4.32941 4.14421
threshold=1.0000000180025095e-35 1.0000000180025095e-35 2182.0000000000005 672.50000000000011 10.500000000000002 626.50000000000011 1.0000000180025095e-35 2462.5000000000005 1.0000000180025095e-35 4112.0000000000009 1.0000000180025095e-35 1214.0000000000002 8.5000000000000018 3110.5000000000005 865.00000000000011 110.50000000000001 1.0000000180025095e-35 1609.5000000000002 23.500000000000004 52.500000000000007 44.500000000000007 26.500000000000004 924.00000000000011 880.50000000000011 781.50000000000011 1.0000000180025095e-35 1281.5000000000002 34.500000000000007 31.500000000000004 17.500000000000004
decision_type=2 2 2 2 2 2 2 2 2 2 2 2 2 2 2 2 2 2 2 2 2 2 2 2 2 2 2 2 2 2
left_child=2 10 3 4 6 8 -1 9 17 11 -2 12 19 14 15 29 22 23 -17 20 21 -5 -10 24 25 -6 27 -27 -23 -7
right_child=1 -3 -4 7 5 13 -8 -9 16 -11 -12 -13 -14 -15 -16 18 -18 -19 -20 -21 -22 28 -24 -25 -26 26 -28 -29 -30 -31
leaf_value=-0.00013632154635660968 0.0072227956324987883 0.052144631491666399 -0.045764258903408295 0.028224456408253606 0.0093801953309963215 -0.025110602676118077 0.066480777317887416 -0.048370113612428198 -0.018270469971173191 0.042870941839549308 0.02865831709112527 0.071919548604277808 -0.019718469212130808 0.064542722778377762 -0.042466785868542876 0.015561380978933849 -0.038121778848473072 -0.057525031824707744 -0.050564431391030257 -0.023999841927451526 0.071436492609864705 0.017337134706146475 -0.046604786424546268 -0.050149795428718974 0.05543382775033269 -0.021492639751285902 -0.063443009184332919 0.011336069174881842 -0.021329275222980792 0.014206597495798931
leaf_weight=47.330900862812996 213.12241961061954 55.844281107187271 29.38636539876461 32.90211908519268 41.405432790517807 7.2552548050880423 10.581796959042547 9.3916711583733541 191.62161576747894 20.699282608926296 61.900102272629738 3.6547349765896788 30.324584640562534 4.1136506721377364 9.3843164741992933 4.7245967239141446 58.538376204669476 5.131223000586032 7.7172230109572411 7.4802296161651602 4.8770491480827323 15.094230122864248 15.657578855752943 4.9841970875859252 3.3652696609497061 30.968873575329781 4.0738073885440818 16.587399289011955 13.727896168828009 76.345978878438473
leaf_count=202 932 598 206 155 211 33 60 72 1059 140 441 20 147 21 54 25 363 41 46 36 25 77 117 34 22 154 23 83 67 348
internal_value=2.35346e-05 0.018836 -0.0087778 -0.00716805 -0.011181 -0.0139844 0.0121296 0.00850806 -0.0193067 0.012691 0.012056 0.00687572 0.00453222 0.00410739 0.00169035 0.0060446 -0.0243407 -0.00673309 -0.0255303 0.0144722 0.0188227 0.0145566 -0.0204322 -0.0041083 -0.00167832 -0.00380148 -0.0143704 -0.0100424 -0.00108964 0.0107686
internal_weight=1038.19 330.867 707.326 677.939 539.787 481.875 57.9127 138.152 372.334 128.76 275.023 108.061 104.406 109.541 105.427 96.0431 265.818 106.516 12.4418 74.0815 66.6013 61.7242 207.279 101.385 96.4008 93.0355 51.6301 47.5563 28.8221 83.6012
internal_count=5812 1971 3841 3635 2896 2634 262 739 2107 667 1373 527 507 527 506 452 1539 568 71 360 324 299 1176 527 493 471 260 237 144 381
is_linear=0
shrinkage=0.05


Tree=33
num_leaves=31
num_cat=0
split_feature=9 6 5 6 4 4 1 5 7 2 5 1 3 4 5 3 2 0 0 0 5 5 4 3 4 4 4 1 3 0
split_gain=62.8293 28.9475 16.0093 17.2856 20.7117 13.6853 13.4195 8.4869 8.25156 6.62012 6.36003 6.11919 6.78875 4.94669 5.23997 4.91364 4.48861 7.09175 4.3621 4.2957 4.22358 5.49714 4.2897 6.48667 7.67198 5.30097 4.86722 10.881 4.20986 5.56073
threshold=1.0000000180025095e-35 1.0000000180025095e-35 913.00000000000011 1.0000000180025095e-35 2462.5000000000005 435.50000000000006 103.50000000000001 308.50000000000006 1.0000000180025095e-35 9357.5000000000018 343.50000000000006 2636.5000000000005 1971.5000000000002 202.50000000000003 10.500000000000002 1214.0000000000002 1208.5000000000002 20.500000000000004 39.500000000000007 30.500000000000004 52.500000000000007 25.500000000000004 58.500000000000007 1.0000000180025095e-35 123.50000000000001 7.5000000000000009 1.5000000000000002 736.00000000000011 3.5000000000000004 47.500000000000007
decision_type=2 2 2 2 2 2 2 2 2 2 2 2 2 2 2 2 2 2 2 2 2 2 2 2 2 2 2 2 2 2
left_child=2 8 3 5 13 6 7 15 -2 -4 -7 12 20 16 -15 -1 17 -5 19 -19 21 22 25 -24 -25 26 -8 -28 29 -9
right_child=1 -3 9 4 -6 10 11 28 -10 -11 -12 -13 -14 14 -16 -17 -18 18 -20 -21 -22 -23 23 24 -26 -27 27 -29 -30 -31
leaf_value=0.0028794906856934393 0.0068759004090658497 0.051693997810073167 -0.034747763283632577 0.066280488439323326 -0.043071447577147044 -0.032068356395302519 -0.018658108863170247 -0.014427184453972501 0.027764612231876113 0.033352631512799158 0.036564399070446618 -0.057842740440221398 0.045152128927323482 0.043021071007997201 -0.001516315901283359 0.033149986805687155 0.055433197775286137 0.012672043212785915 0.039280050048993917 -0.052680980768519403 -0.031912840099741227 0.028882716087636363 0.046632754866403503 0.033101982730487173 -0.035301129346562279 -0.044020258641256624 0.064576093660349956 -0.033494802331625495 -0.035495749845260202 0.046453685411790707
leaf_weight=223.03579720854759 212.69712816178799 53.572969868779182 66.202856123447418 6.21096193045378 12.934861809015272 72.261661842465401 72.725830629467964 28.005873411893845 60.731365948915482 3.6949579715728751 3.4601223766803733 8.5113078653812391 4.5307981371879569 9.0630913898348791 23.62585386633873 14.165835142135618 18.236450046300888 5.6546330302953702 5.3742125257849684 4.3847150728106499 34.210833594202995 7.5786632150411597 6.4686576128006008 6.2074717283248928 11.630993232131003 17.710425674915314 5.6858001053333265 5.4441458284854889 20.013180091977119 4.2297099828720084
leaf_count=976 932 598 448 35 103 469 404 158 441 17 21 54 22 51 128 81 133 26 25 20 195 40 35 32 69 97 28 36 115 23
internal_value=2.26931e-05 0.0181188 -0.00841703 -0.00590069 0.0149937 -0.00917491 -0.0059945 0.000680847 0.011524 -0.0311053 -0.0288881 -0.0166814 -0.0146145 0.0253911 0.0109253 0.00470047 0.0371971 0.0216338 0.003332 -0.0161091 -0.0162555 -0.0122209 -0.0147166 0.00413761 -0.0114462 -0.0192285 -0.0139462 0.0167342 -0.0175418 -0.0063199
internal_weight=1028.26 327.001 701.26 631.362 85.4848 545.877 470.155 289.45 273.428 69.8978 75.7218 180.705 172.194 72.5499 32.6889 237.202 39.861 21.6245 15.4136 10.0393 167.663 133.452 125.873 24.3071 17.8385 101.566 83.8558 11.1299 52.2488 32.2356
internal_count=5812 1971 3841 3376 521 2855 2365 1353 1373 465 490 1012 958 418 179 1057 239 106 71 46 936 741 701 136 101 565 468 64 296 181
is_linear=0
shrinkage=0.05


Tree=34
num_leaves=31
num_cat=0
split_feature=9 6 5 2 4 1 5 4 7 11 2 3 4 3 4 0 0 5 0 4 5 1 0 8 12 0 0 0 0 11
split_gain=57.3884 28.0293 15.2819 15.0338 13.1233 13.9484 12.6684 11.4445 7.71014 4.76054 4.45901 4.39629 4.32527 6.96571 6.90312 4.30095 3.93462 3.87802 5.63454 4.38335 4.34103 3.94407 3.7816 3.57408 4.01882 4.24955 9.16165 4.13703 3.784 4.67665
threshold=1.0000000180025095e-35 1.0000000180025095e-35 2182.0000000000005 1389.5000000000002 658.50000000000011 414.50000000000006 119.50000000000001 1372.5000000000002 1.0000000180025095e-35 1.0000000180025095e-35 4112.0000000000009 1322.0000000000002 31.500000000000004 859.50000000000011 611.50000000000011 16.500000000000004 49.500000000000007 22.500000000000004 44.500000000000007 131.50000000000003 394.50000000000006 1.0000000180025095e-35 48.500000000000007 1.0000000180025095e-35 1.0000000180025095e-35 3.5000000000000004 9.5000000000000018 17.500000000000004 42.500000000000007 1.0000000180025095e-35
decision_type=2 2 2 2 2 2 2 2 2 2 2 2 2 2 2 2 2 2 2 2 2 2 2 2 2 2 2 2 2 2
left_child=2 8 3 4 5 6 12 10 23 11 17 -7 -1 14 -14 -10 -8 18 -5 21 -21 -19 -17 24 28 -26 -27 -28 29 -2
right_child=1 -3 -4 7 -6 9 16 -9 15 -11 -12 -13 13 -15 -16 22 -18 19 -20 20 -22 -23 -24 -25 25 26 27 -29 -30 -31
leaf_value=0.0067300506937945301 0.034290984294807279 0.051253715261624977 -0.044179012306320056 0.058724269293622011 -0.029854754606472397 -0.026070503080004255 -0.020093166103019339 -0.025990330040620749 0.057731423218238265 0.011850074033931847 0.047314146912709958 0.011191867818472062 -0.019003926548668355 0.034047727376495134 0.041011093896355669 0.015934525526348869 0.012547376709859346 0.044826114184406116 -0.012392989975491542 -0.048701340522983069 0.010969346976590195 -0.010071503152008943 0.058596628177348231 0.035949044582043614 0.024214115711679012 -0.049787877286933055 0.020226589138423991 -0.0046391195693991525 -0.017713154227023391 0.0076071241982465275
leaf_weight=228.51159632205963 26.5482487231493 51.387755692005157 28.023171678185463 9.4516469091176969 67.45620559155941 111.72395914793015 93.322258971631527 13.292610332369803 9.4365504682064039 10.321968361735342 16.428428195416927 8.4644342362880689 54.271784350275993 8.6523458957672101 5.1607602536678305 44.358203932642937 10.178090676665304 8.5564534738659876 3.8884154707193366 5.6246669739484769 6.4555715397000313 5.2093729153275481 5.8124944418668738 9.7578472942113859 15.216146573424338 9.7963196039199811 21.147736698389053 78.5269415974617 8.3101358413696271 42.985042929649353
leaf_count=1011 125 598 206 55 478 709 534 83 77 51 125 35 271 43 31 321 56 47 21 28 30 27 43 46 67 40 89 329 36 200
internal_value=2.27479e-05 0.0174236 -0.00807276 -0.00654933 -0.00909781 -0.00645385 -0.00182198 0.0155507 0.0110132 -0.0206412 0.0255084 -0.0234391 0.00343461 -0.00761944 -0.0137325 0.0268884 -0.0168743 0.0162693 0.0380567 0.00492071 -0.0169856 0.0241285 0.0209838 0.00654517 0.00511146 -0.000455498 -0.00390347 0.000651563 0.0140176 0.0178298
internal_weight=1018.28 323.283 694.994 666.971 598.063 530.607 400.097 68.9072 271.896 130.51 55.6146 120.188 296.596 68.0849 59.4325 59.6072 103.5 39.1861 13.3401 25.8461 12.0802 13.7658 50.1707 212.288 202.531 124.687 109.471 99.6747 77.8434 69.5333
internal_count=5812 1971 3841 3635 3219 2741 1946 416 1373 795 333 744 1356 345 302 441 590 208 76 132 58 74 364 932 886 525 458 418 361 325
is_linear=0
shrinkage=0.05


Tree=35
num_leaves=31
num_cat=0
split_feature=9 6 5 2 4 1 4 5 7 3 1 2 1 4 3 3 3 0 8 0 4 5 4 4 4 0 0 1 3 5
split_gain=52.4498 27.0923 14.3386 13.8696 11.2719 12.049 10.1249 9.58321 7.19905 6.3077 6.261 6.1972 5.77243 5.30543 5.04402 4.47578 7.46658 5.0234 4.40608 4.20531 4.13873 4.12147 4.68814 3.83808 4.77478 4.43054 6.00959 5.47358 4.67882 3.78282
threshold=1.0000000180025095e-35 1.0000000180025095e-35 2022.0000000000002 781.50000000000011 435.50000000000006 103.50000000000001 2462.5000000000005 559.50000000000011 1.0000000180025095e-35 1849.0000000000002 2636.5000000000005 6922.5000000000009 112.50000000000001 49.500000000000007 1971.5000000000002 1214.0000000000002 8.5000000000000018 52.500000000000007 1.0000000180025095e-35 16.500000000000004 217.50000000000003 39.500000000000007 1372.5000000000002 55.500000000000007 101.50000000000001 19.500000000000004 28.500000000000004 461.00000000000006 3.5000000000000004 1.5000000000000002
decision_type=2 2 2 2 2 2 2 2 2 2 2 2 2 2 2 2 2 2 2 2 2 2 2 2 2 2 2 2 2 2
left_child=2 8 3 4 5 7 11 9 -2 13 12 15 -7 18 23 16 17 21 -1 -10 -18 -5 -23 -14 -25 -26 28 -28 -27 -6
right_child=1 -3 -4 6 29 10 -8 -9 19 -11 -12 -13 14 -15 -16 -17 20 -19 -20 -21 -22 22 -24 24 25 26 27 -29 -30 -31
leaf_value=0.0068048832837361269 0.0062412392597139387 0.050822358451095284 -0.040856885376549405 0.035832952179054592 -0.036635734933514519 -0.084027608161777137 -0.045066162446158353 -0.022068439789024424 0.05724279436807142 0.05538404717197154 -0.057235777387591995 0.059162851468216683 -0.018630463169869396 -0.015432548565041558 0.037274186300338831 0.065511131455194008 -0.0006679841843767484 -0.021435102856455144 -0.037699840137050446 0.020234447249810428 -0.044014005681080937 0.016505348373295838 -0.044061243478952905 0.03612414772861585 -0.049158544953000337 0.076333859622522801 0.023365904369288627 -0.048885292645779656 0.0021544495369647241 -0.015290211557849202
leaf_weight=198.88697537779808 211.64300540089607 49.286807388067245 31.106089390814304 28.646776057779789 43.055880300700665 2.833194136619567 7.6667245253920546 42.115705959498882 9.0518359616398794 5.6696042120456687 8.9302883744239789 7.0224395617842665 127.56947366893291 35.176721394062042 4.7110518515110007 3.4985405653715125 17.317408777773384 7.3348768204450598 5.6229041367769232 49.47021558880806 7.9768137186765662 27.347264789044861 3.5190685391426078 7.2380773872137061 5.4501223266124752 3.4780924916267413 4.0321281701326352 7.1441091448068619 5.251910075545311 40.456293612718582
leaf_count=883 932 598 230 155 296 15 63 266 77 40 59 53 733 173 23 21 86 38 24 364 42 148 21 40 31 20 20 45 32 284
internal_value=2.49186e-05 0.0167685 -0.0077388 -0.00616711 -0.00942547 -0.0063794 0.00999969 -6.31838e-05 0.0105394 0.0037215 -0.0166529 0.0141518 -0.0144591 0.00247687 -0.0132134 0.0107885 0.00864196 0.0173908 0.00556342 0.0260466 -0.0144571 0.022204 0.00948017 -0.0147208 0.000591122 -0.00965399 0.0013536 -0.0228427 0.0322378 -0.0263259
internal_weight=1008.51 319.452 689.059 657.952 547.623 464.11 110.33 287.472 270.165 245.356 176.638 102.663 167.708 239.687 164.875 95.6407 92.1422 66.848 204.51 58.5221 25.2942 59.5131 30.8663 160.164 32.5944 25.3564 19.9062 11.1762 8.73 83.5122
internal_count=5812 1971 3841 3611 2984 2404 627 1386 1373 1120 1018 564 959 1080 944 511 490 362 907 441 128 324 169 921 188 148 117 65 52 580
is_linear=0
shrinkage=0.05


Tree=36
num_leaves=31
num_cat=0
split_feature=9 6 4 2 5 5 1 3 4 0 2 3 0 7 7 3 15 3 4 5 10 1 3 0 0 5 0 0 7 4
split_gain=47.8923 26.1886 13.5663 13.5008 13.63 11.2555 10.7277 9.10929 8.4601 8.66851 8.04259 6.90388 6.75752 8.80718 6.72112 6.25974 5.74286 5.1957 5.11385 7.07522 4.85122 4.73913 4.65124 7.14219 4.11355 3.7344 3.7123 3.60763 9.31981 3.46561
threshold=1.0000000180025095e-35 1.0000000180025095e-35 1110.5000000000002 672.50000000000011 1240.5000000000002 4368.0000000000009 853.50000000000011 1971.5000000000002 7.5000000000000009 42.500000000000007 4112.0000000000009 1214.0000000000002 7.5000000000000009 1.0000000180025095e-35 1.0000000180025095e-35 7.5000000000000009 1.0000000180025095e-35 659.50000000000011 1.5000000000000002 255.00000000000003 1.0000000180025095e-35 2636.5000000000005 757.00000000000011 28.500000000000004 16.500000000000004 800.50000000000011 48.500000000000007 10.500000000000002 1.0000000180025095e-35 4205.5000000000009
decision_type=2 2 2 2 2 2 2 2 2 2 2 2 2 2 2 2 2 2 2 2 2 2 2 2 2 2 2 2 2 2
left_child=2 14 3 4 6 10 7 8 9 12 11 15 13 -1 -2 25 17 18 20 -20 27 -8 23 -19 -16 -5 -26 -14 -29 -4
right_child=1 -3 29 5 -6 -7 21 -9 -10 -11 -12 -13 16 -15 24 -17 -18 22 19 -21 -22 -23 -24 -25 26 -27 -28 28 -30 -31
leaf_value=0.0032835901281251588 0.0059401490893212679 0.050398617410141858 -0.025204065767488227 0.018742255666132225 -0.052557034032207996 -0.057936882888666164 -0.021295268642040382 0.046188984120331372 -0.014977419366770765 0.022617521358064663 0.044291997318381411 0.074137915390233067 0.0047289577275950751 0.061486367297290727 0.056782803097485818 -0.014009426012751448 0.048092947104555819 0.060214256437294361 0.048509052907727224 -0.026560433606537912 0.014861918391382857 -0.061589858553547087 -0.0048438090415797441 -0.017169547288526082 0.014500104434730191 -0.012223420168386014 0.057826339488266446 -0.017423779499505122 -0.06229621188468093 -0.057189424504448229
leaf_weight=35.984819382429123 211.26699483394623 47.268142282962799 42.051531955599785 55.371327698230743 17.248531132936478 5.8142701014876357 53.96687975525856 8.5434765517711622 154.11013595759869 35.754473105072975 17.168994702398777 3.6282197237014762 12.87741534411907 7.8359153717756262 8.6791466698050481 30.361037708818913 4.3540204465389243 7.8514182567596418 7.1655540168285352 5.4401879906654358 10.742620423436163 8.3946118950843793 29.982365489006042 4.7124108970165253 43.290578439831734 11.736390739679335 5.5055649727582923 88.402982734143734 13.247681006789206 10.652557149529455
leaf_count=155 932 598 310 269 140 39 360 55 877 173 131 21 55 50 77 148 20 35 35 33 49 58 135 20 321 63 43 448 68 94
internal_value=2.3712e-05 0.0161167 -0.00741911 -0.00537993 -0.00900012 0.00939651 -0.00745446 -0.00462219 -0.00567036 -0.000240974 0.012753 0.0073583 -0.00382455 0.0138076 0.0100705 0.00479903 -0.00801131 -0.00939113 -0.0141021 0.0161577 -0.0171576 -0.0268093 0.00587271 0.0312829 0.0252161 0.0133166 0.0194968 -0.0201713 -0.0233273 -0.031765
internal_weight=999.41 316.01 683.4 630.696 506.615 124.08 489.367 427.005 418.462 264.352 118.266 101.097 228.597 43.8207 268.742 97.4688 184.777 180.423 137.876 12.6057 125.271 62.3615 42.5462 12.5638 57.4753 67.1077 48.7961 114.528 101.651 52.7041
internal_count=5812 1971 3841 3437 2766 671 2626 2208 2153 1276 632 501 1103 205 1373 480 898 878 688 68 620 418 190 55 441 332 364 571 516 404
is_linear=0
shrinkage=0.05


Tree=37
num_leaves=31
num_cat=0
split_feature=9 6 5 2 4 3 1 5 6 4 7 4 0 4 5 12 3 0 3 0 0 1 0 15 5 2 0 0 12 11
split_gain=43.7202 25.2922 12.9432 14.6628 15.4158 11.455 10.8276 9.83245 9.17932 7.25794 6.27415 5.69119 5.435 6.63133 5.42369 4.7363 4.56615 4.22719 4.16624 4.07977 4.44684 3.54692 3.49095 3.38873 3.15454 3.80172 3.11715 4.82788 3.11739 4.40144
threshold=1.0000000180025095e-35 1.0000000180025095e-35 4212.0000000000009 4112.0000000000009 924.00000000000011 1971.5000000000002 408.00000000000006 119.50000000000001 1.0000000180025095e-35 413.50000000000006 1.0000000180025095e-35 2992.5000000000005 40.500000000000007 611.50000000000011 19.500000000000004 1.0000000180025095e-35 64.500000000000014 24.500000000000004 51.500000000000007 21.500000000000004 48.500000000000007 1405.5000000000002 38.500000000000007 1.0000000180025095e-35 856.50000000000011 672.50000000000011 42.500000000000007 53.500000000000007 1.0000000180025095e-35 1.0000000180025095e-35
decision_type=2 2 2 2 2 2 2 2 2 2 2 2 2 2 2 2 2 2 2 2 2 2 2 2 2 2 2 2 2 2
left_child=2 10 3 4 5 6 7 8 9 -1 23 -5 14 -14 18 16 21 -17 -11 -12 -21 -8 24 26 -9 -26 28 -28 29 -2
right_child=1 -3 -4 11 -6 -7 15 22 -10 12 19 -13 13 -15 -16 17 -18 -19 -20 20 -22 -23 -24 -25 25 -27 27 -29 -30 -31
leaf_value=0.0026005728258966664 0.033302462614388635 0.049981244129292002 -0.057485643130370391 0.040524894131295501 -0.034721956561381502 0.043126515180765657 0.01966898247462838 -0.01377157100742705 0.030713165238934855 -0.047836063862599414 0.043986359023448128 -0.037712483033273327 -0.035313562961443348 0.05108920066494356 0.014752393048363718 -0.011638334857176949 -0.027097667109226394 -0.033226744294766207 0.00011489144384124457 0.0082682470370861721 0.057293912286738774 -0.030482238801590473 9.4543760099238294e-06 -0.029920620213237992 -0.049599049216963446 -0.0098938417952317195 -0.024513655723218133 0.022788186582420277 0.0038676072171074023 0.0073708351720975594
leaf_weight=257.50428123027086 26.629051804542542 45.329684138298035 12.41739836335182 21.441306635737423 48.336263008415699 11.826783724129198 18.345496207475666 68.524534553289413 25.350571006536484 22.085722282528881 18.02685472369194 2.5267298594117156 3.7393996119499189 5.1837126761674881 5.8358746618032447 37.361732572317123 12.840866476297377 58.201657593250275 5.6915490478277198 33.157237440347672 5.2853943258523932 4.2648468464612952 30.743065759539604 6.3920208662748328 15.681643128395082 9.8523583933711034 17.16699488461018 7.7542914599180213 110.56799951195717 42.395986557006836
leaf_count=1141 128 598 100 152 382 72 94 383 134 147 152 20 23 31 38 238 69 401 38 246 43 25 176 28 123 54 72 33 472 199
internal_value=2.42917e-05 0.0154868 -0.00711109 -0.00616243 -0.00759913 -0.00538296 -0.00637731 -0.00269402 0.001883 -0.000562295 0.00962226 0.0321546 -0.0196707 0.0148904 -0.0288624 -0.0190221 -0.00340111 -0.0248075 -0.0380458 0.02441 0.0151398 0.0101167 -0.0146195 0.00565318 -0.0193959 -0.0343771 0.00677911 -0.00976337 0.00907879 0.0174087
internal_weight=990.461 312.706 677.756 665.338 641.37 593.034 581.207 450.193 325.391 300.041 267.376 23.968 42.5363 8.92311 33.6131 131.015 35.4512 95.5634 27.7773 56.4695 38.4426 22.6103 124.802 210.906 94.0585 25.534 204.514 24.9213 179.593 69.025
internal_count=5812 1971 3841 3741 3569 3187 3115 2288 1552 1418 1373 172 277 54 223 827 188 639 185 441 289 119 736 932 560 177 904 105 799 327
is_linear=0
shrinkage=0.05


Tree=38
num_leaves=31
num_cat=0
split_feature=9 6 5 6 4 4 1 5 7 3 4 2 5 3 3 12 4 0 1 2 0 7 4 3 2 0 0 0 0 5
split_gain=39.931 24.3964 12.2764 12.114 15.1647 10.1709 9.20507 9.39934 5.84647 5.68995 6.09494 5.63297 4.97723 6.66793 4.91923 4.1994 4.81143 5.17449 4.95382 6.56083 5.78119 15.1453 4.89511 4.35656 4.07112 6.20085 7.13728 4.47369 3.99638 3.91124
threshold=1.0000000180025095e-35 1.0000000180025095e-35 1542.0000000000002 1.0000000180025095e-35 3143.5000000000005 658.50000000000011 853.50000000000011 119.50000000000001 1.0000000180025095e-35 2733.0000000000005 217.50000000000003 9357.5000000000018 72.500000000000014 9.5000000000000018 1296.5000000000002 1.0000000180025095e-35 57.500000000000007 37.500000000000007 323.50000000000006 5.5000000000000009 10.500000000000002 1.0000000180025095e-35 2.5000000000000004 473.50000000000006 1208.5000000000002 17.500000000000004 38.500000000000007 30.500000000000004 16.500000000000004 31.500000000000004
decision_type=2 2 2 2 2 2 2 2 2 2 2 2 2 2 2 2 2 2 2 2 2 2 2 2 2 2 2 2 2 2
left_child=2 8 3 5 9 6 7 14 -2 10 24 -4 13 -12 15 -1 17 18 19 20 21 -17 -19 -22 25 -5 27 -27 -10 -21
right_child=1 -3 11 4 -6 -7 -8 -9 28 -11 12 -13 -14 -15 -16 16 -18 22 -20 29 23 -23 -24 -25 -26 26 -28 -29 -30 -31
leaf_value=0.0080238668344489658 0.0053856589624195301 0.049569076883949632 -0.039263087265711559 0.062838629701188517 -0.046679607807056794 -0.030689924122522284 -0.024154170911892734 -0.017039064012250593 0.056027770105143038 0.081753108637275917 0.045000274324207057 0.02934510015604588 -0.013808171052014151 -0.027711132352824915 0.025513370671343211 -0.011183115099174997 -0.0189651768073596 0.026734800291168922 -0.026650317326863245 0.0088099111284218982 -0.040143900316221025 0.065149112026210654 -0.017176205284043216 -0.0078029263160696236 0.045170934688628199 0.0040176089377529645 0.042203788161867185 -0.059152670255462531 0.01801952373563542 0.051895563947259409
leaf_weight=93.567904755473137 210.4089729487896 43.469258695840836 36.626476548612118 4.9617051184177425 9.8914262875914556 45.123658590018749 60.586459666490555 97.321638040244579 8.0456632226705533 3.3180988505482665 10.462948076426981 3.1856433898210517 22.431494422256947 4.4155574291944495 18.608060643076897 31.233089879155159 46.070773281157017 26.718017548322678 22.320552051067352 33.156258299946785 18.426120892167091 8.099290654063223 8.2383427619934064 23.918718382716179 19.900535605847836 6.3454891294240969 6.3095963895320883 4.9033432975411415 47.457086876034737 6.1772599145770064
leaf_count=437 932 598 291 29 91 329 416 573 77 18 66 14 132 24 107 128 256 122 136 146 75 49 38 100 152 31 30 24 364 27
internal_value=2.28477e-05 0.0148854 -0.00681767 -0.00511969 0.0115443 -0.00799167 -0.0059144 -0.00336231 0.0091991 0.0185268 0.0157965 -0.0337135 0.00104479 0.0233805 0.000596732 -0.000869189 -0.00457993 -0.000854134 -0.0050625 -0.00106188 -0.00913888 0.00466051 0.0163666 -0.0219373 0.028738 0.014081 2.51204e-05 -0.0237968 0.02362 0.0156909
internal_weight=981.699 309.381 672.318 632.506 92.9402 539.566 494.442 433.856 265.912 83.0488 79.7307 39.8121 37.31 14.8785 336.534 317.926 224.358 178.288 143.331 121.011 81.6772 39.3324 34.9564 42.3448 42.4207 22.5201 17.5584 11.2488 55.5028 39.3335
internal_count=5812 1971 3841 3536 597 2939 2610 2194 1373 506 488 305 222 90 1621 1514 1077 821 661 525 352 177 160 175 266 114 85 55 441 173
is_linear=0
shrinkage=0.05


Tree=39
num_leaves=31
num_cat=0
split_feature=9 6 5 2 4 3 1 5 2 4 3 7 4 12 3 0 0 1 5 0 8 0 0 0 15 1 4 2 6 0
split_gain=36.4318 23.5248 12.0121 13.0513 13.8754 9.93433 9.31504 8.13098 7.97035 6.45501 7.74867 5.44369 4.96538 4.22613 4.16839 4.13697 3.90584 3.8172 7.08315 3.53227 3.30946 3.61901 3.26974 3.53871 3.09773 3.09496 2.93579 2.78825 2.7423 4.36377
threshold=1.0000000180025095e-35 1.0000000180025095e-35 4212.0000000000009 4112.0000000000009 924.00000000000011 1971.5000000000002 408.00000000000006 119.50000000000001 1781.5000000000002 31.500000000000004 859.50000000000011 1.0000000180025095e-35 2992.5000000000005 1.0000000180025095e-35 64.500000000000014 24.500000000000004 16.500000000000004 82.500000000000014 1.5000000000000002 48.500000000000007 1.0000000180025095e-35 1.0000000180025095e-35 49.500000000000007 57.500000000000007 1.0000000180025095e-35 1405.5000000000002 712.50000000000011 1.0000000180025095e-35 1.0000000180025095e-35 23.500000000000004
decision_type=2 2 2 2 2 2 2 2 2 2 2 2 2 2 2 2 2 2 2 2 2 2 2 2 2 2 2 2 2 2
left_child=2 11 3 4 5 6 7 8 9 28 17 20 -5 14 25 -15 -13 -11 -19 -18 21 -2 26 -24 -23 27 -9 -8 -1 -30
right_child=1 -3 -4 12 -6 -7 13 22 -10 10 -12 16 -14 15 -16 -17 19 18 -20 -21 -22 24 23 -25 -26 -27 -28 -29 29 -31
leaf_value=0.0034310988796422155 0.035676842055830646 0.049161012919595709 -0.056590267727266254 0.039025005870634455 -0.033263782847211841 0.04070965202698823 0.0009848550945058415 -0.017650146831236353 0.050032469536713586 -0.02101892095357635 0.039830986145186188 0.055635831417311592 -0.035928580536179221 -0.010161655198397984 -0.025844385396721233 -0.031788456088624524 0.012518065486440683 -0.017082850969777817 0.046657559900524281 0.056638626084571909 0.033775165581907129 0.0035028910207720353 0.030666064131536698 -0.0214949431263971 -0.032110224987417113 -0.028687775482592565 0.030536034080142622 0.039906750921199351 0.061856588555930306 0.0069999682178804659
leaf_weight=208.23738669604063 8.3998475074768049 41.684638231992722 11.675561197102068 20.758901491761211 46.445081040263176 11.603101171553133 10.139964178204542 106.00842429697514 8.2289271578192693 63.476829752326012 6.8632845580577841 7.7065086811780921 2.3929012790322295 36.586845755577087 12.63260270655155 56.301856219768524 41.862353660166264 12.893245577812197 6.4595405906438819 5.0056422650814048 9.5197451710700971 185.9447563290596 8.052333712577818 5.3188478276133528 6.2137642204761496 4.1455150991678229 3.170062579214572 8.3318851441144925 5.2241212874650982 11.457850776612757
leaf_count=910 40 598 100 152 382 72 53 642 61 357 32 77 20 238 69 401 321 72 36 43 46 819 44 31 27 25 19 41 32 52
internal_value=2.44142e-05 0.0142935 -0.00653607 -0.00563497 -0.00698836 -0.00489742 -0.00582703 -0.00240756 0.00175545 0.000477234 -0.0108569 0.00878518 0.0311568 -0.0177015 -0.00295012 -0.0232902 0.0228404 -0.0150999 0.0043228 0.0173408 0.00512477 0.00374869 -0.013367 0.00991169 0.00233518 0.00989462 -0.0162244 0.0186613 0.00499985 0.0244451
internal_weight=972.742 306.337 666.405 654.73 631.578 585.133 573.53 445.391 322.841 314.612 89.6929 264.653 23.1518 128.139 35.25 92.8887 54.5745 82.8296 19.3528 46.868 210.078 200.558 122.55 13.3712 192.159 22.6174 109.178 18.4718 224.919 16.682
internal_count=5812 1971 3841 3741 3569 3187 3115 2288 1552 1491 497 1373 172 827 188 639 441 465 108 364 932 886 736 75 846 119 661 94 994 84
is_linear=0
shrinkage=0.05


Tree=40
num_leaves=31
num_cat=0
split_feature=9 6 5 2 4 3 1 5 6 7 4 3 3 4 5 0 0 14 2 1 2 1 2 3 12 0 0 4 0 0
split_gain=33.243 22.6584 11.3723 11.9493 12.9057 9.25777 8.40587 7.51166 8.02681 5.06672 4.56979 4.53532 4.43648 4.08554 4.10603 3.83245 4.18926 3.50889 4.12645 5.46406 8.2808 3.86441 3.3271 7.74853 3.32266 4.25384 3.98875 4.79278 3.29037 6.19417
threshold=1.0000000180025095e-35 1.0000000180025095e-35 4212.0000000000009 4112.0000000000009 924.00000000000011 1214.0000000000002 408.00000000000006 913.00000000000011 1.0000000180025095e-35 1.0000000180025095e-35 2992.5000000000005 3110.5000000000005 790.50000000000011 49.500000000000007 100.50000000000001 21.500000000000004 48.500000000000007 1.0000000180025095e-35 82.500000000000014 591.50000000000011 193.50000000000003 2636.5000000000005 162.50000000000003 183.50000000000003 1.0000000180025095e-35 24.500000000000004 17.500000000000004 80.500000000000014 39.500000000000007 30.500000000000004
decision_type=2 2 2 2 2 2 2 2 2 2 2 2 2 2 2 2 2 2 2 2 2 2 2 2 2 2 2 2 2 2
left_child=2 9 3 4 5 6 7 8 13 -2 -5 -7 17 14 22 -11 -17 18 21 -20 -21 24 -1 -24 -8 26 -26 -28 29 -10
right_child=1 -3 -4 10 -6 11 12 -9 28 15 -12 -13 -14 -15 -16 16 -18 -19 19 20 -22 -23 23 -25 25 -27 27 -29 -30 -31
leaf_value=-0.0011657884927860544 0.0048798297166215282 0.048756021667335767 -0.055904089483662156 0.037686383343869097 -0.032323841056357237 0.013785862724106014 -5.2418636378638627e-05 -0.027361702080855761 0.029194525472891711 0.042000623625195584 -0.035086081866980888 0.069640486913174385 -0.059938924735304822 -0.012208722044248449 -0.011842193430151101 0.0065297141193730538 0.056172223691074247 -0.06051583224792341 -0.029738245847528818 0.088311890643599664 0.0010104371592986924 -0.058213200589848517 0.0037247179458724899 0.046486129209022259 -0.048750970055272402 -0.033483821121199131 -0.010947331824283337 0.04422617374187722 0.045840709712662936 -0.02275585657138661
leaf_weight=142.4444252550602 209.6897194236517 39.97355492413044 11.240207888185976 20.433426335453991 45.434818379580975 29.764718353748322 23.782773718237877 29.267717525362968 17.151188217103485 16.591450579464436 2.3318111374974242 4.0556492358446112 5.8796140328049651 96.20670048892498 58.808752447366714 32.28865322470665 4.8008579462766638 4.1164381504058829 6.9773629978299168 3.6007004901766768 10.219641320407389 5.6824916973710051 51.834443993866444 13.22207100689411 4.5025624111294773 34.734454587101936 15.91545206308365 5.1190868616104117 9.893380329012869 8.5091316476464254
leaf_count=617 932 598 100 152 382 163 128 211 95 152 20 21 41 565 332 246 43 29 41 24 59 44 229 60 31 262 107 33 53 42
internal_value=2.56073e-05 0.0137271 -0.00626212 -0.00539507 -0.00668859 -0.00468105 -0.00624944 -0.00295844 -0.00115779 0.00839399 0.0301116 0.0206694 -0.0179054 -0.00338328 -0.000191633 0.0220865 0.0130892 -0.0156995 -0.0139773 0.00606645 0.0242266 -0.0186243 0.00311442 0.0124735 -0.0158819 -0.0221176 -0.00658755 0.00262574 0.0214798 0.011946
internal_weight=964.473 303.344 661.129 649.889 627.124 581.689 547.868 427.338 398.07 263.371 22.7652 33.8204 120.531 362.516 266.31 53.681 37.0895 114.651 110.535 20.7977 13.8203 89.7368 207.501 65.0565 84.0543 60.2716 25.5371 21.0345 35.5537 25.6603
internal_count=5812 1971 3841 3741 3569 3187 3003 2204 1993 1373 172 184 799 1803 1238 441 289 758 729 124 83 605 906 289 561 433 171 140 190 137
is_linear=0
shrinkage=0.05


Tree=41
num_leaves=31
num_cat=0
split_feature=9 6 5 2 4 3 1 5 2 4 7 2 5 3 4 1 0 1 0 5 1 3 4 4 2 5 0 8 5 4
split_gain=30.3256 21.8114 10.7659 10.9392 11.9929 8.45309 7.99157 8.17115 8.78557 5.97616 4.71356 4.55335 4.50854 4.41286 4.20472 3.87876 6.49901 7.15642 3.78739 3.74583 7.90934 3.70724 3.61407 5.47248 3.5483 7.16549 3.30711 3.297 3.21608 3.15907
threshold=1.0000000180025095e-35 1.0000000180025095e-35 4212.0000000000009 4112.0000000000009 924.00000000000011 3110.5000000000005 853.50000000000011 119.50000000000001 1781.5000000000002 123.50000000000001 1.0000000180025095e-35 66.000000000000014 13.500000000000002 1971.5000000000002 2992.5000000000005 103.50000000000001 40.500000000000007 606.00000000000011 16.500000000000004 1.5000000000000002 82.500000000000014 193.50000000000003 564.50000000000011 413.50000000000006 1.0000000180025095e-35 179.50000000000003 48.500000000000007 1.0000000180025095e-35 1.0000000180025095e-35 61.500000000000007
decision_type=2 2 2 2 2 2 2 2 2 2 2 2 2 2 2 2 2 2 2 2 2 2 2 2 2 2 2 2 2 2
left_child=2 10 3 4 5 6 7 8 9 13 -2 19 22 15 -5 -1 29 21 -12 -11 -21 -18 23 -13 28 -26 -20 -9 -8 -17
right_child=1 -3 -4 14 -6 -7 24 27 -10 11 18 12 -14 -15 -16 16 17 -19 26 20 -22 -23 -24 -25 25 -27 -28 -29 -30 -31
leaf_value=0.0056393424883278056 0.0046428412423472768 0.048353128003504164 -0.055237407010784667 0.036381363356811677 -0.031397679967203856 0.066957430434068363 -0.021240263058188623 -0.015054221364865832 0.050858128871284464 -0.0304341691213692 0.054995961166090179 0.022804220241442779 -0.035035855026369037 0.051668405435967568 -0.034253692737776363 -0.018438709921373062 -0.033113741009249319 0.071798762404594624 0.011403635937227735 -0.026638186821370043 0.03909209034110122 0.021993114402866547 0.055960833739002104 -0.048118129687907796 -0.019697313304240127 0.050269967567240365 0.055730404410456347 0.031331255182709544 -0.052354936574038016 0.024175701335908448
leaf_weight=211.7567683160305 209.38653869926929 38.333705306053162 10.818979695439337 20.119778223335747 44.464268699288368 4.0123629570007315 26.276485629379749 127.54019804298878 8.4640866145491582 34.773355484008789 7.1386759877204886 10.504257619380956 5.2096411883831015 4.467976137995719 2.2729919999837866 55.759535349905491 5.0145113021135348 4.6641163825988761 41.081879049539566 12.701496317982675 7.0238840579986563 7.468009814620018 4.4470131918787947 3.5590202361345282 19.582650981843475 4.3963393718004218 4.6027774736285201 3.8585997372865668 12.236888803541659 4.6309556961059561
leaf_count=939 932 598 100 152 382 21 193 779 64 228 77 51 28 37 20 292 23 27 321 81 41 34 27 23 137 26 43 24 89 23
internal_value=2.40595e-05 0.0131744 -0.0060016 -0.00516757 -0.00640379 -0.00447712 -0.00498774 -0.0029248 0.000788776 -0.00036387 0.00801503 -0.0126366 0.00563324 0.00290712 0.0290911 0.00213643 -0.00742509 0.0196642 0.021348 -0.020584 -0.00315359 -0.00023179 0.0172061 0.00464275 -0.0218526 -0.00671392 0.0159816 -0.0136693 -0.0312363 -0.0151363
internal_weight=956.568 300.544 656.024 645.205 622.812 578.348 574.336 511.843 380.445 371.981 262.21 78.2187 23.7199 293.762 22.3928 289.294 77.5371 17.1466 52.8233 54.4987 19.7254 12.4825 18.5103 14.0633 62.4924 23.979 45.6847 131.399 38.5134 60.3905
internal_count=5812 1971 3841 3741 3569 3187 3166 2721 1918 1854 1373 479 129 1375 172 1338 399 84 441 350 122 57 101 74 445 163 364 803 282 315
is_linear=0
shrinkage=0.05


Tree=42
num_leaves=31
num_cat=0
split_feature=9 6 5 6 4 4 1 3 2 5 0 7 3 0 2 2 5 7 0 4 5 2 0 0 1 3 2 1 2 0
split_gain=27.6535 20.9783 10.285 9.20363 12.4991 8.44941 6.62364 5.36839 5.82997 7.2875 6.92287 9.25514 5.4045 5.39602 4.81471 4.69358 5.01344 4.38239 4.02797 3.96449 4.13803 3.99753 6.11941 3.85425 6.25522 5.0232 3.81822 5.66159 3.70775 3.69428
threshold=1.0000000180025095e-35 1.0000000180025095e-35 2022.0000000000002 1.0000000180025095e-35 3143.5000000000005 924.00000000000011 2636.5000000000005 1296.5000000000002 56.500000000000007 6.5000000000000009 7.5000000000000009 1.0000000180025095e-35 634.50000000000011 17.500000000000004 30.500000000000004 6922.5000000000009 913.00000000000011 1.0000000180025095e-35 18.500000000000004 217.50000000000003 10.500000000000002 1208.5000000000002 20.500000000000004 23.500000000000004 89.500000000000014 762.00000000000011 287.50000000000006 270.50000000000006 1.0000000180025095e-35 16.500000000000004
decision_type=2 2 2 2 2 2 2 2 2 2 2 2 2 2 2 2 2 2 2 2 2 2 2 2 2 2 2 2 2 2
left_child=2 17 3 5 15 6 7 8 10 26 11 -1 14 -14 28 16 19 -2 -11 21 -21 22 -5 24 25 -15 -10 -28 -12 -19
right_child=1 -3 -4 4 -6 -7 -8 -9 9 18 12 -13 13 23 -16 -17 -18 29 -20 20 -22 -23 -24 -25 -26 -27 27 -29 -30 -31
leaf_value=-0.0019508779828244123 0.0044170876097268689 0.04795139918731306 -0.036191573877091002 0.062019686007698339 -0.044977587656977097 -0.041381830709926744 -0.053679579140410674 0.01779099104626522 0.027050663945910755 -0.043715547047179913 -0.018061232822878578 0.060040589501616448 -0.042850852244722931 0.079229371150112193 -0.046605023003257258 0.057081209799364832 -0.011660194377803327 0.054657777612342952 -0.0061986643628771237 0.035972635517224232 -0.0060311135546142758 0.051822022057848742 1.7253200691235199e-05 -0.0037578206936033365 -0.022028388081859331 0.015685910595690994 0.011133619207828294 -0.02952171637346809 -0.0019369403880435199 0.015371541083390762
leaf_weight=33.281149312853813 209.09645015001297 36.762785911560059 26.513743340969086 5.3243885785341289 9.2840511277317983 17.215910136699677 7.0431232824921599 24.106592282652855 26.335371620953083 8.1080920398235303 167.82323227822781 7.2491219341754904 6.4521062374114981 5.3744973689317721 12.396210275590418 6.2832864671945563 16.88478247076273 6.8320746049284926 56.155725181102753 7.9773081168532398 21.316330529749393 13.349648207426069 14.94049299508333 38.979479216039181 5.1385719925165168 7.3488625288009644 50.688960641622543 10.20158853381872 45.2951280772686 45.166900515556335
leaf_count=140 932 598 230 35 96 151 55 135 145 43 1014 50 30 23 80 55 101 77 285 50 127 107 72 181 27 32 229 57 291 364
internal_value=2.3744e-05 0.0126406 -0.00574943 -0.0044515 0.00983982 -0.00702816 -0.00586512 -0.00518768 -0.00634318 0.00177391 -0.0100763 0.00925721 -0.0127918 0.000119395 -0.0164139 0.0157977 0.0124794 0.00765233 -0.0109927 0.0189668 0.00549091 0.0306594 0.0165323 0.00506366 0.0242282 0.042936 0.0111815 0.004285 -0.0146368 0.0206283
internal_weight=948.926 297.858 651.068 624.554 95.3603 529.194 511.978 504.935 480.828 151.49 329.338 40.5303 288.808 63.2935 225.515 86.0762 79.793 261.095 64.2638 62.9082 29.2936 33.6145 20.2649 56.8414 17.8619 12.7234 87.2259 60.8905 213.118 51.999
internal_count=5812 1971 3841 3611 643 2968 2817 2762 2627 759 1868 190 1678 293 1385 547 492 1373 328 391 177 214 107 263 82 55 431 286 1305 441
is_linear=0
shrinkage=0.05


Tree=43
num_leaves=31
num_cat=0
split_feature=9 6 5 3 4 2 1 5 2 4 0 0 12 4 7 0 1 4 7 4 3 5 0 1 3 0 0 0 0 0
split_gain=25.2011 20.1622 9.86422 9.66518 9.47089 11.8701 7.24593 6.97132 8.41249 9.02437 5.61979 6.22746 5.39126 5.15885 4.3859 14.163 6.42215 4.25838 4.06633 3.67457 5.45944 3.61088 3.60394 3.49727 3.3689 3.3167 6.33839 3.27286 3.23407 3.20078
threshold=1.0000000180025095e-35 1.0000000180025095e-35 4212.0000000000009 3110.5000000000005 2905.5000000000005 4112.0000000000009 340.00000000000006 11.500000000000002 59.500000000000007 101.50000000000001 40.500000000000007 50.500000000000007 1.0000000180025095e-35 260.50000000000006 1.0000000180025095e-35 12.500000000000002 3.5000000000000004 55.500000000000007 1.0000000180025095e-35 131.50000000000003 53.500000000000007 1542.0000000000002 16.500000000000004 89.500000000000014 845.50000000000011 55.500000000000007 51.500000000000007 15.500000000000002 48.500000000000007 19.500000000000004
decision_type=2 2 2 2 2 2 2 2 2 2 2 2 2 2 2 2 2 2 2 2 2 2 2 2 2 2 2 2 2 2
left_child=2 18 3 4 5 6 7 8 9 12 -11 -12 -1 17 23 -16 -17 -8 -2 -19 -21 25 -20 -14 -10 26 27 -9 -24 -29
right_child=1 -3 -4 -5 -6 -7 13 21 24 10 11 -13 14 -15 15 16 -18 19 22 20 -22 -23 28 -25 -26 -27 -28 29 -30 -31
leaf_value=0.01808422709676491 0.0042020586357252292 0.04754996079538798 -0.0541671041662284 0.061391774034059612 -0.047672501610652451 0.034265005815224646 -0.015994756732776099 -0.043122083661365135 0.012528863206526124 -0.034273104482978149 0.040716739962418223 -0.045552200887947897 -0.007025790545262544 -0.040287753649537544 0.066670175746460905 -0.037094457157469382 0.017320882634182407 0.02889207182013917 0.054336265623077709 0.016698401537463044 -0.061122731208605646 -0.032490079117090863 0.010271197636279799 -0.050583774018492136 0.050461430390310771 -0.035856465175620626 0.051521159584718451 0.012747964509861444 0.055198642219947226 -0.0092199743620020765
leaf_weight=39.276873901486397 208.81899394094944 35.258488819003105 10.150064922869204 5.381216049194335 12.815088756382464 19.126659870147705 101.98915880173445 6.2247953340411177 80.538009583950043 31.559476844966412 5.8444062173366529 3.1312684193253517 73.100663669407368 18.2880699634552 8.5589107573032397 10.399792328476908 11.124225623905657 10.786195293068888 6.5369293317198744 5.6820012032985669 3.6016001924872398 16.363130040466785 40.317583099007607 4.8235540986061087 6.2303935363888732 9.905540466308592 4.525045119225978 18.962993770837784 4.3595170825719824 127.76411960273981
leaf_count=183 932 598 100 30 139 150 672 37 390 223 35 21 317 140 53 44 54 64 77 33 24 139 321 21 37 56 23 114 43 742
internal_value=2.45569e-05 0.0121233 -0.00550556 -0.00472057 -0.00529436 -0.00440775 -0.00564878 -0.00260342 0.00244094 -0.00350814 -0.0243686 0.0104505 0.00224567 -0.0155851 -0.00352543 0.0126635 -0.00902102 -0.011854 0.00730323 0.00916335 -0.0138222 -0.0101389 0.0199151 -0.00978343 0.0153076 -0.00793578 -0.00615788 -0.00789685 0.0147686 -0.00637409
internal_weight=941.445 295.292 646.153 636.003 630.622 617.807 598.68 458.333 274.588 187.819 40.5352 8.97567 147.284 140.347 108.007 30.0829 21.524 122.059 260.033 20.0698 9.2836 183.746 51.214 77.9242 86.7684 167.382 157.477 152.952 44.6771 146.727
internal_count=5812 1971 3841 3741 3711 3572 3422 2489 1378 951 279 56 672 933 489 151 98 793 1373 121 57 1111 441 338 427 972 916 893 364 856
is_linear=0
shrinkage=0.05


Tree=44
num_leaves=31
num_cat=0
split_feature=9 6 5 2 4 3 1 5 6 12 5 2 1 1 4 15 0 4 5 4 1 2 2 11 0 0 7 2 0 0
split_gain=22.9712 19.3602 9.33768 8.81683 10.1513 7.0563 6.55325 4.96037 8.14827 4.56776 4.49379 5.39702 4.26504 5.00774 4.14165 4.22733 4.42674 8.85602 4.75677 7.96722 4.50886 4.0147 5.25862 3.92835 4.10011 6.86889 3.77472 3.67617 3.54097 3.80226
threshold=1.0000000180025095e-35 1.0000000180025095e-35 4212.0000000000009 4112.0000000000009 924.00000000000011 1214.0000000000002 1474.5000000000002 913.00000000000011 1.0000000180025095e-35 1.0000000180025095e-35 1.0000000180025095e-35 103.50000000000001 408.00000000000006 513.50000000000011 57.500000000000007 1.0000000180025095e-35 36.500000000000007 2.5000000000000004 331.00000000000006 26.500000000000004 6.5000000000000009 557.50000000000011 772.50000000000011 1.0000000180025095e-35 21.500000000000004 36.500000000000007 1.0000000180025095e-35 510.50000000000006 21.500000000000004 48.500000000000007
decision_type=2 2 2 2 2 2 2 2 2 2 2 2 2 2 2 2 2 2 2 2 2 2 2 2 2 2 2 2 2 2
left_child=2 26 3 4 5 6 7 8 9 10 11 23 14 -14 15 16 18 20 19 -11 -18 -13 -23 -1 -25 -26 -2 -7 -28 -30
right_child=1 -3 -4 -5 -6 27 -8 -9 -10 12 -12 21 13 -15 -16 -17 17 -19 -20 -21 -22 22 -24 24 25 -27 28 -29 29 -31
leaf_value=0.012747528064539607 0.0039972638903661237 0.047147976378195088 -0.05354252409349966 0.027070512105920319 -0.029322325964249909 0.01221069302868287 -0.029834662644929545 -0.023559785263258474 0.01985114264753185 -0.0054377046736559832 -0.0076770952825292631 0.061486464099329743 -0.059622263325022684 -0.014548345751119846 -0.015839947083306171 0.043432963137534808 0.041476800862789848 -0.034559447227421228 -0.027567221765288936 0.054757345677724216 0.0032698728332814864 -0.013891987003890358 0.053929103902331813 0.018412562988959224 -0.065536588429044071 0.011888342830444874 0.039563271681775841 0.062861450483460424 0.0045246361836987362 0.054805427377505156
leaf_weight=35.60612989962101 208.55371902883053 33.818519473075867 9.7659633532166463 21.246209368109703 41.970271870493889 29.090342625975609 25.709482446312904 30.401310905814171 36.680213831365108 120.01188655942678 52.32065687328577 7.8290585279464748 6.8954054266214362 53.025556720793247 65.835037961602211 5.0366240739822379 17.180308140814308 7.9076166152954093 22.578878432512283 5.6608479321002951 13.993408769369124 6.6343058198690397 4.8803923800587654 5.667880833148959 6.7322791665792447 4.8869606554508209 14.95362965762615 4.0007514581084243 31.325640946626663 4.1766012385487548
leaf_count=176 932 598 100 172 382 159 200 228 200 534 281 37 49 387 403 22 81 36 143 24 64 29 24 27 34 24 152 25 246 43
internal_value=2.3582e-05 0.0116253 -0.00527289 -0.00451839 -0.00562192 -0.00386755 -0.00525335 -0.004008 -0.00276337 -0.00464124 0.00347364 0.0115495 -0.00781861 -0.0198259 -0.0050255 -0.00131814 -0.00254385 0.0124058 -0.00649051 -0.00268488 0.0243916 0.034076 0.0150701 0.00326247 -0.0162348 -0.0331487 0.00697074 0.0185054 0.0192291 0.0105772
internal_weight=934.376 292.828 641.548 631.782 610.536 568.565 535.474 509.765 479.363 442.683 124.558 72.237 318.126 59.921 258.205 192.37 187.333 39.0813 148.252 125.673 31.1737 19.3438 11.5147 52.8933 17.2871 11.6192 259.01 33.0911 50.4559 35.5022
internal_count=5812 1971 3841 3741 3569 3187 3003 2803 2575 2375 632 351 1743 436 1307 904 882 181 701 558 145 90 53 261 85 58 1373 184 441 289
is_linear=0
shrinkage=0.05


Tree=45
num_leaves=31
num_cat=0
split_feature=9 6 5 3 4 2 1 5 6 4 0 4 0 7 0 1 3 5 1 0 4 4 4 0 8 12 0 0 0 0
split_gain=20.9313 18.5752 8.83887 8.59099 8.80994 10.0703 6.50568 6.82141 7.02034 8.87985 4.0432 3.84689 3.6692 3.50053 3.48261 3.43191 3.21368 4.52487 6.10617 7.91048 3.27332 3.1357 4.87711 3.2837 3.08007 3.44298 3.7364 8.19694 3.71497 3.23638
threshold=1.0000000180025095e-35 1.0000000180025095e-35 4212.0000000000009 3110.5000000000005 2905.5000000000005 4112.0000000000009 853.50000000000011 144.50000000000003 1.0000000180025095e-35 658.50000000000011 40.500000000000007 947.50000000000011 23.500000000000004 1.0000000180025095e-35 16.500000000000004 78.500000000000014 3.5000000000000004 934.50000000000011 27.500000000000004 47.500000000000007 712.50000000000011 611.50000000000011 435.50000000000006 24.500000000000004 1.0000000180025095e-35 1.0000000180025095e-35 3.5000000000000004 9.5000000000000018 17.500000000000004 42.500000000000007
decision_type=2 2 2 2 2 2 2 2 2 2 2 2 2 2 2 2 2 2 2 2 2 2 2 2 2 2 2 2 2 2
left_child=2 13 3 4 5 6 7 8 9 21 -11 -12 -10 24 -15 16 17 18 19 20 -9 22 -1 -24 25 29 -27 -28 -29 -2
right_child=1 -3 -4 -5 -6 -7 -8 15 12 10 11 -13 -14 14 -16 -17 -18 -19 -20 -21 -22 -23 23 -25 -26 26 27 28 -30 -31
leaf_value=0.0011351666094581579 0.014490929793089533 0.046744674749704139 -0.052930543222486706 0.058414196620250824 -0.046870094103989235 0.032059110173553694 -0.020559542779608687 -0.013710991488970564 0.057688888993130641 -0.036559070495708744 0.032828262536633013 -0.039024856307199408 0.014185918165538762 0.05381517117072579 0.0135605656561745 -0.029505323936223626 -0.020570527298130477 -0.022733762456349612 0.062623982729821795 0.054599222186016698 0.029792207045319308 0.039824629176031842 0.0028268857775497641 -0.045593703910389208 0.031775974741470384 0.020790433775212554 -0.049247424857498223 0.017175602266007551 -0.0065579199052414553 -0.018486228260116127
leaf_weight=312.91031049191952 67.423813819885254 32.440598912537098 9.3954970613121969 5.310132607817649 12.140227131545542 18.643085636198521 61.418762139976025 33.431352704763412 5.9120782166719463 25.045432694256306 4.6864375695586196 2.9508374035358429 25.638126127421856 6.052244506776332 43.6773791462183 25.831335552036762 39.325927719473839 19.713521867990494 4.1845543980598441 5.6852160766720763 4.8687281087040892 4.8666836619377127 5.4923800602555266 9.5054145976901037 9.2971498817205411 14.821034029126166 9.808586120605467 20.811008363962173 77.863614425063133 8.2749742120504362
leaf_count=1508 325 598 100 30 139 150 463 195 42 206 30 27 145 77 364 170 250 160 24 33 34 32 38 65 46 67 40 89 329 36
internal_value=2.33333e-05 0.0111443 -0.00504912 -0.00432395 -0.00486864 -0.00402534 -0.00516795 -0.00338092 -9.64345e-05 -0.00205233 -0.0268807 0.00492059 0.0224943 0.00665215 0.0185578 -0.0131748 -0.00921619 -0.00261785 0.00564463 9.41262e-05 -0.00811766 0.000393475 -0.00020371 -0.0279602 0.00380224 0.00248004 -0.00267315 -0.00589495 -0.00154007 0.0108664
internal_weight=927.426 290.47 636.956 627.561 622.25 610.11 591.467 530.048 397.008 365.457 32.6827 7.63727 31.5502 258.03 49.7296 133.041 107.209 67.8834 48.1699 43.9853 38.3001 332.775 327.908 14.9978 208.3 199.003 123.304 108.483 98.6746 75.6988
internal_count=5812 1971 3841 3741 3711 3572 3422 2959 2093 1906 263 57 187 1373 441 866 696 446 286 262 229 1643 1611 103 932 886 525 458 418 361
is_linear=0
shrinkage=0.05


Tree=46
num_leaves=31
num_cat=0
split_feature=9 6 5 3 4 2 1 5 6 4 5 0 3 5 5 4 2 2 7 1 5 3 2 7 0 3 12 5 1 11
split_gain=19.0781 17.7993 8.36721 7.81965 8.33737 9.94699 6.67127 5.81003 8.60488 7.41699 3.74047 4.67352 5.01391 5.23049 4.51447 3.93485 3.71111 7.38713 3.4605 4.37431 4.69242 3.42987 3.33528 3.23615 3.39126 3.21882 3.58682 3.98074 5.39202 4.45574
threshold=1.0000000180025095e-35 1.0000000180025095e-35 4212.0000000000009 3110.5000000000005 2308.0000000000005 7228.0000000000009 853.50000000000011 144.50000000000003 1.0000000180025095e-35 435.50000000000006 379.50000000000006 33.500000000000007 1.0000000180025095e-35 726.50000000000011 1392.5000000000002 475.00000000000006 56.500000000000007 3.5000000000000004 1.0000000180025095e-35 82.500000000000014 1.0000000180025095e-35 32.500000000000007 1781.5000000000002 1.0000000180025095e-35 16.500000000000004 1296.5000000000002 1.0000000180025095e-35 8.5000000000000018 408.00000000000006 1.0000000180025095e-35
decision_type=2 2 2 2 2 2 2 2 2 2 2 2 2 2 2 2 2 2 2 2 2 2 2 2 2 2 2 2 2 2
left_child=2 23 3 4 5 6 7 8 9 22 15 12 13 16 -13 -9 17 -12 19 21 -21 -11 25 -2 -25 26 27 29 -29 -1
right_child=1 -3 -4 -5 -6 -7 -8 10 -10 18 11 14 -14 -15 -16 -17 -18 -19 -20 20 -22 -23 -24 24 -26 -27 -28 28 -30 -31
leaf_value=0.022292758596590856 0.0036234272197783303 0.046339297318986693 -0.052329616928881412 0.055913172781926868 -0.040212392998154364 0.059812045711986131 -0.020083760664059539 -0.017247935683130676 0.024461746763082604 -0.029235399946067081 0.042724110642689307 0.016944409114693224 -0.031670104369259551 -0.017765905240123097 -0.022154806943865669 -0.059536748726228828 0.048414998916761369 -0.059015616886885586 -0.051171935841864968 -0.014946742496262015 0.060631726139254417 0.0093151369642947568 0.048380990164706199 0.053532850586211982 0.013013383061971352 0.021712946327615668 -0.0042249550184135154 -0.036295366167405432 0.028777934844288838 -0.0037436123905203976
leaf_weight=45.109671950340271 207.79046232998371 31.122483819723129 9.0384367629885656 5.2756327688693991 15.959231525659559 6.0014755427837363 60.483285501599312 30.747078210115433 34.102761052548885 28.722547315061092 3.8109159618616086 29.271842680871487 25.879236944019794 22.01998582482338 9.767182491719721 6.6457438468933097 6.5317362919449806 3.1813734844326973 7.2496973797678939 4.5330369845032674 3.608888640999794 7.1625457331538191 3.5893057882785788 5.7871820628643027 43.253474898636341 16.893660724163055 207.19391779601574 9.9771897941827756 4.5658769607543936 25.775397256016731
leaf_count=210 932 598 100 30 178 53 460 177 219 216 26 177 182 162 74 47 34 22 63 35 24 53 27 77 364 101 988 44 23 116
internal_value=2.25441e-05 0.0106905 -0.00483051 -0.0041343 -0.0046552 -0.00370734 -0.00435599 -0.00257895 0.000482629 -0.00176769 -0.0114227 -0.0063856 -0.0149737 -0.00276254 0.00713056 -0.0249026 0.0216172 -0.00374518 -0.0193757 -0.0140358 0.0188824 -0.0215363 0.00112121 0.00635427 0.0178942 0.000557707 -0.000670628 0.00794475 -0.0158082 0.0128334
internal_weight=921.051 287.954 633.098 624.059 618.784 602.824 596.823 536.34 398.484 364.382 137.855 100.462 61.4232 35.544 39.039 37.3928 13.524 6.99229 51.2767 44.027 8.14193 35.8851 313.105 256.831 49.0407 309.516 292.622 85.4281 14.5431 70.8851
internal_count=5812 1971 3841 3741 3711 3533 3480 3020 2119 1900 901 677 426 244 251 224 82 48 391 328 59 269 1509 1373 441 1482 1381 393 67 326
is_linear=0
shrinkage=0.05


Tree=47
num_leaves=31
num_cat=0
split_feature=9 6 5 4 2 3 5 1 4 0 2 0 4 3 4 4 4 0 4 2 5 12 8 3 2 5 1 3 7 0
split_gain=17.3731 17.0515 7.91918 7.35149 9.43456 7.3422 6.07412 5.4751 4.4979 3.94508 4.22938 4.17664 6.41787 6.76681 4.10363 4.36101 3.7132 5.33366 5.12257 4.35491 4.74776 5.44755 5.46341 4.46529 3.96481 3.44613 3.27649 3.2038 2.99308 3.3004
threshold=1.0000000180025095e-35 1.0000000180025095e-35 4212.0000000000009 4205.5000000000009 4112.0000000000009 3110.5000000000005 1542.0000000000002 340.00000000000006 260.50000000000006 42.500000000000007 93.500000000000014 29.500000000000004 68.500000000000014 46.500000000000007 7.5000000000000009 1.5000000000000002 658.50000000000011 40.500000000000007 947.50000000000011 2212.5000000000005 6.5000000000000009 1.0000000180025095e-35 1.0000000180025095e-35 1246.5000000000002 815.50000000000011 188.50000000000003 1171.5000000000002 36.500000000000007 1.0000000180025095e-35 16.500000000000004
decision_type=2 2 2 2 2 2 2 2 2 2 2 2 2 2 2 2 2 2 2 2 2 2 2 2 2 2 2 2 2 2
left_child=2 28 3 4 5 6 7 16 9 11 26 12 14 -14 15 -9 19 -18 -19 20 21 24 23 -23 -1 -21 -11 -20 -2 -30
right_child=1 -3 -4 -5 -6 -7 -8 8 -10 10 -12 -13 13 -15 -16 -17 17 18 27 25 -22 22 -24 -25 -26 -27 -28 -29 29 -31
leaf_value=0.012442216638852664 0.0034462713298438925 0.045931147609946821 -0.051738312666646816 -0.054386938017015177 0.031274461523019749 0.05643381821702264 -0.033175398942794219 -0.012984983922963931 -0.03738241559886106 0.011872421261477493 0.050690788317458206 -0.028949083818521033 0.066298991728611298 -0.017556113080213816 -0.045017808504490997 0.033997744842763411 -0.024218180456553856 0.04834625343024862 0.0075829178500189682 0.058356859706961528 -0.007942163782494514 -0.0015284133502519481 -0.054466764091500836 0.036530147507745435 0.061360501109984755 0.0061131834279662288 -0.036642278539140337 -0.058022455711564926 0.053262805398763768 0.012483793003311327
leaf_weight=62.803229793906212 207.55952391028404 29.861964292824268 8.6945252381265146 7.0431518182158461 18.946901258081198 4.8074569739401332 18.406273566186428 40.848227724432945 16.400752171874046 11.975989811122423 4.7956099435687056 30.837390251457691 5.5551691725850088 4.1275755167007446 8.4698636978864652 5.5197419971227637 36.398977041244507 5.6496568024158469 6.0383426249027234 5.5047959834337217 140.5540874376893 154.17645309120417 4.5724308937788001 8.0122534111142141 4.3458533883094779 7.2868258357048035 4.7895913720130912 2.5778975486755371 5.5326383113861075 42.84876960515976
leaf_count=301 932 598 100 86 157 27 168 269 133 73 26 219 34 26 60 35 300 33 49 49 784 710 21 56 23 39 41 22 77 364
internal_value=2.0994e-05 0.0102413 -0.00462273 -0.00395425 -0.0033664 -0.00447558 -0.00498166 -0.00406757 -0.0129352 -0.0094769 0.00980407 -0.0138422 -0.00658827 0.030739 -0.0132231 -0.00733093 -0.00136558 -0.0140805 0.0117739 0.00030113 -0.000682369 0.00368149 -0.00116234 0.000373061 0.0156947 0.0288742 -0.00212234 -0.0124861 0.00606085 0.0172473
internal_weight=914.942 285.803 629.139 620.444 613.401 594.454 589.647 571.241 133.32 116.919 21.5612 95.358 64.5206 9.68274 54.8378 46.368 437.921 50.6649 14.2659 387.256 374.464 233.91 166.761 162.189 67.1491 12.7916 16.7656 8.61624 255.941 48.3814
internal_count=5812 1971 3841 3741 3655 3498 3471 3303 916 783 140 643 424 60 364 304 2387 404 104 1983 1895 1111 787 766 324 88 114 71 1373 441
is_linear=0
shrinkage=0.05


Tree=48
num_leaves=31
num_cat=0
split_feature=9 6 5 4 2 3 5 1 4 0 0 4 3 4 4 2 4 0 2 5 12 8 3 2 0 3 5 5 1 0
split_gain=15.8169 16.3218 7.49407 6.99706 8.61777 6.68877 5.64927 5.01181 4.2297 3.59243 3.88208 5.76296 5.86908 3.86666 3.91098 3.75621 3.39633 4.91691 4.01495 4.29737 4.94023 4.92383 4.10972 3.72893 3.61014 5.79988 3.33688 3.10949 3.02398 2.97759
threshold=1.0000000180025095e-35 1.0000000180025095e-35 4212.0000000000009 4205.5000000000009 4112.0000000000009 3110.5000000000005 1542.0000000000002 340.00000000000006 260.50000000000006 42.500000000000007 29.500000000000004 68.500000000000014 46.500000000000007 7.5000000000000009 1.5000000000000002 93.500000000000014 658.50000000000011 39.500000000000007 2212.5000000000005 6.5000000000000009 1.0000000180025095e-35 1.0000000180025095e-35 1246.5000000000002 815.50000000000011 44.500000000000007 1.5000000000000002 188.50000000000003 10.500000000000002 1171.5000000000002 7.5000000000000009
decision_type=2 2 2 2 2 2 2 2 2 2 2 2 2 2 2 2 2 2 2 2 2 2 2 2 2 2 2 2 2 2
left_child=2 -2 3 4 5 6 7 16 9 10 11 13 -13 14 -9 28 18 -18 19 20 23 22 29 -1 -19 27 -20 -26 -11 -22
right_child=1 -3 -4 -5 -6 -7 -8 8 -10 15 -12 12 -14 -15 -16 -17 17 24 26 -21 21 -23 -24 -25 25 -27 -28 -29 -30 -31
leaf_value=0.011844813452734939 0.0057801936416408961 0.045519560864090369 -0.051155304212478984 -0.054085698292012221 0.030099412932060129 0.054071600588290608 -0.032268331094649778 -0.012430503037267195 -0.036442206724966883 0.011214425196925327 -0.027993312030887743 0.060889179822123898 -0.016858657431287911 -0.044016875176529011 0.031725271590663233 0.047457861128779665 -0.023873225743616486 0.045596845714531306 0.057831259860112796 -0.0075653518678570585 0.012626422760582331 -0.051617998258672616 0.035373604343232265 0.059825094668923932 0.056417248528268175 -0.05064812432894461 0.005819105151963936 -0.013535955579814948 -0.035787225153764611 -0.0048758868750102581
leaf_weight=62.680480666458607 255.08983116596937 28.6568638458848 8.3634824492037279 6.7365684285759917 18.712243665009737 4.7718877345323554 17.991000354290009 40.549080587923527 15.995686784386633 12.048679821193224 30.312742486596107 5.7498732507228834 4.0885720029473305 8.237565375864504 5.6237403228878966 4.8709722310304633 34.867155313491821 4.7834794372320166 5.2835949659347516 140.19149521738291 30.113550901412964 4.5886121764779082 7.8675118386745444 4.2397933453321448 3.3400796577334386 4.2693021446466446 7.2776196151971817 2.8927386254072189 4.6644273921847335 124.0833942219615
leaf_count=301 1373 598 100 86 157 27 168 269 133 73 219 34 26 60 35 26 291 34 49 784 147 21 56 23 23 33 39 23 41 563
internal_value=1.97942e-05 0.00980828 -0.00442359 -0.00378178 -0.00321756 -0.00427667 -0.00476045 -0.00388459 -0.012412 -0.00907407 -0.0132733 -0.0062956 0.0287349 -0.0126709 -0.0069955 0.00929929 -0.0013007 -0.0135283 0.000289774 -0.000648082 0.00350515 -0.00110458 0.000356579 0.0149694 0.0100708 -0.00638803 0.0279808 0.0242499 -0.002038 -0.00145184
internal_weight=908.942 283.747 625.195 616.832 610.095 591.383 586.611 568.62 132.141 116.146 94.5616 64.2488 9.83845 54.4104 46.1728 21.5841 436.479 50.1528 386.326 373.765 233.573 166.653 162.064 66.9203 15.2856 10.5021 12.5612 6.23282 16.7131 154.197
internal_count=5812 1971 3841 3741 3655 3498 3471 3303 916 783 643 424 60 364 304 140 2387 404 1983 1895 1111 787 766 324 113 79 88 46 114 710
is_linear=0
shrinkage=0.05


Tree=49
num_leaves=31
num_cat=0
split_feature=9 6 4 2 5 1 5 2 3 0 7 0 0 0 3 3 3 3 3 5 6 4 0 12 1 3 1 0 0 5
split_gain=14.3834 15.6183 7.16362 6.89763 10.5392 8.08065 5.71565 5.93914 4.26287 4.2433 7.49653 4.92317 6.23944 3.7479 4.31009 5.00056 3.65502 5.62521 5.25123 3.68143 4.04418 3.9774 3.53801 5.9599 5.12443 4.04165 3.82475 3.51927 3.50539 3.43072
threshold=1.0000000180025095e-35 1.0000000180025095e-35 2308.0000000000005 672.50000000000011 1378.5000000000002 2636.5000000000005 4368.0000000000009 8787.0000000000018 1971.5000000000002 7.5000000000000009 1.0000000180025095e-35 42.500000000000007 59.500000000000007 44.500000000000007 776.00000000000011 2.5000000000000004 7.5000000000000009 3.5000000000000004 945.50000000000011 49.500000000000007 1.0000000180025095e-35 1372.5000000000002 23.500000000000004 1.0000000180025095e-35 1266.5000000000002 626.50000000000011 1474.5000000000002 23.500000000000004 65.500000000000014 52.500000000000007
decision_type=2 2 2 2 2 2 2 2 2 2 2 2 2 2 2 2 2 2 2 2 2 2 2 2 2 2 2 2 2 2
left_child=2 -2 3 4 5 8 7 16 9 10 -1 22 13 -13 15 -15 17 19 -18 20 27 -21 23 -11 25 -25 -24 -5 -14 -17
right_child=1 -3 -4 6 -6 -7 -8 -9 -10 11 -12 12 28 14 -16 29 18 -19 -20 21 -22 -23 26 24 -26 -27 -28 -29 -30 -31
leaf_value=0.00110559559338936 0.0055040429469998273 0.045103898641348894 -0.037030066986331982 0.035179223445735777 -0.051449459392673341 -0.059590200206247293 -0.047965995524651056 0.066846660713968387 0.028488896323403002 0.010959850279834968 0.058649929858543642 0.03704816778245084 -0.045029743501813331 0.016407929465068551 0.036196114285988706 -0.0071271619339598391 -0.013605921911231176 0.073388396558057553 0.043367097706345871 0.0042329628214763252 0.049720954952618995 -0.049803508596157599 -0.012481869323120742 -0.01729093779016164 0.036050431102606799 0.0054986074005095604 -0.05034476662086982 -0.00051079186784128508 0.011111148829355041 -0.054868110918013274
leaf_weight=35.203423663973808 254.51391114294529 27.505063913762569 16.115761499851942 10.456927470862867 12.36900072544813 6.5510857030749312 4.4454800263047209 4.2038293406367293 9.7355071343481523 48.535033874213696 6.6448894739150992 11.691138178110121 8.4684624969959241 20.527765661478043 9.3799113854765874 16.431072458624843 31.243801165372133 3.5725645348429671 4.5452771149575701 34.023804217576981 9.1035191267728788 3.6829462125897399 160.93190643936396 87.039772287011147 5.6897748783230773 24.994327560067177 6.8730476424098006 19.970809653401375 4.0661807879805556 4.7962181717157355
leaf_count=155 1373 598 196 50 144 58 45 37 66 267 50 64 53 116 45 102 171 21 31 204 73 25 972 523 44 119 59 94 26 31
internal_value=1.81027e-05 0.0093808 -0.00423266 -0.0033533 -0.00608014 -0.00486918 0.00709191 0.009156 -0.00407882 -0.00478757 0.0103608 -0.00633808 0.00520038 0.0116322 0.0057603 -0.00114698 0.00702055 0.0129069 -0.00626957 0.0100181 0.020659 -0.00116273 -0.00894179 -0.00376889 -0.00984538 -0.0122063 -0.0140617 0.0118297 -0.0268741 -0.0181207
internal_weight=903.312 282.019 621.293 605.177 479.929 467.56 125.249 120.803 461.008 451.273 41.8483 409.425 75.3607 62.8261 51.135 41.7551 116.6 80.8106 35.7891 77.238 39.5313 37.7068 334.064 166.259 117.724 112.034 167.805 30.4277 12.5346 21.2273
internal_count=5812 1971 3841 3645 2894 2750 751 706 2692 2626 205 2421 437 358 294 249 669 467 202 446 217 229 1984 953 686 642 1031 144 79 133
is_linear=0
shrinkage=0.05


Tree=50
num_leaves=31
num_cat=0
split_feature=9 6 4 5 2 3 4 2 5 1 0 0 8 0 3 5 2 2 5 5 10 4 12 1 0 1 0 4 5 0
split_gain=13.0742 14.9324 6.77687 6.40981 7.49528 5.89888 5.12145 5.04157 6.16396 5.83134 4.75382 4.90086 5.54792 4.9556 5.59798 4.43915 5.22799 4.32679 4.2149 9.74815 6.42407 4.86766 3.79385 3.96765 4.0675 3.43606 5.94174 6.40168 3.23159 3.20209
threshold=1.0000000180025095e-35 1.0000000180025095e-35 4205.5000000000009 4212.0000000000009 4112.0000000000009 3110.5000000000005 924.00000000000011 56.500000000000007 1240.5000000000002 813.00000000000011 59.500000000000007 38.500000000000007 1.0000000180025095e-35 9.5000000000000018 694.50000000000011 11.500000000000002 1739.5000000000002 10.500000000000002 16.500000000000004 60.500000000000007 1.0000000180025095e-35 336.00000000000006 1.0000000180025095e-35 2.5000000000000004 31.500000000000004 548.50000000000011 25.500000000000004 1.0000000180025095e-35 394.50000000000006 12.500000000000002
decision_type=2 2 2 2 2 2 2 2 2 2 2 2 2 2 2 2 2 2 2 2 2 2 2 2 2 2 2 2 2 2
left_child=2 -2 3 4 5 6 7 8 9 10 11 12 13 -1 18 16 -9 -13 20 -20 25 -21 23 24 -8 29 27 -27 -17 -15
right_child=1 -3 -4 -5 -6 -7 22 15 -10 -11 -12 17 -14 14 -16 28 -18 -19 19 21 -22 -23 -24 -25 -26 26 -28 -29 -30 -31
leaf_value=0.0099586218583197269 0.0052405702394025637 0.044683588469840163 -0.053606692044594222 -0.049811852241746155 0.028572060459240375 0.051325248127425033 0.07243162851118784 0.007950579449058413 -0.055208194372401466 -0.022108295975064293 -0.046796693356253048 0.015814413449119571 -0.052497839593664164 -0.0053664112513405133 0.0073686773392103088 -0.012985513518263754 0.060818072023433284 -0.038288481291830406 0.044872976457180601 -0.017092745997567688 0.017435102776845301 0.030782223919393753 -0.03573661050608077 -0.036413733536040611 -0.008579416091412528 -0.018220358590336865 -0.049748592686287958 0.060060508195557194 0.0059687335565889385 -0.035074790040482244
leaf_weight=49.431588031351566 253.96381294727325 26.404481574892998 6.7222333289682856 7.2794361785054198 18.214669670909643 4.694478776305913 2.6150278002023715 95.77690190076828 6.3439838364720336 47.577064260840416 6.0532893389463416 47.494937211275101 5.9810288622975341 11.094534270465372 46.06546026468277 51.227466180920601 4.8204049356281748 3.911929950118064 9.1631388217210752 42.304091885685921 10.265167608857153 5.9763277545571318 21.51774476096034 4.1138342544436455 3.5660245418548584 5.5772498995065671 4.5853257849812499 4.7547960728406906 39.941406518220901 50.613851353526115
leaf_count=240 1373 598 94 92 157 27 25 481 67 386 36 257 31 48 222 272 42 21 53 285 50 42 210 42 28 35 33 29 240 296
internal_value=1.71159e-05 0.00896984 -0.00404734 -0.00349337 -0.00292669 -0.00391137 -0.00436661 -0.003234 -0.00674423 -0.00585243 -0.00329579 -0.00239439 -0.00533106 -0.0041334 -0.00779527 0.00330444 0.0105418 0.011631 -0.0126367 -0.00212178 -0.0195777 -0.0111152 -0.0238396 0.00113133 0.0263016 -0.0245524 -0.00299309 0.0180348 -0.00468415 -0.0297509
internal_weight=898.052 280.368 617.683 610.961 603.682 585.467 580.773 548.96 357.194 350.85 303.273 297.219 245.813 239.832 190.4 191.766 100.597 51.4069 144.334 57.4436 86.8909 48.2804 31.8126 10.2949 6.18105 76.6258 14.9174 10.332 91.1689 61.7084
internal_count=5812 1971 3841 3747 3655 3498 3471 3166 2131 2064 1678 1642 1364 1333 1093 1035 523 278 871 380 491 327 305 95 53 441 97 64 512 344
is_linear=0
shrinkage=0.05


Tree=51
num_leaves=31
num_cat=0
split_feature=9 6 5 4 6 1 4 2 5 4 5 5 0 0 5 5 5 12 3 14 12 11 0 0 0 0 8 0 0 4
split_gain=11.8899 14.2646 6.47802 5.9122 8.41993 5.35193 5.53446 4.24564 4.36444 3.77272 4.23887 4.09486 3.70352 4.02769 3.68235 3.48597 4.63336 3.44102 3.01914 3.30948 2.97882 6.01105 3.26394 3.48023 3.09684 6.25099 3.04138 3.54307 4.60697 2.8602
threshold=1.0000000180025095e-35 1.0000000180025095e-35 2558.5000000000005 4205.5000000000009 1.0000000180025095e-35 2636.5000000000005 924.00000000000011 6922.5000000000009 913.00000000000011 118.50000000000001 10.500000000000002 379.50000000000006 30.500000000000004 39.500000000000007 1240.5000000000002 338.50000000000006 188.50000000000003 1.0000000180025095e-35 1296.5000000000002 1.0000000180025095e-35 1.0000000180025095e-35 1.0000000180025095e-35 18.500000000000004 25.500000000000004 3.5000000000000004 9.5000000000000018 1.0000000180025095e-35 53.500000000000007 21.500000000000004 59.500000000000007
decision_type=2 2 2 2 2 2 2 2 2 2 2 2 2 2 2 2 2 2 2 2 2 2 2 2 2 2 2 2 2 2
left_child=2 20 3 4 5 6 14 8 9 11 -11 12 -6 -14 18 16 -12 -8 19 -1 21 -2 -23 -24 -22 -26 27 28 -27 -20
right_child=1 -3 -4 -5 7 -7 17 -9 -10 10 15 -13 13 -15 -16 -17 -18 -19 29 -21 24 22 23 -25 25 26 -28 -29 -30 -31
leaf_value=-0.0035065277529047201 0.0279326049732549 0.044258064751175996 -0.035931920839566839 -0.053347822845088266 0.040639550041648674 -0.051770366282145069 0.0062102259745054102 0.053592445914696932 -0.010962517514234394 0.034291720506572691 -0.0036145861048388936 0.072795614579398482 -0.02767479459022941 0.029472732132359306 -0.041318301245180857 0.016544339734836596 -0.064753403971204965 -0.050714829024363618 0.0047874994176672365 -0.042632763580695954 0.021981256707409649 0.019657992784232272 -0.02552504977075783 0.0071149539635199507 -0.036212085923170857 0.011259210761322639 0.039137818779499262 0.03513600841721997 -0.0084823499400546714 0.046365184517546787
leaf_weight=451.49172703176737 36.441804982721806 25.353091828525066 15.264994878321884 5.6864204183220854 11.608817286789423 5.9542985260486594 3.5712216421961758 5.57375394552946 20.711746796965599 8.5054892338812333 10.48562838509679 4.3995237648487082 6.0018890500068647 6.1324574798345566 6.2824625894427291 9.8143321946263296 4.3066397234797469 10.021464489400387 17.656729832291607 5.3711179718375197 16.01739052683115 15.81169620156288 15.048434421420096 17.647310741245747 11.581931702792643 45.720961563289165 5.1639765650033942 6.8655126169323912 83.139507859945297 5.3132711946964255
leaf_count=2538 208 598 175 81 86 55 33 57 143 63 80 27 37 38 63 55 31 108 105 36 88 77 73 86 60 251 26 47 457 30
internal_value=1.33221e-05 0.0085749 -0.00387392 -0.00305093 -0.00255988 -0.00503878 -0.0044717 0.0117485 0.00884127 0.0155444 0.00408031 0.0289705 0.0205786 0.00121126 -0.00358788 -0.00645906 -0.0217299 -0.0358227 -0.00308537 -0.00397575 0.00498923 0.0126175 0.001078 -0.00793985 0.00113801 -0.00106458 0.00184837 0.000401849 -0.00147455 0.0145643
internal_weight=892.946 278.792 614.154 598.889 593.203 505.662 499.708 87.5403 81.9665 61.2548 33.1121 28.1427 23.7432 12.1343 486.115 24.6066 14.7923 13.5927 479.833 456.863 253.439 84.9492 48.5074 32.6957 168.489 152.472 140.89 135.726 128.86 22.97
internal_count=5812 1971 3841 3666 3585 2968 2913 617 560 417 229 188 161 75 2772 166 111 141 2709 2574 1373 444 236 159 929 841 781 755 708 135
is_linear=0
shrinkage=0.05


Tree=52
num_leaves=31
num_cat=0
split_feature=9 6 4 5 2 3 1 5 6 4 4 4 0 0 0 7 0 0 0 0 12 11 0 8 1 8 0 0 0 0
split_gain=10.8122 13.6083 6.166 5.81972 6.75928 5.32324 4.54407 4.2576 5.30865 6.22917 3.78943 3.69782 3.42923 3.42698 3.35568 2.87475 3.25688 3.08777 2.87339 3.34516 2.99021 3.86006 3.48054 3.08111 2.84314 2.80425 2.83246 2.79691 7.23583 2.66201
threshold=1.0000000180025095e-35 1.0000000180025095e-35 4205.5000000000009 4212.0000000000009 7228.0000000000009 3110.5000000000005 853.50000000000011 119.50000000000001 1.0000000180025095e-35 658.50000000000011 611.50000000000011 435.50000000000006 24.500000000000004 20.500000000000004 40.500000000000007 1.0000000180025095e-35 16.500000000000004 48.500000000000007 42.500000000000007 53.500000000000007 1.0000000180025095e-35 1.0000000180025095e-35 12.500000000000002 1.0000000180025095e-35 32.500000000000007 1.0000000180025095e-35 15.500000000000002 3.5000000000000004 9.5000000000000018 17.500000000000004
decision_type=2 2 2 2 2 2 2 2 2 2 2 2 2 2 2 2 2 2 2 2 2 2 2 2 2 2 2 2 2 2
left_child=2 15 3 4 5 6 7 8 9 10 11 -1 -13 -10 -11 18 -17 -18 20 -20 21 22 -2 27 -15 26 -9 -22 -29 -30
right_child=1 -3 -4 -5 -6 -7 -8 25 13 14 -12 12 -14 24 -16 16 17 -19 19 -21 23 -23 -24 -25 -26 -27 -28 28 29 -31
leaf_value=0.001251046060377875 -0.0018237036998377506 0.043826812509237652 -0.053102873092054574 -0.048800335470272377 0.049877510314430634 0.049195170965031766 -0.016954089016044345 -0.047378121399391376 0.055648028195299008 -0.032262737025489402 0.045365876676570382 0.0075187716548141218 -0.04368956297602658 0.0065960061958095454 0.0063775491040123757 0.052899073603762531 0.0068661650601485246 0.05389956103384113 -0.025585381301404461 0.013642697217635905 0.017941750968452876 0.0033395079925985453 0.039085965330998493 0.037242691245374916 0.055392148507226062 0.032044199627638568 -0.0093579667857970061 -0.045827483539088026 0.014807034247420071 -0.0059186435155166002
leaf_weight=305.72731986641884 7.1658006906509426 24.348925366997719 6.1513005569577208 6.8135157600045195 5.9604865461587897 4.7094029858708373 57.571152783930302 4.994467891752719 5.3792253360152236 23.008005492389206 4.59115146100521 5.1162094101309767 8.830950014293192 25.260231718420986 7.3850239142775527 5.187182515859603 38.123839989304543 3.7469943165779105 17.549751207232479 7.7771384418010703 14.480180919170378 42.351520463824272 18.761390522122383 5.0315548181533805 3.2916783317923537 3.8392914161086074 132.9923794567585 9.8833479881286603 20.524520590901375 62.169285789132118
leaf_count=1487 37 598 94 92 57 28 468 35 41 213 30 36 64 175 56 77 321 43 74 34 67 205 95 26 22 26 917 40 89 265
internal_value=1.41174e-05 0.00820581 -0.00369795 -0.00318733 -0.00266013 -0.0031968 -0.00362472 -0.00217504 0.000531832 -0.00127788 0.000753632 9.89267e-05 -0.0249851 0.0193957 -0.0228836 0.00475829 0.0158932 0.0111935 0.00220441 -0.0135333 0.00442055 0.0126608 0.0278157 -0.000605822 0.0123953 -0.00958674 -0.0107674 -0.00241775 -0.00561814 -0.00076288
internal_weight=888.723 277.101 611.622 605.47 598.657 592.696 587.987 530.416 388.59 354.659 324.266 319.674 13.9472 33.9311 30.393 252.753 47.058 41.8708 205.694 25.3269 180.368 68.2787 25.9272 112.089 28.5519 141.826 137.987 107.057 92.5772 82.6938
internal_count=5812 1971 3841 3747 3655 3598 3570 3102 2124 1886 1617 1587 100 238 269 1373 441 364 932 108 824 337 132 487 197 978 952 461 394 354
is_linear=0
shrinkage=0.05


Tree=53
num_leaves=31
num_cat=0
split_feature=9 6 4 2 5 1 2 5 2 3 0 3 3 12 3 0 2 2 2 1 1 4 0 3 4 0 4 5 0 0
split_gain=9.84531 12.964 5.88908 5.55757 9.36146 7.36 5.30436 4.12999 5.39414 3.89604 4.20467 8.19148 3.52817 3.49358 5.24352 4.6681 3.82451 4.49005 4.46661 6.22477 8.08482 3.7068 4.2459 3.66931 3.35843 3.93845 3.34395 3.85343 3.30762 5.16484
threshold=1.0000000180025095e-35 1.0000000180025095e-35 2308.0000000000005 672.50000000000011 1378.5000000000002 2636.5000000000005 687.50000000000011 4368.0000000000009 8787.0000000000018 8.5000000000000018 26.500000000000004 57.500000000000007 3.5000000000000004 1.0000000180025095e-35 626.50000000000011 10.500000000000002 3.5000000000000004 12.500000000000002 53.500000000000007 638.00000000000011 352.50000000000006 110.50000000000001 21.500000000000004 4.5000000000000009 9.5000000000000018 20.500000000000004 781.50000000000011 1.0000000180025095e-35 23.500000000000004 42.500000000000007
decision_type=2 2 2 2 2 2 2 2 2 2 2 2 2 2 2 2 2 2 2 2 2 2 2 2 2 2 2 2 2 2
left_child=2 -2 3 4 5 13 -5 8 9 12 11 -11 -8 26 15 -15 -17 -18 -19 20 24 -16 -23 -21 25 -20 27 -1 -29 -30
right_child=1 -3 -4 6 -6 -7 7 -9 -10 10 -12 -13 -14 14 21 16 17 18 19 23 -22 22 -24 -25 -26 -27 -28 28 29 -31
leaf_value=0.0095336697807547627 0.0045469899226647757 0.043389355523893974 -0.034845447650201422 0.070581642212174597 -0.050394632739600501 -0.058836653612087023 0.0079372209840182749 -0.044892631768553543 0.064656882321112205 -0.088988843031664849 0.003679607418448928 -0.0023185828221454316 0.051213117408302145 0.0059988047498413166 0.0096410347748406081 -0.018181562991480781 0.024363425090695792 -0.032666558264859306 -0.028045487907999336 0.0051330554833574592 -0.061654666604124143 0.023721901106536981 -0.047533969092890038 0.081982821503455275 -0.01349873626551382 0.024074551176150042 0.047023373122020616 0.0063255885330662015 -0.033749766355510934 0.010683467115006784
leaf_weight=72.34818746894598 251.70957992970943 23.390061892569065 14.553960829973219 3.0673105940222731 11.100184291601179 5.9668318778276435 74.631327539682388 3.9083250984549514 3.7857094183564177 4.1708871275186521 20.808431047946215 7.5531930886209011 4.9334657043218604 40.209919005632401 65.683049295097589 124.58957163989544 11.572292193770407 15.626612097024916 4.4902295693755176 3.0495585426688185 6.1489583328366271 3.0547147020697576 6.1975064650177956 3.0960070043802261 25.255957953631878 17.275317810475826 4.1854463294148436 21.996145106852055 19.896009162068371 9.660069063305853
leaf_count=372 1373 598 196 14 144 58 438 45 37 22 123 44 28 191 327 863 86 120 22 23 42 17 42 23 151 82 36 126 118 51
internal_value=1.56226e-05 0.00786409 -0.0035315 -0.00275886 -0.00522728 -0.00412736 0.00670888 0.00501588 0.00673638 0.00472442 -0.00983286 -0.0336437 0.0106815 -0.00339607 -0.00614276 -0.00960325 -0.0125765 -0.00449294 -0.00897533 -0.00268949 -0.00822187 0.00546019 -0.024006 0.0445411 -0.0011185 0.0132431 0.00359942 0.00209579 -0.00834075 -0.0192402
internal_weight=883.915 275.1 608.815 594.261 471.403 460.302 122.859 119.791 115.883 112.097 32.5325 11.7241 79.5648 454.336 326.25 251.314 211.105 86.5149 74.9426 59.316 53.1705 74.9353 9.25222 6.14557 47.0215 21.7655 128.086 123.9 51.5522 29.5561
internal_count=5812 1971 3841 3645 2894 2750 751 737 692 655 189 66 466 2692 1989 1603 1412 549 463 343 297 386 59 46 255 104 703 667 295 169
is_linear=0
shrinkage=0.05


Tree=54
num_leaves=31
num_cat=0
split_feature=9 6 4 5 2 3 2 2 5 5 2 1 4 0 2 2 2 1 4 1 1 12 3 2 4 0 0 5 0 0
split_gain=8.94766 12.3543 5.70394 5.20603 5.89266 4.941 4.09499 5.46041 5.36789 4.99162 4.67759 4.53176 3.69938 3.48687 3.12891 4.94144 3.9698 6.91955 5.11203 3.14844 2.81754 2.77221 4.14121 4.52182 4.81804 4.28838 3.46307 3.84492 4.46348 5.12037
threshold=1.0000000180025095e-35 1.0000000180025095e-35 4205.5000000000009 4212.0000000000009 7228.0000000000009 3110.5000000000005 56.500000000000007 33.500000000000007 1319.0000000000002 11.500000000000002 1739.5000000000002 2636.5000000000005 272.50000000000006 1.0000000180025095e-35 70.500000000000014 89.500000000000014 287.50000000000006 270.50000000000006 454.50000000000006 55.500000000000007 1.0000000180025095e-35 1.0000000180025095e-35 450.50000000000006 10.500000000000002 241.50000000000003 17.500000000000004 10.500000000000002 785.50000000000011 33.500000000000007 22.500000000000004
decision_type=2 2 2 2 2 2 2 2 2 2 2 2 2 2 2 2 2 2 2 2 2 2 2 2 2 2 2 2 2 2
left_child=2 -2 3 4 5 6 7 8 11 10 14 13 -11 -1 -8 -16 18 19 -17 -18 -9 -15 26 24 25 -24 -23 -28 29 -29
right_child=1 -3 -4 -5 -6 -7 9 20 -10 12 -12 -13 -14 21 15 16 17 -19 -20 -21 -22 22 23 -25 -26 -27 27 28 -30 -31
leaf_value=0.020284106457108934 0.0043277583242320979 0.042945244008745602 -0.052710642986619809 -0.047673559547506975 0.047883675847813605 0.047879872031958225 0.050144223939298072 -0.0055226413653150386 -0.054010744762642532 0.0006495510395726859 0.044531263913340446 -0.054719970127907351 -0.019067571800312239 0.0024586303172509207 -0.043530119467460507 0.038263674698206511 0.0030220620109195828 -0.034480113888084273 -0.019166848832452732 0.033739932577963712 -0.054729551014889313 0.0030736447944252482 -0.037843895870663481 0.050083087264148854 -0.040649896037716418 0.0072286222675137365 -0.018423073939981674 0.035073430383887973 0.046483613365047124 -0.056499677905633996
leaf_weight=14.126367658376692 251.25441713631153 22.474643483757973 5.7035143971443167 6.3232733979821196 5.6665404252707949 4.6505705676972857 3.8639761805534354 4.4027111530303946 5.4888069443404666 78.711177717894316 8.7660235017538053 4.3536974415183058 33.989748083055019 89.968025133013725 4.9139997065067282 17.50332956016064 46.835655108094215 11.105041079223154 4.9011701643466941 10.05594766885042 8.6172407716512662 29.64097361266613 5.7104208618402472 4.4693326577544203 6.8874942138791075 57.469228729605675 120.53384180366993 2.6185945868492109 5.0519753769040108 3.3984962329268456
leaf_count=75 1373 598 94 92 57 28 24 30 68 465 78 48 244 511 28 94 221 66 38 44 59 135 29 22 52 289 865 21 35 29
internal_value=1.22702e-05 0.00751299 -0.003378 -0.00290036 -0.00241555 -0.00290831 -0.00332132 -0.00658782 -0.0053981 0.00204929 0.00972917 -0.0046075 -0.00530862 -0.00394967 0.0066114 0.00479592 0.00746801 0.00144137 0.0256709 0.00850131 -0.0382591 -0.00500649 -0.00785484 0.00189 -0.00125107 0.00310143 -0.0123579 -0.0158332 0.0122811 -0.0167258
internal_weight=879.456 273.729 605.727 600.024 593.7 588.034 583.383 362.737 349.717 220.646 107.945 344.228 112.701 339.875 99.1791 95.3151 90.4011 67.9966 22.4045 56.8916 13.02 325.748 235.78 74.5365 70.0671 63.1796 161.244 131.603 11.0691 6.01709
internal_count=5812 1971 3841 3747 3655 3598 3570 2268 2179 1302 593 2111 709 2063 515 491 463 331 132 265 89 1988 1477 392 370 318 1085 950 85 50
is_linear=0
shrinkage=0.05


Tree=55
num_leaves=31
num_cat=0
split_feature=9 6 4 5 2 3 4 2 5 2 1 5 2 12 1 0 0 0 0 5 4 2 1 2 2 4 2 5 2 1
split_gain=8.13076 11.7636 5.43391 4.91332 5.58198 4.46521 4.24681 3.89072 5.26083 4.73463 4.36222 3.46204 4.6869 3.39394 3.65276 3.49819 3.18067 3.38933 2.99812 2.97683 2.9436 3.14414 4.83925 3.53408 3.08033 3.57385 3.42044 2.80716 2.79614 5.97304
threshold=1.0000000180025095e-35 1.0000000180025095e-35 4205.5000000000009 4212.0000000000009 4112.0000000000009 3110.5000000000005 924.00000000000011 56.500000000000007 1240.5000000000002 33.500000000000007 2636.5000000000005 11.500000000000002 1739.5000000000002 1.0000000180025095e-35 2.5000000000000004 31.500000000000004 33.500000000000007 44.500000000000007 1.0000000180025095e-35 394.50000000000006 131.50000000000003 1389.5000000000002 8.5000000000000018 820.50000000000011 491.00000000000006 1.0000000180025095e-35 587.50000000000011 175.50000000000003 287.50000000000006 270.50000000000006
decision_type=2 2 2 2 2 2 2 2 2 2 2 2 2 2 2 2 2 2 2 2 2 2 2 2 2 2 2 2 2 2
left_child=2 -2 3 4 5 6 7 8 9 10 18 12 28 14 15 -8 -15 -18 -1 20 21 23 -23 24 25 -13 -26 -22 -9 -30
right_child=1 -3 -4 -5 -6 -7 13 11 -10 -11 -12 19 -14 16 -16 -17 17 -19 -20 -21 27 22 -24 -25 26 -27 -28 -29 29 -31
leaf_value=0.019432662487728517 0.0041187580165565046 0.042494078986083782 -0.052486245607613238 -0.047097057486418258 0.025680369075268612 0.04579251980738868 0.066912811216573526 0.019886563773342289 -0.054041568342839824 -0.035729533506328022 -0.05436904637389478 0.0044733990625992637 0.05943777400651739 -0.053300169586788383 -0.035528944797140846 -0.0077450341679864091 0.018460728884678597 -0.039870048914607777 -0.0041249572228512109 0.0064260112783057991 -0.016088693266894421 0.061032756291061578 -0.021829530234439898 -0.050482498961933069 0.039709719567642646 -0.047110467249773996 -0.0096089712786860907 -0.068568816773088168 0.0081519587592936704 -0.032655665699180443
leaf_weight=14.015324279665945 250.82021425664425 21.600867912173271 5.4483781643211833 6.0878517664968959 17.193318344652653 4.5228464342653742 2.7196487709879893 30.013418078422546 5.4305279627442351 11.904019609093664 4.1046376824378958 6.5021671429276484 4.4155013598501673 10.104811400175096 3.9159177541732788 3.4962997362017632 4.5032740980386716 5.3499631397426128 313.69307667016983 39.526944652199745 7.5484088063240034 3.9173289611935607 3.0668185725808144 4.9234417825937262 5.9902464300394049 6.8084471970796585 8.2451500520110113 3.8163575157523155 54.591957524418831 10.625843189656733
leaf_count=75 1373 598 94 92 157 27 25 171 67 78 47 36 42 113 42 28 42 55 1864 240 45 31 18 23 27 36 36 20 247 63
internal_value=9.48647e-06 0.0071761 -0.00323166 -0.00277346 -0.00230895 -0.00315202 -0.00354888 -0.00252651 -0.0056592 -0.00487929 -0.00376209 0.00323039 0.00965276 -0.0217984 0.00177249 0.0254621 -0.0337136 -0.0132932 -0.00311183 -0.00385603 -0.0118504 -0.00535501 0.0248525 -0.011909 -0.00485684 -0.0220666 0.0112765 -0.0341562 0.00728449 0.00146341
internal_weight=874.903 272.421 602.482 597.034 590.946 573.752 569.23 539.14 349.148 343.717 331.813 189.992 99.6467 30.0899 10.1319 6.21595 19.958 9.85324 327.708 90.3453 50.8184 39.4536 6.98415 32.4695 27.546 13.3106 14.2354 11.3648 95.2312 65.2178
internal_count=5812 1971 3841 3747 3655 3498 3471 3166 2131 2064 1986 1035 523 305 95 53 210 97 1939 512 272 207 49 158 135 72 63 65 481 310
is_linear=0
shrinkage=0.05


Tree=56
num_leaves=31
num_cat=0
split_feature=4 6 0 5 4 2 2 1 5 12 0 4 4 4 7 0 12 4 0 5 0 0 0 3 1 5 5 2 0 4
split_gain=7.49275 13.3315 5.81589 5.04794 4.65535 4.28484 5.05954 4.24949 4.15252 4.43191 6.00253 4.53631 4.4029 4.81774 3.94153 15.8265 4.36666 5.77505 4.84788 3.87167 3.60948 4.1439 3.35922 5.8079 9.16381 3.51533 3.32213 4.74124 4.05151 3.50747
threshold=7.5000000000000009 1.0000000180025095e-35 14.500000000000002 4368.0000000000009 4205.5000000000009 350.50000000000006 287.50000000000006 1041.0000000000002 1339.5000000000002 1.0000000180025095e-35 20.500000000000004 781.50000000000011 887.00000000000011 80.500000000000014 1.0000000180025095e-35 12.500000000000002 1.0000000180025095e-35 1.5000000000000002 1.0000000180025095e-35 741.00000000000011 42.500000000000007 30.500000000000004 33.500000000000007 60.500000000000007 20.500000000000004 308.50000000000006 1.0000000180025095e-35 1781.5000000000002 25.500000000000004 118.50000000000001
decision_type=2 2 2 2 2 2 2 2 2 2 2 2 2 2 2 2 2 2 2 2 2 2 2 2 2 2 2 2 2 2
left_child=1 7 -2 -3 5 6 8 14 9 11 12 -4 13 -11 16 -16 17 18 -1 26 21 -17 25 -24 -25 -18 27 28 -7 -28
right_child=2 3 4 -5 -6 19 -8 -9 -10 10 -12 -13 -14 -15 15 20 22 -19 -20 -21 -22 -23 23 24 -26 -27 29 -29 -30 -31
leaf_value=0.049612173253301313 -0.052927275748084583 0.030734065048859761 0.0011628528771521465 -0.055371927855181829 -0.052270032520673873 -0.04913943463390455 -0.058098277808323273 -0.019140758696842508 -0.054170831201626607 -0.015558033141665144 -0.019001246394138444 0.0542769747146453 -0.052895282708134775 0.035460236073059329 0.061869101647723614 0.00651893393296573 -0.0049669868195884176 0.053441246871017256 0.0026915250342380518 -0.013738532196589066 0.023792021433414835 -0.019119343211114595 -0.0020752870425030921 0.06131894855924034 -0.017719976038129387 -0.027277086518327762 0.036486737953876386 0.038985211801118407 0.00024692909481921401 0.007352942880980067
leaf_weight=5.6364119350910178 6.6601430699229232 48.266451727598906 37.894688278436661 1.6753260307013977 5.2039586491882792 6.4332242645323339 5.1894163936376563 25.378922082483768 4.6791284978389731 7.013274744153029 78.435306902974844 4.3976659178733817 2.3718960210680953 13.240433700382708 13.026253633201121 47.817498218268156 198.94902088493109 6.2166830152273169 137.00179361552 23.746191840618849 16.788143783807755 23.38629474490881 54.89492479711771 9.8924428299069387 5.7350705191493025 19.286780886352062 15.654986616224049 4.5363361090421668 11.395037636160849 30.208432845771313
leaf_count=29 45 787 223 23 94 35 37 221 69 46 594 41 29 91 120 347 904 32 681 188 121 171 268 49 32 145 101 38 57 194
internal_value=6.56488e-06 0.0030073 -0.00715866 0.0277407 -0.00592066 -0.00491605 -0.0100346 0.000812687 -0.00831163 -0.00677804 -0.0124617 0.0068008 0.0101927 0.0178044 0.00175622 0.0106533 -0.000299534 0.00665423 0.00457907 0.00361274 0.00300971 -0.00191675 -0.00388526 0.00559593 0.0323846 -0.00695025 0.00966298 -0.0061186 -0.0177485 0.0173552
internal_weight=871.012 613.952 257.06 49.9418 250.4 245.196 153.222 564.01 148.032 143.353 101.061 42.2924 22.6256 20.2537 538.631 101.018 437.613 148.855 142.638 91.9742 87.9919 71.2038 288.758 70.5224 15.6275 218.236 68.228 22.3646 17.8283 45.8634
internal_count=5812 3930 1882 810 1837 1743 1130 3120 1093 1024 760 264 166 137 2899 759 2140 742 710 613 639 518 1398 349 81 1049 425 130 92 295
is_linear=0
shrinkage=0.05


Tree=57
num_leaves=31
num_cat=0
split_feature=9 6 4 5 2 5 6 5 1 4 5 4 5 0 2 5 5 5 0 5 12 0 0 0 8 0 2 2 3 14
split_gain=7.14941 10.7108 4.91274 4.54427 5.45403 4.16132 6.84771 5.08014 4.29741 4.37688 3.17996 2.97896 4.01075 3.42674 4.92189 3.07585 3.05485 4.14766 2.93753 4.78982 2.90147 2.58856 8.51948 3.17105 2.91182 3.86349 2.51076 3.12281 2.71129 2.46722
threshold=1.0000000180025095e-35 1.0000000180025095e-35 4205.5000000000009 5089.5000000000009 7228.0000000000009 872.50000000000011 1.0000000180025095e-35 785.50000000000011 2636.5000000000005 924.00000000000011 674.50000000000011 118.50000000000001 379.50000000000006 23.500000000000004 1558.5000000000002 10.500000000000002 338.50000000000006 188.50000000000003 49.500000000000007 1339.5000000000002 1.0000000180025095e-35 4.5000000000000009 8.5000000000000018 18.500000000000004 1.0000000180025095e-35 60.500000000000007 672.50000000000011 4499.0000000000009 60.500000000000007 1.0000000180025095e-35
decision_type=2 2 2 2 2 2 2 2 2 2 2 2 2 2 2 2 2 2 2 2 2 2 2 2 2 2 2 2 2 2
left_child=2 21 3 4 5 6 7 8 9 10 29 12 13 -8 -15 -13 17 -17 26 -20 -11 -2 -23 -24 25 -25 28 -28 -7 -1
right_child=1 -3 -4 -5 -6 18 11 -9 -10 20 -12 15 -14 14 -16 16 -18 -19 19 -21 -22 22 23 24 -26 -27 27 -29 -30 -31
leaf_value=-0.001740930132371521 0.01862832365318302 0.041695817480481373 -0.052061313155461399 -0.054205060108202613 0.045107957010851393 -0.045581926080044376 0.05729811781269345 0.040675403772813527 -0.049481541217425859 0.0041480328213457009 -0.029254758253586328 0.030625780673356657 0.073853441692620064 -0.0071880324278766859 0.050300124793901335 -0.0019530002383442103 0.017223672688599253 -0.060179293999934949 0.057657191090441012 -0.028784783351089051 -0.048919465492133378 -0.043974212396482276 0.015103153862071145 -0.0019239091297576388 0.031939898293527835 0.046566827558578286 -0.0013930709321120535 -0.057554470448119038 0.00071506706862763808 -0.035304389238367248
leaf_weight=438.4412605278194 26.603285409510136 20.182431742548943 4.9698953032493582 4.1405707672238341 5.9157360047101966 14.706540614366533 4.5124320946633878 6.3158382400870314 5.0647210851311675 3.6528732851147625 11.001364707946776 8.2128524258732778 3.7959021516144267 13.177821800112726 5.0787146389484397 10.591760009527208 9.6413304433226568 4.2042580991983405 3.0745260417461386 3.147041093558073 8.5169523023068905 9.4809222780168039 50.884438939392567 151.98983827978373 7.0848088413476935 4.1217732429504386 16.335880108177665 2.8183444738388053 4.0173115767538539 5.4450425058603278
leaf_count=2471 149 598 94 68 61 169 39 43 55 33 77 63 25 66 57 81 54 31 19 28 105 50 273 837 37 27 116 15 35 36
internal_value=5.26034e-06 0.00674923 -0.00305045 -0.00263014 -0.0022576 -0.00274692 -0.00153424 -0.00352023 -0.00411995 -0.00361756 -0.00282206 0.0144907 0.0268915 0.0187736 0.00899127 0.00434992 -0.00456964 -0.0187908 -0.0174947 0.0141688 -0.0330868 0.00391433 0.00215585 0.00421838 0.000817346 -0.000614631 -0.0227191 -0.00991264 -0.0356976 -0.0021605
internal_weight=867.126 270.347 596.779 591.809 587.669 581.753 537.653 478.438 472.122 467.057 454.888 59.2151 26.5649 22.769 18.2565 32.6502 24.4373 14.796 44.0996 6.22157 12.1698 250.165 223.562 214.081 163.196 156.112 37.8781 19.1542 18.7239 443.886
internal_count=5812 1971 3841 3747 3679 3618 3236 2820 2777 2722 2584 416 187 162 123 229 166 112 382 47 138 1373 1224 1174 901 864 335 131 204 2507
is_linear=0
shrinkage=0.05


Tree=58
num_leaves=31
num_cat=0
split_feature=12 5 11 4 1 0 1 0 4 0 6 5 7 0 1 0 1 3 2 5 4 4 0 0 2 2 3 0 5 5
split_gain=6.69806 7.64116 9.46758 7.03206 5.58389 4.84291 4.74804 5.14034 4.74058 4.6144 4.16484 7.33958 4.69104 13.6879 4.11108 4.09907 3.08877 3.79105 3.9582 3.09439 2.94995 3.75619 2.89015 3.74324 2.88687 2.82158 2.88919 3.72953 3.74304 6.6239
threshold=1.0000000180025095e-35 1.0000000180025095e-35 1.0000000180025095e-35 1016.0000000000001 419.50000000000006 18.500000000000004 646.50000000000011 12.500000000000002 435.50000000000006 1.0000000180025095e-35 1.0000000180025095e-35 1678.5000000000002 1.0000000180025095e-35 12.500000000000002 340.00000000000006 24.500000000000004 1.0000000180025095e-35 659.50000000000011 95.500000000000014 8.5000000000000018 685.50000000000011 118.50000000000001 42.500000000000007 40.500000000000007 4112.0000000000009 508.50000000000006 684.50000000000011 19.500000000000004 445.50000000000006 653.50000000000011
decision_type=2 2 2 2 2 2 2 2 2 2 2 2 2 2 2 2 2 2 2 2 2 2 2 2 2 2 2 2 2 2
left_child=1 2 6 4 10 -4 7 9 -9 -1 12 20 -2 -14 22 -6 25 18 19 -18 21 -12 23 -15 -13 26 27 -3 -29 -30
right_child=3 16 5 -5 15 -7 -8 8 -10 -11 11 24 13 14 -16 -17 17 -19 -20 -21 -22 -23 -24 -25 -26 -27 -28 28 29 -31
leaf_value=0.046046516628042711 -0.0039875054102997956 0.030376044687566675 0.020133999434983067 -0.029947349157109438 -0.00056178430889327084 -0.0083043246887042812 -0.011839401839522323 0.036420718509892279 -0.012959608927705469 -0.0075470378539629363 0.025750097394568794 -0.054361685423944185 0.061905689778048882 -0.0026432332136042853 0.060423412737701056 -0.023545116806786809 0.04786934478482506 -0.052864027400473614 -0.026073520771731445 -0.0028223539443653078 0.069453109426622403 -0.008446139948977258 0.019435142293528603 -0.056197611358097158 0.020720124817304734 0.017218174445392951 0.0260880150843972 -0.047734237660403397 0.049933078465062661 -0.04342134160889468
leaf_weight=5.1494325995445278 353.61818455532193 3.4792356006801191 20.348675280809402 23.10796257853508 32.933204978704453 55.78299868106842 9.0230731070041639 64.514305088669062 5.2069344893097869 17.014009520411491 32.158664863556623 4.9382158406078807 10.625489111989735 53.62688272446394 2.7409935742616645 47.126827120780945 3.4573034234344986 5.462573889642953 18.406355805695057 19.526518359780312 2.8062459304928771 10.636918891221283 13.91110487282276 3.3751949481666079 1.6561916992068288 21.683617934584618 5.0286845974624148 8.8892672248184699 3.4680069983005515 3.9648645110428333
leaf_count=30 1796 23 102 267 243 282 57 594 42 90 453 69 101 388 15 404 23 34 132 131 16 70 96 24 10 166 27 59 21 47
internal_value=4.80074e-06 0.00652547 0.0126268 -0.00296789 -0.00186937 -0.000686814 0.0226623 0.0260596 0.0327196 0.00505573 0.000131589 0.0134681 -0.00146079 0.00913287 0.00144616 -0.0141033 -0.00504497 -0.0140927 -0.00886072 0.0049772 0.0206081 0.0172507 -0.000915358 -0.00590715 -0.035477 0.00407945 -0.00741739 -0.0160146 -0.026028 0.000220328
internal_weight=863.668 270.406 177.039 593.262 570.154 76.1317 100.908 91.8847 69.7212 22.1634 490.094 52.1962 437.898 84.2797 73.6542 80.06 93.3664 46.8528 41.3902 22.9838 45.6018 42.7956 70.9132 57.0021 6.59441 46.5137 24.8301 19.8014 16.3221 7.43287
internal_count=5812 1860 1197 3952 3685 384 813 756 636 120 3038 618 2420 624 523 647 663 320 286 154 539 523 508 412 79 343 177 150 127 68
is_linear=0
shrinkage=0.05


Tree=59
num_leaves=31
num_cat=0
split_feature=12 5 11 4 1 0 1 0 4 0 2 5 0 5 6 7 0 1 2 1 3 2 5 3 5 0 0 1 1 0
split_gain=6.07636 6.96076 8.69801 6.50103 5.09718 4.39491 4.35007 4.77088 4.3672 4.27059 3.81501 4.34887 3.79602 3.67774 3.62328 4.30306 12.9338 3.64174 3.30429 2.79162 3.45858 3.59779 2.84138 6.70656 2.84174 2.77697 5.00011 2.77293 3.05281 2.81456
threshold=1.0000000180025095e-35 1.0000000180025095e-35 1.0000000180025095e-35 1016.0000000000001 419.50000000000006 18.500000000000004 646.50000000000011 12.500000000000002 435.50000000000006 1.0000000180025095e-35 3203.0000000000005 913.00000000000011 24.500000000000004 1935.0000000000002 1.0000000180025095e-35 1.0000000180025095e-35 12.500000000000002 340.00000000000006 2516.5000000000005 1.0000000180025095e-35 659.50000000000011 95.500000000000014 338.50000000000006 1.5000000000000002 39.500000000000007 13.500000000000002 3.5000000000000004 571.50000000000011 103.50000000000001 19.500000000000004
decision_type=2 2 2 2 2 2 2 2 2 2 2 2 2 2 2 2 2 2 2 2 2 2 2 2 2 2 2 2 2 2
left_child=1 2 6 4 10 -4 7 9 -9 -1 13 -12 -6 14 15 25 -17 -18 -16 -3 21 22 23 24 -21 26 -2 28 29 -7
right_child=3 19 5 -5 12 27 -8 8 -10 -11 11 -13 -14 -15 18 16 17 -19 -20 20 -22 -23 -24 -25 -26 -27 -28 -29 -30 -31
leaf_value=0.044858294224831827 0.0025920114870660437 0.0038771036816966017 0.01928412023398534 -0.029033387471408642 -0.00053396398774996541 -0.045280666332320529 -0.011321915075758629 0.035159900573953441 -0.012402874159865147 -0.0071494853462675621 0.05761700524088708 -0.0096141261665093417 -0.022723299644754065 -0.043230291240166314 0.019204163253943418 0.061276710161548731 -0.00076675125834697053 0.056480872828118492 -0.033347585151746253 0.021685450486962285 -0.050564991906894466 -0.024907519413278317 -0.018410193641941981 -0.012461889993593916 0.087843740617877183 -0.0016010375016717667 -0.024734177763070853 0.032196851692231708 -0.045504726647272481 -0.0027603136269899343
leaf_weight=5.0273195579648045 29.610416352748871 46.398418493568897 20.191695526242256 22.658395569771528 32.922110490500927 4.1895991265773764 8.9696788415312749 63.515805970877409 5.173978552222251 17.066261406987906 5.8996881991624814 3.9729776047170162 46.411831613630056 4.8852145783603182 34.813840270042419 10.209397267550228 70.821060750633478 2.7913318574428549 3.1808379478752604 3.3325694091618088 5.4307636842131606 18.311767548322678 8.3603259511291963 8.1134421303868276 3.2347751185297966 284.5174272954464 38.362312614917755 3.9138056486845008 5.5968173220753661 42.16185412928462
leaf_count=30 131 343 102 267 243 21 57 594 42 90 73 28 404 77 437 101 506 15 21 20 34 132 65 49 20 1487 162 21 29 211
internal_value=5.88034e-06 0.00623439 0.0120877 -0.00282928 -0.00177976 -0.000651111 0.021791 0.0250715 0.0315645 0.00483351 0.000128263 0.0307366 -0.0135274 -0.000508634 -5.95944e-05 -0.00135046 0.0088255 0.00147772 0.0147286 -0.00481026 -0.013416 -0.00842708 0.00472167 0.0179301 0.0551008 -0.00377211 -0.012844 -0.00787841 -0.0109538 -0.00669283
internal_weight=860.046 268.989 175.807 591.057 568.398 76.0538 99.753 90.7834 68.6898 22.0936 489.065 9.87267 79.3339 479.192 474.307 436.312 83.8218 73.6124 37.9947 93.1821 46.7836 41.3529 23.0411 14.6808 6.56734 352.49 67.9727 55.8621 51.9483 46.3515
internal_count=5812 1860 1197 3952 3685 384 813 756 636 120 3038 101 647 2937 2860 2402 622 521 458 663 320 286 154 89 40 1780 293 282 261 232
is_linear=0
shrinkage=0.05


Tree=60
num_leaves=31
num_cat=0
split_feature=4 6 0 5 4 2 2 5 12 0 4 4 4 1 0 4 5 5 0 0 5 12 5 4 7 0 0 1 1 1
split_gain=5.68691 10.3767 5.40949 4.20214 4.14655 3.6254 4.80485 3.76742 3.57993 5.41361 4.14663 3.55794 4.74758 3.5321 4.2126 3.40485 3.33697 3.27197 3.09362 2.93555 2.87936 2.74189 2.62773 2.82084 2.65505 11.684 5.96223 4.7525 5.27138 4.74571
threshold=7.5000000000000009 1.0000000180025095e-35 14.500000000000002 4368.0000000000009 4205.5000000000009 350.50000000000006 287.50000000000006 1339.5000000000002 1.0000000180025095e-35 20.500000000000004 781.50000000000011 759.50000000000011 80.500000000000014 1474.5000000000002 23.500000000000004 1609.5000000000002 3465.5000000000005 872.50000000000011 46.500000000000007 1.0000000180025095e-35 785.50000000000011 1.0000000180025095e-35 726.50000000000011 4.5000000000000009 1.0000000180025095e-35 12.500000000000002 12.500000000000002 65.500000000000014 591.50000000000011 24.500000000000004
decision_type=2 2 2 2 2 2 2 2 2 2 2 2 2 2 2 2 2 2 2 2 2 2 2 2 2 2 2 2 2 2
left_child=1 13 -2 21 5 6 7 8 10 11 -4 12 -10 17 -15 -12 -7 19 -19 -1 22 -3 23 24 26 -26 -21 29 -29 -28
right_child=2 3 4 -5 -6 16 -8 -9 9 -11 15 -13 -14 14 -16 -17 -18 18 -20 20 -22 -23 -24 -25 25 -27 27 28 -30 -31
leaf_value=0.020303685627172895 -0.0511081798797592 0.044913526658492242 0.00081307190760886356 -0.054404743832415482 -0.051711639648073585 0.0057591095999084338 -0.056860352006624898 -0.05367175115247045 -0.014531006713654624 -0.01742643145020795 0.085671880199229875 -0.03825629793497614 0.036850359680707427 0.0073146501980250692 -0.049142061950677655 -0.0020077820661694519 -0.041277511277411867 -0.039263806610385699 0.025646658809059333 -0.014387873134544267 0.038931858788317765 0.018934324757381816 -0.037274097655427017 0.028373391418419103 0.061354585152736112 0.0024521525459758821 0.0031909837761596271 -0.023240299824977283 0.0080088212401234603 0.039735568220487544
leaf_weight=20.772431068122387 6.4638456031680098 15.739218093454836 37.738425701856613 1.5071970783174027 4.582476031035184 86.495588842779398 4.9603243283927432 4.1502173654735079 6.9426437243819299 76.396781962364912 2.6960071548819533 3.127842277288436 12.430167004466055 5.8095012828707677 7.492282684892416 1.8257551640272138 3.843025889247655 8.6006137132644636 2.2513935565948477 70.505955293774605 4.9003500118851653 29.13534845598042 4.3909175768494597 9.2344686612486822 9.1717135012149793 91.661441840231419 257.56931513175368 35.548194579780102 21.651492893695831 9.102540656924246
leaf_count=116 45 354 223 23 94 555 37 69 46 594 21 38 82 47 81 20 58 89 17 304 32 433 31 48 92 679 1201 191 147 45
internal_value=6.59428e-06 0.00263385 -0.00630859 0.0253327 -0.0051072 -0.00419848 -0.00895507 -0.00728176 -0.00588081 -0.0110826 0.00628982 0.0104386 0.0184567 0.000745127 -0.0246142 0.050992 0.00371473 0.00136806 -0.0256861 0.00192204 0.00117499 0.0281258 0.000803789 0.00114256 0.000629144 0.00786536 -0.00122251 0.00164711 -0.0114184 0.00445282
internal_weight=856.697 605.044 251.653 46.3818 245.189 240.607 150.268 145.308 141.158 98.8974 42.2602 22.5007 19.3728 558.663 13.3018 4.52176 90.3386 545.361 10.852 534.509 513.736 44.8746 508.836 504.445 495.211 100.833 394.377 323.872 57.1997 266.672
internal_count=5812 3930 1882 810 1837 1743 1130 1093 1024 760 264 166 128 3120 128 41 613 2992 106 2886 2770 787 2738 2707 2659 771 1888 1584 338 1246
is_linear=0
shrinkage=0.05


Tree=61
num_leaves=31
num_cat=0
split_feature=12 5 11 4 1 0 1 0 4 0 2 5 0 5 3 1 4 5 5 2 0 5 2 1 4 0 4 1 0 6
split_gain=5.32503 6.15148 7.87764 5.79579 4.45467 4.06526 3.91017 4.31788 4.02969 3.79653 3.50009 4.14906 3.38317 3.32808 3.19293 3.15757 2.6969 3.57018 4.47896 7.84478 4.24578 3.69113 4.34331 9.10056 2.95961 3.25228 3.06166 2.80009 2.72367 2.65366
threshold=1.0000000180025095e-35 1.0000000180025095e-35 1.0000000180025095e-35 1016.0000000000001 419.50000000000006 18.500000000000004 646.50000000000011 12.500000000000002 435.50000000000006 1.0000000180025095e-35 3203.0000000000005 913.00000000000011 24.500000000000004 1935.0000000000002 1127.5000000000002 55.500000000000007 49.500000000000007 1.0000000180025095e-35 13.500000000000002 66.000000000000014 21.500000000000004 1061.5000000000002 12.500000000000002 2.5000000000000004 26.500000000000004 53.500000000000007 1.0000000180025095e-35 1.0000000180025095e-35 22.500000000000004 1.0000000180025095e-35
decision_type=2 2 2 2 2 2 2 2 2 2 2 2 2 2 2 2 2 2 2 2 2 2 2 2 2 2 2 2 2 2
left_child=1 2 6 4 10 -4 7 9 -9 -1 13 -12 -6 14 16 -16 24 20 19 -19 27 22 23 28 25 29 -27 -18 -20 -2
right_child=3 -3 5 -5 12 -7 -8 8 -10 -11 11 -13 -14 -15 15 -17 17 18 21 -21 -22 -23 -24 -25 -26 26 -28 -29 -30 -31
leaf_value=0.043183844518282076 -0.0020611847231919861 -0.0045320700048733448 0.018572702671866902 -0.027809369733251571 -0.00052711324903462274 -0.0076264350383359811 -0.01074982468527682 0.033712222510814599 -0.01208326007650274 -0.006499122622811087 0.057135463695533011 -0.0093202398197453889 -0.021580906222018199 -0.042349109643007622 0.036328003472117044 -0.0077447908166995028 0.043651317420131397 -0.0077013574758523886 -0.058625300537092022 0.080048287457432893 -0.032712977892467916 0.040655735984098003 -0.031252550119813226 0.061937957839288897 0.030531736847908993 0.028552757573587814 -0.025270722216717691 -0.020621864111149517 -0.0024052312261843944 0.015837844805433668
leaf_weight=4.853388890624049 329.94493515044451 92.821080517023802 20.034300997853279 21.947932183742523 32.89516581594944 55.856986116617918 8.8988952785730344 62.066752262413502 5.1568395048379889 17.103316470980644 5.6154988631606084 3.9452179633080959 45.354177907109261 4.6036654263734809 11.368849996477367 6.2473957203328601 3.3823185786604908 6.2382601350545865 3.267147012054922 4.1862992271780968 23.568073596805334 3.2504537850618354 17.309435784816742 4.7174112126231185 8.1008203998208028 16.414758756756786 3.0648210719227782 3.2148602455854416 6.0062501728534698 21.993951097130775
leaf_count=30 1735 663 102 267 243 282 57 594 42 90 73 28 404 77 75 36 24 44 24 22 161 24 100 31 40 120 14 20 44 346
internal_value=3.58646e-06 0.00585891 0.0114024 -0.00265985 -0.0016776 -0.000694868 0.0207541 0.0239063 0.0301864 0.00462897 0.000104494 0.0299 -0.0127421 -0.000499004 -8.21775e-05 0.0207426 -0.000893438 -0.00954123 -0.000605271 0.0279629 -0.0228184 -0.00928063 -0.0145794 0.00612411 0.000820788 0.000164734 0.0199986 0.0124902 -0.0226265 -0.000938428
internal_weight=853.429 266.792 173.97 586.638 564.69 75.8913 98.0792 89.1803 67.2236 21.9567 486.44 9.56072 78.2493 476.88 472.276 17.6162 454.66 75.1405 44.9753 10.4246 30.1653 34.5507 31.3002 13.9908 379.519 371.418 19.4796 6.59718 9.2734 351.939
internal_count=5812 1860 1197 3952 3685 384 813 756 636 120 3038 101 647 2937 2860 111 2749 494 289 66 205 223 199 99 2255 2215 134 44 68 2081
is_linear=0
shrinkage=0.05


Tree=62
num_leaves=31
num_cat=0
split_feature=5 6 4 4 1 2 5 4 0 5 5 5 12 12 5 5 0 5 12 1 2 2 4 0 3 2 3 5 4 0
split_gain=5.1332 9.94309 6.67998 4.56693 4.40572 4.3468 3.60013 3.45449 3.22554 3.00645 2.95121 2.6568 3.14128 2.41644 2.3705 3.75757 2.35944 4.74484 2.19885 2.14003 2.2314 3.91356 3.53953 3.02548 2.10087 2.71361 2.49722 4.47529 4.44439 4.69687
threshold=872.50000000000011 1.0000000180025095e-35 118.50000000000001 924.00000000000011 2636.5000000000005 9357.5000000000018 785.50000000000011 4205.5000000000009 1.0000000180025095e-35 674.50000000000011 10.500000000000002 379.50000000000006 1.0000000180025095e-35 1.0000000180025095e-35 487.50000000000006 587.50000000000011 49.500000000000007 1339.5000000000002 1.0000000180025095e-35 972.00000000000011 5170.0000000000009 1125.5000000000002 108.50000000000001 19.500000000000004 1745.5000000000002 5.5000000000000009 7.5000000000000009 320.50000000000006 123.50000000000001 17.500000000000004
decision_type=2 2 2 2 2 2 2 2 2 2 2 2 2 2 2 2 2 2 2 2 2 2 2 2 2 2 2 2 2 2
left_child=1 3 11 4 6 16 8 10 18 24 -4 12 -3 -5 -12 -16 19 -18 -1 20 21 23 -23 -2 26 -26 -10 28 29 -28
right_child=5 2 7 13 -6 -7 -8 -9 9 -11 14 -13 -14 -15 15 -17 17 -19 -20 -21 -22 22 -24 -25 25 -27 27 -29 -30 -31
leaf_value=0.045500722090533366 0.019772045150469261 0.046474475716255174 0.031904645347571842 0.00050174603677599302 -0.048091339415183149 0.043534897675596644 0.036617199213617724 -0.05094931566059635 0.0012071112840025605 -0.027325994573656406 -0.011463243484354952 0.070438321191811329 0.016740116290821502 -0.047581911803080995 0.060418910375536899 -0.012136803441323823 0.051750580884785971 -0.029300017155056143 0.0089102924968582301 -0.067998134459175158 -0.06710689533866647 0.031705808612662624 -0.019734853225760456 -0.037312260446884134 0.0052963407295457954 0.060642606299503327 -0.028231826282943202 -0.032725222037723899 -0.018730045935574553 0.0027920701367045385
leaf_weight=5.6093657165765771 2.5748273991048363 13.484931861981748 8.3842923305928689 3.8968092203140241 4.704270973801612 2.8399048782885066 6.532274290919303 2.7506155893206587 443.16668935120106 10.564940355718134 18.568839825689796 3.8064528368413439 26.25418915040791 7.8175902292132378 3.3033091202378264 3.6935344152152538 3.1846595406532279 3.9143145196139812 14.868643432855606 2.4954986274242392 2.3456384427845469 6.075161084532736 7.1966475024819374 19.222677432000637 7.7215227298438531 3.0180021896958351 13.206495143473147 13.887101657688616 38.308226190507412 146.60117199271917
leaf_count=35 29 353 68 37 55 17 43 57 2475 77 142 30 424 111 18 23 20 45 81 25 18 40 65 235 51 23 68 97 264 786
internal_value=3.96354e-06 0.000974598 0.0176576 -0.000887213 -0.000372825 -0.0155468 -4.69363e-05 0.0019301 -0.000395779 -0.000988856 0.00635142 0.030878 0.0269214 -0.031718 -0.00212044 0.0224865 -0.0192008 0.00727375 0.0191056 -0.0239164 -0.0208028 -0.0175237 0.00387309 -0.0305097 -0.000566965 0.0212656 -0.000928035 -0.00538977 -0.00345812 0.000212206
internal_weight=849.999 800.149 80.2462 719.903 708.189 49.8493 703.484 36.7006 696.952 676.474 33.95 43.5456 39.7391 11.7144 25.5657 6.99684 47.0094 7.09897 20.478 39.9105 37.415 35.0693 13.2718 21.7975 665.909 10.7395 655.17 212.003 198.116 159.808
internal_count=5812 5318 1115 4203 4055 494 4000 308 3957 3841 251 807 777 148 183 41 477 65 116 412 387 369 105 264 3764 74 3690 1215 1118 854
is_linear=0
shrinkage=0.05


Tree=63
num_leaves=31
num_cat=0
split_feature=12 5 11 4 1 0 2 1 4 4 4 0 0 2 5 0 5 3 1 1 3 2 5 5 5 3 4 3 0 4
split_gain=4.71617 5.2657 7.07084 5.08945 3.95349 3.67322 3.63516 4.55756 3.39345 4.95172 8.10654 4.55156 3.3053 3.23301 3.88252 3.17583 3.02309 2.84029 2.9126 2.50757 3.24663 3.35541 2.74628 2.66713 3.19581 7.98528 2.46957 3.99989 2.93631 2.46189
threshold=1.0000000180025095e-35 1.0000000180025095e-35 1.0000000180025095e-35 1016.0000000000001 419.50000000000006 18.500000000000004 746.50000000000011 808.00000000000011 319.00000000000006 59.500000000000007 35.500000000000007 12.500000000000002 1.0000000180025095e-35 3203.0000000000005 913.00000000000011 24.500000000000004 1935.0000000000002 1127.5000000000002 55.500000000000007 1.0000000180025095e-35 659.50000000000011 95.500000000000014 8.5000000000000018 28.500000000000004 338.50000000000006 1.5000000000000002 1.0000000180025095e-35 1.0000000180025095e-35 19.500000000000004 80.500000000000014
decision_type=2 2 2 2 2 2 2 2 2 2 2 2 2 2 2 2 2 2 2 2 2 2 2 2 2 2 2 2 2 2
left_child=1 2 6 4 13 -4 7 8 9 10 11 12 -1 16 -15 29 17 -2 -19 -3 21 22 -21 -24 25 -25 27 28 -7 -6
right_child=3 19 5 -5 15 26 -8 -9 -10 -11 -12 -13 -14 14 -16 -17 -18 18 -20 20 -22 -23 23 24 -26 -27 -28 -29 -30 -31
leaf_value=0.040907650788142021 -0.00086927751004253805 0.0041610119315991312 0.017694052365260171 -0.026524187951416728 -0.0077934548234560447 -0.051613872655973475 0.060261165704920822 -0.024628831541761362 -0.019882546386241189 0.072123415250614081 -0.058170379226446779 0.031187324149031744 -0.0063446987774233984 0.056678374208643093 -0.008454482437087513 -0.020756474823817799 -0.041481999412867759 0.034884026903504471 -0.0076607522053947791 0.045175912232644826 -0.048628657123385995 -0.023579863644928378 -0.046992729246849101 0.080794777375781779 -0.016931593581626905 -0.016022277672674466 0.011935237922269824 -0.048922269949893266 -0.0021045155664317786 0.024531445785891476
leaf_weight=4.6157932057976749 453.09706633910537 45.958432301878929 19.849587269127369 21.159660473465919 25.176583491265774 3.1905752420425406 5.1363496221601954 5.9632795527577391 4.8798095211386672 4.6913108602166167 3.116813823580741 50.859267586842179 17.110038954764605 5.3126010000705701 3.9234768934547901 44.597087550908327 4.3566719889640799 11.137114468961956 6.2177502997219554 3.524762004613879 5.3374579437077037 17.960084445774555 2.7434194609522846 3.7039724513888377 8.1149875335395318 4.7779121398925781 12.790601175278423 6.4769505113363257 33.43512499332428 7.5799537077546111
leaf_count=30 2749 343 102 267 188 15 38 41 38 21 14 541 90 73 28 404 77 75 36 23 34 132 16 22 65 28 70 30 167 55
internal_value=2.61436e-06 0.00554188 0.0107036 -0.00251041 -0.00160074 -0.000729567 0.0196807 0.0173327 0.0202925 0.0227528 0.0196021 0.0230171 0.0038358 7.75231e-05 0.0292158 -0.0120891 -0.000495313 -0.000107017 0.0196849 -0.00410314 -0.012322 -0.00746801 0.00523512 -0.00223901 0.0053958 0.0267058 -0.00729233 -0.0130125 -0.00654622 -0.000261487
internal_weight=846.794 264.237 172.116 582.558 561.398 75.7428 96.3727 91.2363 85.273 80.3932 75.7019 72.5851 21.7258 484.045 9.23608 77.3536 474.809 470.452 17.3549 92.121 46.1626 40.8251 22.8651 19.3403 16.5969 8.48188 55.8933 43.1027 36.6257 32.7565
internal_count=5812 1860 1197 3952 3685 384 813 775 734 696 675 661 120 3038 101 647 2937 2860 111 663 320 286 154 131 115 50 282 212 182 243
is_linear=0
shrinkage=0.05


Tree=64
num_leaves=31
num_cat=0
split_feature=5 6 4 4 1 2 4 5 5 0 5 1 5 12 12 5 0 5 5 2 5 5 0 12 12 0 14 1 3 9
split_gain=4.45024 9.05614 6.02206 4.12441 4.07007 3.95873 3.22102 3.21705 2.85342 2.70586 2.70299 2.71071 2.51241 3.00708 2.2642 2.24224 2.45742 3.2997 2.32804 2.2272 4.31311 4.1345 1.99373 1.94105 1.92928 1.90748 1.90677 1.96097 1.90173 1.85931
threshold=872.50000000000011 1.0000000180025095e-35 118.50000000000001 924.00000000000011 2636.5000000000005 9357.5000000000018 4205.5000000000009 785.50000000000011 674.50000000000011 1.0000000180025095e-35 10.500000000000002 280.50000000000006 379.50000000000006 1.0000000180025095e-35 1.0000000180025095e-35 4048.0000000000005 49.500000000000007 1339.5000000000002 1042.5000000000002 828.50000000000011 331.00000000000006 179.50000000000003 19.500000000000004 1.0000000180025095e-35 1.0000000180025095e-35 25.500000000000004 1.0000000180025095e-35 2113.0000000000005 1971.5000000000002 1.0000000180025095e-35
decision_type=2 2 2 2 2 2 2 2 2 2 2 2 2 2 2 2 2 2 2 2 2 2 2 2 2 2 2 2 2 2
left_child=1 3 12 4 7 15 10 8 9 23 -4 19 13 -3 -5 16 18 -18 -2 24 21 -21 -20 -1 -12 -10 27 28 -11 -15
right_child=5 2 6 14 -6 -7 -8 -9 25 26 11 -13 -14 29 -16 -17 17 -19 22 20 -22 -23 -24 -25 -26 -27 -28 -29 -30 -31
leaf_value=0.043524921790722079 -0.045507683104062002 0.045756852480849874 0.030840898202352082 0.00011981729259673437 -0.047202513151233576 0.041722073845755638 -0.050658504563901544 0.034236151443505926 -0.048136249032860158 -0.00081874791610379188 0.052403609123528497 0.045942112524060316 0.068970950554286536 0.006253139790879516 -0.04686458736471516 -0.051748669740482311 0.048575390575873213 -0.022572715379556338 0.026368172288845179 -0.014999698884239548 0.0143104106255302 -0.083133047575267155 -0.017608967618530091 0.008538371737423207 -0.0052671250515836082 -0.0052961598475466456 -0.029941871165152442 0.033003727552564678 0.025582467797283494 0.034384731713229678
leaf_weight=5.3475735932588586 6.9072021804749957 12.71661591902375 8.282292388379572 3.9040096029639226 4.5113467797636977 2.8396878689527503 2.5868953466415396 6.6660312190651885 5.0209479480981809 647.38080334290862 2.4029334336519304 2.5538776144385329 3.6699094437062731 16.990547087043524 7.3686605617403984 4.4068791959434739 3.2390668727457514 3.0977066941559315 2.7755208685994175 7.0338977500796336 6.7595568858087054 3.1986356489360332 25.608148574829102 14.82163380086422 3.4092119336128235 5.3313653841614723 5.376911222934722 4.286033682525157 6.7935695983469477 8.9245771206915396
leaf_count=35 54 353 68 37 55 17 57 43 40 3639 21 16 30 123 111 97 20 30 28 55 39 21 248 81 31 37 37 36 52 301
internal_value=2.30414e-06 0.000902972 0.0170113 -0.000863875 -0.000382327 -0.0146263 0.00203534 -7.43329e-05 -0.000408605 -1.24116e-05 0.00622555 -0.00190371 0.0298017 0.0259122 -0.0307347 -0.0181851 -0.0145165 0.0139846 -0.0196591 -0.00743922 -0.0165614 -0.0368963 -0.0132312 0.0179835 0.019059 -0.0263357 -0.000561804 -0.00031738 -0.000540704 0.016036
internal_weight=844.212 795.338 78.529 716.809 705.536 48.8742 36.2273 701.025 694.359 684.007 33.6404 25.3581 42.3016 38.6317 11.2727 46.0345 41.6276 6.33677 35.2909 22.8042 16.9921 10.2325 28.3837 20.1692 5.81215 10.3523 663.837 658.46 654.174 25.9151
internal_count=5812 5318 1115 4203 4055 494 308 4000 3957 3880 251 183 807 777 148 477 380 50 330 167 115 76 276 116 52 77 3764 3727 3691 424
is_linear=0
shrinkage=0.05


Tree=65
num_leaves=31
num_cat=0
split_feature=4 6 5 4 2 1 4 5 0 0 2 5 2 12 5 12 1 2 5 5 5 14 12 3 5 2 9 0 2 3
split_gain=4.26851 4.55498 8.06701 4.05951 3.84072 3.68547 3.67726 2.86708 2.59089 2.50894 4.08125 2.47082 2.4505 2.31387 2.28915 2.92766 2.2664 2.01071 3.90194 3.76119 1.90035 1.85763 1.83425 1.82482 1.80642 3.04308 1.77862 3.63421 3.18667 1.73006
threshold=4205.5000000000009 1.0000000180025095e-35 913.00000000000011 118.50000000000001 9357.5000000000018 2636.5000000000005 924.00000000000011 2558.5000000000005 1.0000000180025095e-35 38.500000000000007 1436.5000000000002 10.500000000000002 763.50000000000011 1.0000000180025095e-35 379.50000000000006 1.0000000180025095e-35 280.50000000000006 828.50000000000011 331.00000000000006 179.50000000000003 1378.5000000000002 1.0000000180025095e-35 1.0000000180025095e-35 1.0000000180025095e-35 1240.5000000000002 62.500000000000007 1.0000000180025095e-35 23.500000000000004 1323.5000000000002 1971.5000000000002
decision_type=2 2 2 2 2 2 2 2 2 2 2 2 2 2 2 2 2 2 2 2 2 2 2 2 2 2 2 2 2 2
left_child=1 5 3 14 7 6 8 9 22 12 -11 23 -4 -8 15 -3 17 -13 19 -19 -14 24 -1 -5 29 -26 27 -17 -29 -10
right_child=-2 2 4 11 -6 -7 13 -9 21 10 -12 16 20 -15 -16 26 -18 18 -20 -21 -22 -23 -24 -25 25 -27 -28 28 -30 -31
leaf_value=0.042485354317979222 -0.051138513643863542 0.045205759781028747 -0.057896019869476692 0.046516110060604271 0.04442952958462125 -0.046484574383549519 0.001982257141200738 -0.040802302939021845 -0.00073946353378541213 0.061537432892060762 -0.017892530240678019 0.017977525001564756 -0.031836801397445345 -0.046387612366969901 0.064813669074764407 0.055804660102260845 0.041155457036523097 -0.014246678826271848 0.013610678639441319 -0.07926398813104861 0.010996080686683861 -0.029628148419963404 0.0081423969136656775 -0.0023100715351371372 -0.052775936758724912 0.026698352569405767 0.033773803904954984 -0.018880603632812003 0.034728226490109246 0.024548923636137386
leaf_weight=5.2104619294404992 3.9605827797204247 12.241374855861066 2.9659354612231352 5.3341234363615495 2.7009983770549288 4.3574398458003989 3.7670566216111165 8.6506398729979974 678.48314755782485 2.9375522397458544 3.3854966163635254 5.8629423640668454 4.3540431372821313 7.050609152764082 3.9942452274262896 2.9113921783864525 2.6264774575829497 7.0405080094933528 6.7569246627390376 3.1920710727572441 6.1009163968265057 5.5021210238337508 14.771486848592758 2.9397088848054409 3.8733961395919314 1.6553681492805479 8.6407800950109976 10.361062809824942 3.6728936918079844 6.7314377948641768
leaf_count=35 94 353 36 45 15 55 34 140 3875 25 22 52 26 109 33 28 17 55 39 21 38 39 81 23 57 17 301 51 44 52
internal_value=1.9148e-06 0.000249668 0.0098969 0.0187098 -0.0115133 -0.00115848 -0.000880465 -0.016972 -0.000441406 -0.00637793 0.0193925 0.00578437 -0.0185729 -0.0296798 0.0291027 0.025171 -0.00195221 -0.00706438 -0.0157608 -0.0350998 -0.00697461 -0.000951967 0.0172646 0.0293477 -0.000719291 -0.028929 0.015447 0.00595848 -0.00470394 -0.000487489
internal_weight=842.033 838.073 106.67 75.5745 31.0956 731.403 727.045 28.3946 716.227 19.7439 6.32305 33.7528 13.4209 10.8177 41.8217 37.8275 25.4789 22.8524 16.9895 10.2326 10.455 696.245 19.9819 8.27383 690.743 5.52876 25.5861 16.9453 14.034 685.215
internal_count=5812 5718 1364 1062 302 4354 4299 287 4156 147 47 252 100 143 810 777 184 167 115 76 64 4040 116 68 4001 74 424 123 95 3927
is_linear=0
shrinkage=0.05


Tree=66
num_leaves=31
num_cat=0
split_feature=5 12 4 11 5 1 1 4 3 0 0 2 1 2 1 0 2 4 4 0 2 2 3 2 2 5 4 5 4 4
split_gain=4.13459 4.36271 4.23429 4.15179 5.69372 3.86666 5.06975 3.74793 3.7139 3.70297 6.81102 3.94575 3.72099 3.38701 4.11278 3.05302 4.64221 4.37624 3.02014 4.63467 2.95644 2.95137 3.59918 4.5363 4.30409 3.18074 4.77545 3.75751 2.86014 6.30618
threshold=5089.5000000000009 1.0000000180025095e-35 1447.5000000000002 1.0000000180025095e-35 1.0000000180025095e-35 323.50000000000006 289.50000000000006 260.50000000000006 1127.5000000000002 23.500000000000004 25.500000000000004 7.5000000000000009 1.0000000180025095e-35 746.50000000000011 808.00000000000011 12.500000000000002 635.50000000000011 319.00000000000006 68.500000000000014 24.500000000000004 89.500000000000014 758.50000000000011 73.500000000000014 1604.5000000000002 2212.5000000000005 872.50000000000011 712.50000000000011 104.50000000000001 59.500000000000007 35.500000000000007
decision_type=2 2 2 2 2 2 2 2 2 2 2 2 2 2 2 2 2 2 2 2 2 2 2 2 2 2 2 2 2 2
left_child=1 3 5 4 13 6 8 18 -3 20 -11 -12 -13 14 15 -1 17 28 -7 -20 -5 25 23 -23 -25 26 27 -6 29 -17
right_child=-2 2 -4 9 21 7 -8 -9 -10 10 11 12 -14 -15 -16 16 -18 -19 19 -21 -22 22 -24 24 -26 -27 -28 -29 -30 -31
leaf_value=0.0027248562240053294 -0.053327299561752584 -0.001066939084243157 -0.030315997439156292 0.0026744575205904972 -0.028181547703477989 -0.011509017697914646 0.058222918632083502 -0.040338015837396352 0.022683748912260979 -0.053162361863062085 0.0048416277774815317 -0.0014675856040444223 -0.059973904664941041 0.058269117163939149 -0.023963534592101043 0.031685493685124348 -0.048194288177563563 -0.018614821412644634 0.050757220397862318 -0.012813064933669972 0.038958935768655112 0.059505659436134672 -0.024767158873980261 -0.050641459916648174 0.018833905236388657 -0.046147626658887622 0.041713776673656396 0.0070387565627016216 0.068076544591758686 -0.046896631541424594
leaf_weight=21.382745739072561 3.5188187919557086 454.67985072545707 12.97728501819074 39.649468313902617 15.650413885712625 67.561662320047617 3.6418069973587981 9.6714544668793661 16.977611172944307 8.1978385485708696 33.033123936504126 5.6093824580311757 5.1810741722583771 4.9720839932560912 5.874114401638507 47.941397305577993 2.0262295678257933 4.7401089221239081 5.1689693704247457 6.2209616228938103 6.4434880167245856 5.5931558273732724 5.2226342074573031 2.5662196390330818 13.545777283608912 4.9886414296925059 4.8502189442515364 14.523192979395388 4.7319041565060607 2.6100180000066748
leaf_count=120 75 2859 192 209 81 549 21 98 114 44 179 28 30 38 41 534 10 37 31 49 33 39 39 16 112 64 48 89 21 12
internal_value=1.95168e-06 0.000232708 -0.00218867 0.00561795 0.010551 -0.00153613 0.000252463 -0.0111181 -0.000207391 -0.00249031 -0.0116232 -0.00374941 -0.0298523 0.018462 0.0161831 0.0190349 0.024642 0.0271769 -0.00749222 0.016227 0.00782014 -0.000601845 0.0121701 0.0211306 0.00752418 -0.00920607 -0.00382788 -0.011262 0.0311297 0.0275436
internal_weight=839.752 836.233 576.9 259.333 161.219 563.922 475.299 88.623 471.657 98.1144 52.0214 43.8236 10.7905 94.2786 89.3065 83.4324 62.0497 60.0234 78.9516 11.3899 46.093 66.9403 26.9278 21.7052 16.112 40.0125 35.0238 30.1736 55.2833 50.5514
internal_count=5812 5737 3913 1824 1301 3721 2994 727 2973 523 281 237 58 813 775 734 614 604 629 80 242 488 206 167 128 282 218 170 567 546
is_linear=0
shrinkage=0.05


Tree=67
num_leaves=31
num_cat=0
split_feature=4 6 5 4 2 1 4 5 0 0 2 2 5 1 2 5 2 5 2 1 12 5 3 0 0 5 5 1 2 3
split_gain=4.01201 4.16559 7.12727 3.83579 3.48535 3.40234 3.39484 2.68075 2.38173 2.26721 3.55031 2.32275 2.08598 2.64432 2.51518 1.84965 2.16047 2.07011 1.78126 3.98417 1.98446 1.75269 3.13259 3.04605 4.23709 2.7822 4.42989 3.87507 3.37428 2.62131
threshold=4205.5000000000009 1.0000000180025095e-35 913.00000000000011 89.500000000000014 9357.5000000000018 2636.5000000000005 1086.0000000000002 2558.5000000000005 1.0000000180025095e-35 38.500000000000007 1436.5000000000002 763.50000000000011 10.500000000000002 280.50000000000006 3622.5000000000005 487.50000000000006 828.50000000000011 155.50000000000003 1208.5000000000002 1.0000000180025095e-35 1.0000000180025095e-35 119.50000000000001 3.5000000000000004 47.500000000000007 36.500000000000007 856.50000000000011 439.00000000000006 36.500000000000007 103.50000000000001 1745.5000000000002
decision_type=2 2 2 2 2 2 2 2 2 2 2 2 2 2 2 2 2 2 2 2 2 2 2 2 2 2 2 2 2 2
left_child=1 5 3 18 7 6 8 9 -1 11 -11 -4 14 15 -5 16 17 -14 19 20 -3 29 23 24 25 26 -23 28 -28 -10
right_child=-2 2 4 12 -6 -7 -8 -9 21 10 -12 -13 13 -15 -16 -17 -18 -19 -20 -21 -22 22 -24 -25 -26 -27 27 -29 -30 -31
leaf_value=0.016577824036505602 -0.05093580966032403 0.046546105499910569 -0.057285150596849826 0.010996876320601888 0.042678139647525495 -0.045579352491399279 -0.033016303608127531 -0.039808462679384121 -0.0003873292096542543 0.056886360908470414 -0.01687542298929973 -0.0066100739738486824 0.04710846914294884 0.043610999570721981 0.072731250624550478 0.016474089900896532 -0.02546557680265428 -0.016803234178414297 0.05033337545899124 -0.062052862803859757 0.018411065367813183 -0.010170477489248634 -0.017840184731060926 0.031344401353819988 -0.037054583581906879 -0.02695723213158583 -0.0032120985522660402 0.067153310137003236 0.052982313562517348 0.025901981201986841
leaf_weight=19.79840125888586 3.7481828443706027 8.9900783337652737 2.7983721941709616 6.2604812234640104 2.6817286834120742 4.1752045787870875 8.0074368659406883 8.234483974054454 591.92918678745627 3.0169180147349826 3.3498657085001469 10.44186259433627 2.2868864610791304 2.877587065100669 2.1637286618351936 6.4256024174392214 12.748166315257548 2.6198458038270473 7.6337263174355021 1.2194318398833264 21.063842823728919 16.428967174142599 40.273745581507683 6.8873003274202338 7.9661233313381663 6.5458209402859202 9.596645191311838 4.2061820104718199 3.5963639467954627 9.5363452658057195
leaf_count=116 94 316 36 45 15 55 113 140 3318 25 22 64 20 18 27 38 94 24 100 9 371 103 294 40 56 72 69 29 19 70
internal_value=4.15494e-08 0.000235105 0.00955044 0.0179011 -0.0107659 -0.00110544 -0.000842983 -0.0160481 -0.000478999 -0.00591789 0.018416 -0.0176696 0.00596079 -0.000853227 0.0275204 -0.00632502 -0.0146689 0.0133301 0.0287165 0.0232963 0.0269536 -0.000965832 -0.00725451 0.000483218 -0.00396939 0.00263402 0.00842257 0.0259366 0.0123896 3.37291e-05
internal_weight=837.509 833.76 104.813 74.2894 30.5232 728.948 724.773 27.8415 716.765 19.607 6.36678 13.2402 35.3823 26.9581 8.42421 24.0805 17.6549 4.90673 38.9071 31.2734 30.0539 696.967 95.5011 55.2274 48.3401 40.374 33.8282 17.3992 13.193 601.466
internal_count=5812 5718 1364 1062 302 4354 4299 287 4186 147 47 100 266 194 72 176 138 44 796 696 687 4070 682 388 348 292 220 117 88 3388
is_linear=0
shrinkage=0.05


Tree=68
num_leaves=31
num_cat=0
split_feature=5 12 4 11 5 1 1 4 0 0 2 1 3 2 1 4 0 2 4 2 4 0 5 5 0 2 3 2 2 5
split_gain=3.82638 3.94226 3.80493 3.7126 5.01759 3.48069 4.47033 3.51983 3.34393 6.15088 3.60646 3.46012 3.31119 3.16988 3.69139 2.97528 2.83267 4.20804 3.94523 2.75311 2.71289 4.0461 2.82591 2.9311 2.6184 2.61287 3.23075 3.92772 3.78845 2.92322
threshold=5089.5000000000009 1.0000000180025095e-35 1447.5000000000002 1.0000000180025095e-35 1.0000000180025095e-35 323.50000000000006 289.50000000000006 260.50000000000006 23.500000000000004 25.500000000000004 7.5000000000000009 1.0000000180025095e-35 1276.5000000000002 746.50000000000011 808.00000000000011 2.5000000000000004 12.500000000000002 635.50000000000011 319.00000000000006 4.5000000000000009 68.500000000000014 24.500000000000004 43.500000000000007 409.50000000000006 1.0000000180025095e-35 758.50000000000011 73.500000000000014 1604.5000000000002 2321.0000000000005 872.50000000000011
decision_type=2 2 2 2 2 2 2 2 2 2 2 2 2 2 2 2 2 2 2 2 2 2 2 2 2 2 2 2 2 2
left_child=1 3 5 4 13 6 12 20 19 -10 -11 -12 -3 14 16 -14 24 18 -18 -5 22 -22 -7 -24 -1 29 27 -27 -29 -6
right_child=-2 2 -4 8 25 7 -8 -9 9 10 11 -13 15 -15 -16 -17 17 -19 -20 -21 21 -23 23 -25 -26 26 -28 28 -30 -31
leaf_value=0.03712160767749792 -0.053137355390157438 -0.00092375343551193134 -0.029220192542293938 0.0011135859106281753 -0.0035095104895597573 -0.0061939901441712573 0.054065121111647574 -0.039459891014033362 -0.050483317492458928 0.0047011592190548557 -0.0012697460380645148 -0.057952910073780173 0.052651319559020221 0.05669463390660559 -0.022999981951452076 0.003918476384175462 0.029832461385539778 -0.045325382876490579 -0.017776827421221074 0.030884655218759258 0.046934904882111814 -0.012254738204014039 -0.051860095521143824 -0.00037175444145292534 -0.0064067336525910458 0.055516265882904106 -0.023550624274523826 -0.043581377839950794 0.01879679264679467 -0.045067712042902379
leaf_weight=4.2261442393064526 3.2742344681173554 457.91568342596292 12.537606511265038 36.239104721695185 35.043879419565201 55.080799479037523 3.7229053080081931 9.3484082818031293 8.1908273361623269 32.976885955780745 5.5933589041233045 5.0990712903439999 5.395569544285534 4.8176947906613341 5.7723554745316497 7.3232613261789083 54.215442065149546 2.0524858087301245 4.6656705476343623 9.7863303273916227 5.287561282515524 6.1520622111856937 7.4702173136174661 4.3560563437640667 17.061707735061646 5.6617507934570375 5.1708718966692677 2.8891323134303084 13.048045244067906 4.7161043416708699
leaf_count=30 75 2877 192 189 218 444 21 98 44 179 28 30 45 38 41 51 567 10 37 53 31 49 67 38 90 39 39 19 109 64
internal_value=-3.03758e-07 0.000215219 -0.00208785 0.0053586 0.0100645 -0.00147753 0.000215044 -0.0106227 -0.00230418 -0.0110003 -0.0034963 -0.0285877 -0.000222326 0.0175701 0.0153661 0.0248413 0.0180843 0.0235621 0.0260362 0.00749701 -0.00713594 0.0152732 -0.0109845 -0.0330572 0.00236784 -0.000416923 0.0116342 0.0201273 0.00728748 -0.00853961
internal_weight=835.091 831.817 574.59 257.227 159.341 562.053 474.357 87.6951 97.8856 51.8601 43.6693 10.6924 470.635 92.8115 87.9938 12.7188 82.2215 60.9336 58.8811 46.0254 78.3467 11.4396 66.9071 11.8263 21.2879 66.5298 26.7698 21.5989 15.9372 39.76
internal_count=5812 5737 3913 1824 1301 3721 2994 727 523 281 237 58 2973 813 775 96 734 614 604 242 629 80 549 105 120 488 206 167 128 282
is_linear=0
shrinkage=0.05


Tree=69
num_leaves=31
num_cat=0
split_feature=4 6 5 4 2 2 2 1 4 4 5 5 0 7 0 7 9 12 0 0 11 2 0 1 1 12 1 4 2 1
split_gain=3.75197 3.87154 6.36035 3.53284 3.19081 3.15742 3.61715 3.13992 3.07873 2.88463 2.30875 2.61224 2.13103 6.00478 3.33465 12.1671 2.32739 2.12626 1.93631 4.29095 5.53518 6.23219 3.94984 3.39029 6.28753 3.90254 3.35289 3.17685 3.01426 8.63821
threshold=4205.5000000000009 1.0000000180025095e-35 913.00000000000011 89.500000000000014 763.50000000000011 1604.5000000000002 2516.5000000000005 2636.5000000000005 924.00000000000011 123.50000000000001 1319.0000000000002 2182.0000000000005 4.5000000000000009 1.0000000180025095e-35 11.500000000000002 1.0000000180025095e-35 1.0000000180025095e-35 1.0000000180025095e-35 23.500000000000004 25.500000000000004 1.0000000180025095e-35 9.5000000000000018 24.500000000000004 89.500000000000014 427.50000000000006 1.0000000180025095e-35 1832.5000000000002 618.50000000000011 10.500000000000002 646.50000000000011
decision_type=2 2 2 2 2 2 2 2 2 2 2 2 2 2 2 2 2 2 2 2 2 2 2 2 2 2 2 2 2 2
left_child=1 7 3 -3 -4 9 -7 8 12 -6 -8 -12 13 16 15 -14 -1 -10 23 20 21 22 -20 25 -25 -16 28 -27 -26 -30
right_child=-2 2 4 -5 5 6 10 -9 17 -11 11 -13 14 -15 18 -17 -18 -19 19 -21 -22 -23 -24 24 26 27 -28 -29 29 -31
leaf_value=-0.0079147928944206577 -0.050723790745082403 0.027846011642027869 -0.040316047945031804 0.0058294081279185138 0.06607480638420532 -0.063242021908284249 -0.035467444387730203 -0.044700146463434162 0.0019365797558120465 -0.0020832845410910963 0.033852870588166252 -0.01522197535088371 -0.025053172921028811 0.055029264707563585 0.016478259466084125 0.063220665024416575 0.014020117545007267 -0.04526445430186455 0.019409094472192915 -0.00045493951903891234 -0.054414321638529488 -0.034868257659208479 -0.019235851687424619 -0.027900390881885187 -0.010719726307408726 0.0029094274983570041 0.044874840930113812 -0.037044680463904932 -0.027596733047083197 0.065286012679990277
leaf_weight=24.059812426567078 3.5300560072064391 37.774207644164562 6.6637951545417335 35.240987297147512 2.765906265005472 2.8007226623594788 3.7077694013714781 3.9998694472014895 3.7513110041618329 3.374102396890521 5.4273763783276063 5.2384576052427292 35.110519841313362 6.1888623014092436 63.218082092702389 4.2940942309796801 24.120438322424889 6.4171629026532173 17.564459107816219 318.26188166812062 7.8520228154957286 15.003983665257691 10.471773065626623 22.769576840102673 21.698801793158058 121.86644759401679 4.6215646862983695 5.0869298651814452 4.5774869024753553 5.311856284737587
leaf_count=106 94 796 120 266 21 25 21 55 34 40 31 44 147 75 350 39 119 109 106 1922 41 82 73 136 151 665 34 46 29 35
internal_value=-1.96958e-06 0.000220042 0.00928728 0.0172421 -0.0100806 -0.00130335 -0.0123098 -0.00106694 -0.000819137 0.0291869 -0.0020172 0.00983256 -0.00042709 0.00907716 -0.00121401 -0.0152979 0.00307276 -0.028002 -0.000314117 -0.00261255 -0.0160781 -0.00897435 0.00495781 0.00309104 -0.0073737 0.00633871 0.0055753 0.0012806 -0.000297967 0.0224474
internal_weight=832.77 829.24 102.993 73.0152 29.9781 23.3143 17.1743 726.247 722.247 6.14001 14.3736 10.6658 712.079 54.3691 657.709 39.4046 48.1803 10.1685 618.305 369.154 50.8922 43.0402 28.0362 249.151 58.9793 190.171 36.2097 126.953 31.5881 9.88934
internal_count=5812 5718 1364 1062 302 182 121 4354 4299 61 96 75 4156 300 3856 186 225 143 3670 2224 302 261 179 1446 385 1061 249 711 215 64
is_linear=0
shrinkage=0.05


Tree=70
num_leaves=31
num_cat=0
split_feature=4 6 5 5 2 1 4 2 1 4 2 2 5 5 5 2 0 5 4 4 12 2 2 14 5 2 0 4 0 12
split_gain=3.56091 3.5247 5.84386 3.52603 2.97422 2.94564 2.88138 2.33885 2.6546 2.17771 2.82753 2.1633 2.37824 6.75529 3.36118 2.3031 1.99803 1.93961 1.87604 2.33788 1.92225 1.79068 1.7284 2.29606 1.87423 1.75676 1.7134 2.49541 2.30359 1.65225
threshold=4205.5000000000009 1.0000000180025095e-35 10.500000000000002 2558.5000000000005 6922.5000000000009 2636.5000000000005 1086.0000000000002 3622.5000000000005 352.50000000000006 118.50000000000001 781.50000000000011 828.50000000000011 338.50000000000006 605.50000000000011 188.50000000000003 360.50000000000006 1.0000000180025095e-35 1319.0000000000002 1836.0000000000002 1327.0000000000002 1.0000000180025095e-35 10134.500000000002 1904.5000000000002 1.0000000180025095e-35 1240.5000000000002 8.5000000000000018 27.500000000000004 1.0000000180025095e-35 38.500000000000007 1.0000000180025095e-35
decision_type=2 2 2 2 2 2 2 2 2 2 2 2 2 2 2 2 2 2 2 2 2 2 2 2 2 2 2 2 2 2
left_child=1 5 7 4 9 6 16 8 18 10 -4 15 14 -14 -13 -11 29 -15 19 20 -3 -5 23 24 -18 -26 -12 -28 -29 -1
right_child=-2 2 3 21 -6 -7 -8 -9 -10 11 26 12 13 17 -16 -17 22 -19 -20 -21 -22 -23 -24 -25 25 -27 27 28 -30 -31
leaf_value=0.040148998130810798 -0.050553985897393683 0.042832113924831522 -0.028442766546911198 -0.038422619103485385 0.046141225319827166 -0.043986130853322564 -0.031376514400182361 0.068806213728294499 -0.046171407128593724 -0.0072686987693867866 0.060740474185487482 -0.013349634709161838 0.046055539587036724 -0.045483912330356521 -0.076252956264763166 0.041864963379511677 -0.00061885955165729995 0.00092661117771205323 -0.026614133929955028 0.096055639335556331 0.015481488167504838 0.01840595076691064 0.031095909506331551 -0.033891058487626344 -0.052181393738274143 0.013109541926084066 -0.022870212267101207 0.010586640376240056 0.06334542038728623 0.0067454371901462156
leaf_weight=4.8925085738301286 3.3692162856459609 9.1686284672468954 2.9441833496093777 7.7230536695569736 3.8951531872153273 3.8665824793279162 7.5135701708495608 2.6850748974829903 1.3249217942357052 5.4881197959184629 2.5939278155565253 7.074078533798458 4.9038609787821761 5.2789645157754403 2.9703191556036472 4.0851551480591297 680.16211411356926 3.8648659586906433 1.6787852868437756 1.0735874772071827 21.650949796661735 1.6215410158038137 4.0961642526090136 5.1947714760899535 3.2171345651149741 1.4447205476462839 2.9703757204115382 5.9073138721287233 3.127653706818819 14.539156466722488
leaf_count=35 94 325 27 140 47 55 113 41 9 61 23 53 26 31 18 35 3929 28 16 5 382 9 32 39 51 19 22 42 24 81
internal_value=-3.47261e-06 0.00020857 0.00890488 -0.000240143 0.00459015 -0.00101646 -0.000779974 0.0245465 0.0209542 0.00134584 0.0155797 -0.00609578 -0.0140715 -0.000744075 -0.0325196 0.0139139 -0.000453444 -0.0260695 0.0237325 0.0264576 0.0237303 -0.0284708 -0.000897115 -0.00109151 -0.000837799 -0.0320972 0.0245907 0.0163427 0.0293438 0.0153183
internal_weight=830.326 826.957 102.031 64.4486 55.104 724.927 721.06 37.5819 34.8969 51.2088 17.5435 33.6654 24.0921 14.0477 10.0444 9.57327 713.547 9.14383 33.572 31.8932 30.8196 9.34459 694.115 690.019 684.824 4.66186 14.5993 12.0053 9.03497 19.4317
internal_count=5812 5718 1364 586 437 4354 4299 778 737 390 138 252 156 85 71 96 4186 59 728 712 707 149 4070 4038 3999 70 111 88 66 116
is_linear=0
shrinkage=0.05


Tree=71
num_leaves=31
num_cat=0
split_feature=5 6 4 4 12 4 1 5 5 2 4 12 5 3 3 7 5 5 4 3 0 3 4 4 4 3 3 14 2 0
split_gain=3.24545 3.50422 5.18005 3.03807 2.86613 2.84372 2.79134 2.73124 2.72156 2.61492 2.45406 1.99318 2.94535 3.03103 5.77997 4.73638 3.44381 5.28503 3.69446 4.48242 5.86497 3.59801 3.39865 3.12226 2.29794 2.2616 3.16505 2.29021 2.20125 2.08583
threshold=4212.0000000000009 1.0000000180025095e-35 17.500000000000004 1609.5000000000002 1.0000000180025095e-35 4205.5000000000009 2636.5000000000005 2474.0000000000005 1589.5000000000002 6922.5000000000009 3.5000000000000004 1.0000000180025095e-35 803.50000000000011 14.500000000000002 22.500000000000004 1.0000000180025095e-35 12.500000000000002 4.5000000000000009 1.0000000180025095e-35 129.50000000000003 37.500000000000007 694.50000000000011 27.500000000000004 1.0000000180025095e-35 924.00000000000011 1276.5000000000002 1461.5000000000002 1.0000000180025095e-35 746.50000000000011 1.0000000180025095e-35
decision_type=2 2 2 2 2 2 2 2 2 2 2 2 2 2 2 2 2 2 2 2 2 2 2 2 2 2 2 2 2 2
left_child=1 3 4 6 -3 7 11 9 10 -4 -6 12 13 15 -15 28 17 18 21 -20 22 -16 -21 -18 25 27 -27 -13 29 -1
right_child=-2 2 5 -5 8 -7 -8 -9 -10 -11 -12 24 -14 14 16 -17 23 -19 19 20 -22 -23 -24 -25 -26 26 -28 -29 -30 -31
leaf_value=0.037860687913560703 -0.04287697132940984 0.042918721823236299 0.0018982241451216361 -0.045760116858444527 0.013399037161690283 -0.050086397054539745 -0.043272206774292735 -0.038804929858671761 -0.037539262696955601 0.045133104952511632 0.065195513665887939 -0.0022350301846193492 -0.036719377326522182 -0.073634682005548402 -0.039999709681374909 0.041071222250676526 0.0014003383581830235 0.0595704805599113 0.062905772189327122 0.045408856166520913 -0.047114649432675744 0.00826221141091848 -0.0034053511820092484 -0.044129171343692125 -0.039976053409167864 0.051854605173827832 0.0026178946956299351 -0.040073261703250658 0.032899944334972397 0.0031361105396339609
leaf_weight=4.3771701306104651 4.2905535548925391 12.2739135697484 49.363332562148571 3.6685668341815463 23.158401759341366 2.6434764228761187 3.7387682460248461 3.7205072529613963 2.2647566385567179 3.6648804042488328 2.451927362009882 479.49399508535862 4.3529798723757258 2.8296038955450049 8.6628399491310102 10.100113008171318 7.2822156473994237 4.0148189961910239 3.6363763734698322 6.3443137705326098 4.3756220042705527 6.852991320192813 7.9540613740682602 7.6841921210289001 3.9022133834660044 4.4416387006640461 11.643302265554665 3.933104842901229 6.997558891773223 128.14482201635838
leaf_count=29 100 360 379 67 403 76 55 49 23 40 22 2846 45 17 46 96 38 19 23 32 23 38 39 46 64 22 80 31 38 666
internal_value=-2.96509e-06 0.000225463 0.00901699 -0.000983624 0.0228656 -0.000367311 -0.000749402 0.00203274 0.0139139 0.0049656 0.0185923 -0.000521673 0.00352426 0.00437855 -0.0051469 0.00817621 -0.0016121 0.00575647 -9.72858e-05 0.0129125 0.00289414 -0.0187671 0.0184189 -0.0221136 -0.00223881 -0.00193606 0.0164503 -0.0025511 0.00576716 0.00431074
internal_weight=828.263 823.972 99.5412 724.431 40.149 59.3922 720.763 56.7487 27.8751 53.0282 25.6103 717.024 213.61 209.257 59.637 149.62 56.8074 41.841 37.8262 22.3104 18.674 15.5158 14.2984 14.9664 503.414 499.512 16.0849 483.427 139.52 132.522
internal_count=5812 5712 1352 4360 808 544 4293 468 448 419 425 4238 1195 1150 321 829 304 220 201 117 94 84 71 84 3043 2979 102 2877 733 695
is_linear=0
shrinkage=0.05


Tree=72
num_leaves=31
num_cat=0
split_feature=3 4 2 5 6 9 0 2 4 0 0 4 2 5 0 0 11 0 2 4 2 2 1 3 5 3 3 4 5 4
split_gain=3.23135 3.67158 3.02546 3.37117 4.01825 4.24795 2.69739 2.38097 2.30056 3.58951 2.70481 2.34745 3.60061 5.80741 2.78033 4.19173 4.1653 3.85902 3.79829 3.47367 3.38689 2.93622 7.51438 7.22769 5.95545 3.25352 5.91945 3.53917 2.92908 3.86529
threshold=3110.5000000000005 2308.0000000000005 8787.0000000000018 2182.0000000000005 1.0000000180025095e-35 1.0000000180025095e-35 12.500000000000002 763.50000000000011 7.5000000000000009 14.500000000000002 59.500000000000007 16.500000000000004 350.50000000000006 2.5000000000000004 41.500000000000007 44.500000000000007 1.0000000180025095e-35 24.500000000000004 265.50000000000006 618.50000000000011 2.5000000000000004 1.0000000180025095e-35 7.5000000000000009 20.500000000000004 126.50000000000001 619.50000000000011 1.5000000000000002 84.500000000000014 1.0000000180025095e-35 253.50000000000003
decision_type=2 2 2 2 2 2 2 2 2 2 2 2 2 2 2 2 2 2 2 2 2 2 2 2 2 2 2 2 2 2
left_child=1 2 3 4 8 6 -6 -8 -1 -10 11 12 13 -11 17 20 -17 18 19 21 -16 25 24 -24 -23 26 27 -13 29 -19
right_child=-2 -3 -4 -5 5 -7 7 -9 9 10 -12 14 -14 -15 15 16 -18 28 -20 -21 -22 22 23 -25 -26 -27 -28 -29 -30 -31
leaf_value=0.0006778051818666595 0.041930530872850626 -0.030385556029306988 0.044081467617295554 -0.030079786996066723 0.054452670337109432 0.036262877565843975 -0.011479181902753779 0.0098137613527667315 -0.044962438150914517 -4.8111583047016714e-05 -0.03725542448189046 -0.019631866596825285 0.014789846100235716 -0.067873524206699773 0.0825604275394939 -0.0083841716512774792 0.055281068562769153 -0.0086291393038117909 -0.022950975755324267 -0.01533296328555931 0.015091296491359558 0.03065688726492213 0.10555352286828495 0.018206402838827695 -0.057868398594757176 0.037069786453813487 -0.032301263991855227 0.052733667316940874 -0.0012186246347155631 -0.04459727093099887
leaf_weight=547.30590398237109 4.4684901908040038 9.876057416200636 3.7972883880138388 9.1563430968672019 2.6147923469543448 13.614167224615811 18.524411372840405 44.423951232805848 5.6017270870506755 6.1520099267363566 6.0130400732159606 2.5449370443821016 5.0746478065848342 6.3808616474270821 3.2107557207345989 17.365489225834612 2.9122156873345366 16.816349718719724 10.728771589696406 10.811622966080902 4.374023862183094 4.6795258522033718 4.6374627463519555 4.8369574472308159 3.0540080592036247 5.6352066658437243 9.5172089822590333 4.6872526183724403 23.666822731494904 13.426596529781817
leaf_count=3105 32 193 42 162 26 598 130 324 40 37 42 20 25 44 22 121 15 95 59 114 25 25 29 27 24 29 69 31 175 132
internal_value=-3.96873e-06 -0.000237161 0.000133418 -7.86114e-05 0.000269085 0.0109527 0.00564978 0.00353942 -0.000908055 -0.00594801 -0.00460941 -0.00336401 -0.0205363 -0.034844 -0.00123531 0.012908 0.000985628 -0.00466896 0.00392908 0.00968474 0.0443547 0.0165378 0.0320054 0.0616163 -0.00459461 0.00455775 -0.00653576 0.0273485 -0.0144082 -0.0246918
internal_weight=825.909 821.44 811.564 807.767 798.611 79.1773 65.5632 62.9484 719.433 172.127 166.526 160.513 17.6075 12.5329 142.905 27.8625 20.2777 115.043 61.133 50.4042 7.58478 39.5926 17.208 9.47442 7.73353 22.3846 16.7494 7.23219 53.9098 30.2429
internal_count=5812 5780 5587 5545 5383 1078 480 454 4305 1200 1160 1118 106 81 1012 183 136 829 427 368 47 254 105 56 49 149 120 51 402 227
is_linear=0
shrinkage=0.05


Tree=73
num_leaves=31
num_cat=0
split_feature=5 3 4 6 9 2 2 4 0 0 4 2 5 5 2 2 5 4 1 3 5 1 5 3 4 12 0 4 3 4
split_gain=3.00196 3.08107 3.11748 3.42562 4.27883 2.92882 2.53482 2.40303 3.2641 3.05888 2.29472 2.83553 5.49215 2.73599 3.50838 4.89254 4.31174 4.21812 3.98426 7.07002 4.56926 4.40143 4.21697 4.0653 3.48282 3.25463 4.14415 3.98651 3.59712 3.06982
threshold=4212.0000000000009 3110.5000000000005 2905.5000000000005 1.0000000180025095e-35 1.0000000180025095e-35 8787.0000000000018 2180.0000000000005 7.5000000000000009 14.500000000000002 59.500000000000007 16.500000000000004 350.50000000000006 2.5000000000000004 1.0000000180025095e-35 624.00000000000011 16.500000000000004 52.500000000000007 45.500000000000007 6.5000000000000009 26.500000000000004 394.50000000000006 154.50000000000003 24.500000000000004 286.00000000000006 555.50000000000011 1.0000000180025095e-35 20.500000000000004 118.50000000000001 980.50000000000011 284.00000000000006
decision_type=2 2 2 2 2 2 2 2 2 2 2 2 2 2 2 2 2 2 2 2 2 2 2 2 2 2 2 2 2 2
left_child=1 2 3 6 5 -5 7 -1 -9 10 11 12 -10 25 15 17 24 -15 20 21 -19 -20 -23 -21 -17 -12 27 -27 -28 -29
right_child=-2 -3 -4 4 -6 -7 -8 8 9 -11 13 -13 -14 14 -16 16 -18 18 19 23 -22 22 -24 -25 -26 26 28 29 -30 -31
leaf_value=0.00050593017295090547 -0.042285094709573728 0.041641156580238106 -0.035745284069012083 0.0027992962569567551 0.035697722667285998 0.050315459112932608 0.040521472694718758 -0.043812952728282527 -4.5745033836504809e-05 -0.040762444001562613 0.0067227853630353928 0.010432527980573317 -0.06647374272387406 -0.025721261455422629 0.040923538380331997 -0.014698503860921567 -0.037334504250845384 -0.016058880638122351 0.096699058082924283 -0.044217820977090705 0.040903322319113998 0.076675170308006135 -0.0049060586809672145 0.029773294555668208 0.051073351822822272 0.065623546488077944 -0.027562547386101907 -0.055715097668499761 0.021719942480596693 0.016569029513474474
leaf_weight=546.394919462502 4.07714869827032 4.3628362920135251 5.9601148795336476 73.120043866336346 13.151611629873512 3.2944898493587962 3.5751934237778178 5.5091910995542994 6.1519600525498408 5.6760163940489283 24.23530300706625 5.105851784348487 6.1962821111083031 6.2186388336122027 6.2862096168100825 5.4994068369269389 11.873959153890608 11.686610817909242 4.6305524557828921 3.2513476796448222 4.9200602844357482 2.7886998392641544 3.4823468402028084 4.0626465193927288 3.0468557439744473 2.6067369505763036 36.106632027775049 2.0477181896567345 4.0503345727920523 4.5542327426373959
leaf_count=3102 100 30 139 576 598 39 27 41 37 41 139 25 44 46 32 29 88 94 34 28 41 19 26 28 25 14 287 13 25 45
internal_value=-5.65875e-06 0.000209731 -1.70056e-05 0.000250426 0.00946636 0.00491096 -0.000897235 -0.00110957 -0.00629954 -0.00501717 -0.0037147 -0.0207651 -0.0336452 -0.00159607 0.00565031 0.00198197 -0.017964 0.0119258 0.0187033 0.0347847 0.000961135 0.0601146 0.0320067 -0.00327133 0.00906953 -0.00826474 -0.0156214 0.0145113 -0.0225502 -0.00634803
internal_weight=823.924 819.847 815.484 809.524 89.5661 76.4145 719.958 716.383 169.988 164.478 158.802 17.4541 12.3482 141.348 67.7473 61.4611 20.4202 41.0409 34.8223 18.2156 16.6067 10.9016 6.27105 7.31399 8.54626 73.601 49.3657 9.20869 40.157 6.60195
internal_count=5812 5712 5682 5543 1213 615 4330 4303 1201 1160 1119 106 81 1013 490 458 142 316 270 135 135 79 45 56 54 523 384 72 312 58
is_linear=0
shrinkage=0.05


Tree=74
num_leaves=31
num_cat=0
split_feature=5 12 11 5 2 1 1 4 0 2 4 2 1 1 4 4 2 5 0 0 7 0 4 1 9 3 3 2 5 2
split_gain=2.81435 2.91876 3.16788 4.06398 3.03069 3.20324 2.99333 3.3395 2.84646 3.79753 3.39583 3.23105 2.80927 4.65161 2.64528 2.55987 2.44962 2.57169 2.44753 2.54956 2.43279 11.2834 3.4064 3.93254 3.81342 3.27162 5.72108 5.50476 5.07259 4.28193
threshold=4212.0000000000009 1.0000000180025095e-35 1.0000000180025095e-35 1.0000000180025095e-35 746.50000000000011 646.50000000000011 408.00000000000006 260.50000000000006 12.500000000000002 635.50000000000011 319.00000000000006 95.500000000000014 456.50000000000006 163.50000000000003 61.500000000000007 1447.5000000000002 3203.0000000000005 913.00000000000011 18.500000000000004 19.500000000000004 1.0000000180025095e-35 12.500000000000002 369.50000000000006 72.500000000000014 1.0000000180025095e-35 57.500000000000007 7.5000000000000009 10.500000000000002 1.0000000180025095e-35 746.50000000000011
decision_type=2 2 2 2 2 2 2 2 2 2 2 2 2 2 2 2 2 2 2 2 2 2 2 2 2 2 2 2 2 2
left_child=1 2 3 4 5 8 15 14 -1 10 11 -10 13 18 -8 16 20 -18 -4 -20 25 -22 23 24 -23 26 -3 28 -27 -28
right_child=-2 6 12 -5 -6 -7 7 -9 9 -11 -12 -13 -14 -15 -16 -17 17 -19 19 -21 21 22 -24 -25 -26 27 29 -29 -30 -31
leaf_value=0.0011294704539509849 -0.04164972751606482 -0.0024359616859572523 0.011904189090103367 -0.00045777011165777686 0.055115944397755079 -0.016364068059909958 -0.011667757484176679 -0.040615527952878996 0.025190074438137078 -0.042296000209088538 -0.016141845758811692 0.071894925314046274 0.024006919802660842 -0.05427579080852088 0.014653783913672894 -0.025397084286986362 0.048923759840505787 -0.0043549475407708635 -0.04091353957740481 -0.0044273723171630325 0.059696584074593308 -0.020616827756813699 -0.055602184128545 0.02614021671006005 0.0066030921116500109 -0.023240047480362722 -0.014051529605095082 0.021124022385937857 0.010229044295583647 -0.061536593131806178
leaf_weight=20.841527596116066 3.9374665636569253 284.08526646345854 21.876878879964352 64.281580246984959 4.6061365604400626 7.889569714665412 57.147755187004805 8.3537435214966518 45.911750601604581 2.0720541551709166 4.4720350112766019 3.9728508442640296 9.0383205041289312 4.4635294750332823 11.366307750344275 9.893114071339367 5.0970547404140216 3.9875654652714729 5.1343686804175368 56.626663096249104 9.0919535607099515 19.812188353389502 2.4725999720394602 14.444941230118273 36.277416847646236 20.431526105850935 15.613544519990684 37.078486336395144 25.145805764943361 6.7774161100387564
leaf_count=120 100 1729 117 475 38 53 500 104 537 10 36 19 50 26 81 166 76 26 26 304 101 99 28 74 327 104 111 205 140 30
internal_value=-7.32698e-06 0.00019812 0.00468393 0.00914065 0.016007 0.0138295 -0.00178935 -0.0109563 0.0169295 0.0227528 0.0253056 0.0290461 -0.00238581 -0.00511759 -0.00728609 -0.000349977 0.0001711 0.025745 -0.00243247 -0.0075218 -0.000327284 0.00748878 0.000914316 0.00297142 -0.00303121 -0.00197782 -0.00435871 0.00684479 -0.0047926 -0.0286343
internal_weight=822.201 818.264 251.187 154.048 89.7659 85.1598 567.077 76.8678 77.2702 56.4287 54.3566 49.8846 97.1398 88.1014 68.5141 490.209 480.316 9.08462 83.6379 61.761 471.231 82.0991 73.0071 70.5345 56.0896 389.132 306.476 82.6558 45.5773 22.391
internal_count=5812 5712 1811 1288 813 775 3901 685 722 602 592 556 523 473 581 3216 3050 102 447 330 2948 629 528 500 426 2319 1870 449 244 141
is_linear=0
shrinkage=0.05


Tree=75
num_leaves=31
num_cat=0
split_feature=3 4 2 5 6 4 3 5 5 4 4 5 4 7 1 1 4 3 0 5 4 2 2 0 0 4 3 3 5 0
split_gain=2.68581 3.11948 2.77154 2.95965 4.57756 3.07054 4.24902 4.08457 3.01306 2.94823 2.81927 2.36777 2.17448 3.17669 3.82733 7.45469 2.88138 2.18486 2.5117 2.58673 2.25523 2.05896 2.13918 2.64708 2.9018 2.74626 2.05377 2.06375 2.51611 5.02973
threshold=3110.5000000000005 2308.0000000000005 8787.0000000000018 872.50000000000011 1.0000000180025095e-35 89.500000000000014 8.5000000000000018 72.500000000000014 785.50000000000011 1242.0000000000002 1290.5000000000002 674.50000000000011 435.50000000000006 1.0000000180025095e-35 82.500000000000014 172.50000000000003 380.50000000000006 91.500000000000014 41.500000000000007 69.500000000000014 718.00000000000011 5170.0000000000009 672.50000000000011 35.500000000000007 19.500000000000004 97.500000000000014 51.500000000000007 1.0000000180025095e-35 1465.0000000000002 37.500000000000007
decision_type=2 2 2 2 2 2 2 2 2 2 2 2 2 2 2 2 2 2 2 2 2 2 2 2 2 2 2 2 2 2
left_child=1 2 3 4 8 -6 7 9 11 -7 -9 12 16 14 17 -16 -1 18 19 -14 -20 22 23 24 -5 -25 27 28 -24 -30
right_child=-2 -3 -4 21 5 6 -8 10 -10 -11 -12 -13 13 -15 15 -17 -18 -19 20 -21 -22 -23 26 25 -26 -27 -28 -29 29 -31
leaf_value=2.0312187464909987e-05 0.03864727245265516 -0.028805272793339966 0.043275242526702368 0.010044540042263357 0.023902807590328295 0.014677905438719198 -0.033436591528766567 0.010312097036184877 0.032459224162178404 0.075906497618136684 -0.04034136856033247 -0.02486609554752503 -0.034187193633890799 -0.041693714050266943 0.067281164989763428 -0.023510360783325246 0.043924738736399134 0.019337642166359081 -0.024395838180551521 0.0084490298087131297 0.035252512940988363 -0.056854812202392115 -0.027614614002417562 -0.017216558552821542 -0.053871800769262602 0.052071911539171428 -0.032617346669956825 0.04458778174288916 0.045889676117414485 -0.03937522310387917
leaf_weight=632.46232905983925 4.3693124670535317 9.3331710677593929 3.6025757510215035 2.2534013185650128 33.424077728763223 4.8907802347093874 6.5663512833416453 8.7910169996321184 6.7527732178568831 3.2591087594628334 3.8775316737592211 10.020586263388394 18.237523715943105 6.9531697519123545 4.5825872570276243 4.2966454699635506 3.6592236682772628 4.390771333128213 2.6910303756594649 4.3705289252102366 3.5800915360450745 2.4574353992938986 4.9546741768717784 5.8891986422240725 7.810188515111804 1.7786753252148626 3.5562362037599078 3.1340244412422171 5.1157577950507402 2.4973074682056904
leaf_count=3563 32 193 42 27 775 48 39 51 43 22 29 78 172 86 35 41 24 38 18 38 28 18 28 63 126 28 29 26 46 26
internal_value=-7.23964e-06 -0.000219138 0.000115471 -8.37107e-05 0.000607654 0.0137563 0.00133013 0.0124033 -0.00053311 0.0397863 -0.00538621 -0.00085818 -0.000503515 -0.0106304 -0.00541951 0.0235748 0.000279732 -0.0132051 -0.0182025 -0.025944 0.00967537 -0.0134207 -0.0103896 -0.0228688 -0.0396019 -0.000680646 0.00115912 0.00896704 -0.000197589 0.0177724
internal_weight=819.558 815.189 805.856 802.253 762.806 60.8089 27.3848 20.8184 701.997 8.14989 12.6685 695.244 685.224 49.1023 42.1492 8.87923 636.122 33.2699 28.8792 22.6081 6.27112 39.4469 36.9895 17.7315 10.0636 7.66787 19.258 15.7018 12.5677 7.61307
internal_count=5812 5780 5587 5545 5128 964 189 150 4164 70 80 4121 4043 456 370 76 3587 294 256 210 46 417 399 244 153 91 155 126 100 72
is_linear=0
shrinkage=0.05


Tree=76
num_leaves=31
num_cat=0
split_feature=1 3 2 4 12 3 3 7 5 5 0 5 3 5 4 3 5 1 1 6 5 4 0 3 1 1 1 1 0 1
split_gain=2.6556 3.34518 2.83561 2.69997 2.50644 4.16119 3.8096 3.61392 2.77047 6.1618 7.0974 5.0906 4.79063 3.46931 4.28127 3.78787 3.11544 2.82208 4.42667 2.25239 6.082 2.16006 2.93014 3.04337 3.89148 2.72829 3.32671 3.10713 2.60634 3.37418
threshold=2636.5000000000005 3110.5000000000005 672.50000000000011 2905.5000000000005 1.0000000180025095e-35 14.500000000000002 22.500000000000004 1.0000000180025095e-35 12.500000000000002 461.50000000000006 23.500000000000004 4.5000000000000009 73.500000000000014 1.0000000180025095e-35 1.0000000180025095e-35 694.50000000000011 880.50000000000011 95.500000000000014 493.00000000000006 1.0000000180025095e-35 69.500000000000014 6.5000000000000009 38.500000000000007 298.50000000000006 1031.0000000000002 1.0000000180025095e-35 72.500000000000014 442.00000000000006 60.500000000000007 696.00000000000011
decision_type=2 2 2 2 2 2 2 2 2 2 2 2 2 2 2 2 2 2 2 2 2 2 2 2 2 2 2 2 2 2
left_child=1 3 -2 4 5 7 -7 19 11 10 -10 13 -11 14 15 -8 -14 -16 -19 -1 -21 22 -6 24 28 -25 -27 -28 29 -24
right_child=2 -3 -4 -5 21 6 8 -9 9 12 -12 -13 16 -15 17 -17 -18 18 -20 20 -22 -23 23 25 -26 26 27 -29 -30 -31
leaf_value=0.0041882303382525512 -0.055802095803185271 0.044825078514591041 0.01507654186169988 -0.034238323606843916 -0.0017984118621711008 -0.060016872448182504 -0.039632876968121712 0.037423404290745942 0.006618908732596439 0.069126550211134674 -0.065926503499805986 0.056799111833010091 0.034256333852257716 -0.0452631465187441 0.033573297218180663 0.012734866681479754 -0.044022162979371657 -0.036502019235211861 0.037129590910552852 0.048717483527945638 0.0001426429918259636 -0.0067003176835378521 -0.00017174438577745026 0.060223815023464966 -0.053803373119293466 -0.019623699563766445 0.061059894423506567 -0.0020871588964935638 0.037298001108890137 0.052941804273022142
leaf_weight=142.29926072433591 4.135594453662633 4.0857070237398139 2.0625166743993759 5.6137472409754983 325.69143171608448 3.0315417423844329 8.1117851063609105 10.047777611762283 5.5037367306649712 2.769795410335063 8.5340149048715812 4.0162207782268515 2.0829064697027206 3.9870947301387778 11.969077821820976 5.8924896605312815 2.9554121568799019 4.5922795906662923 3.5140353888273239 10.812401093542578 15.739245502278207 151.23800585232675 50.65137005224824 4.586159776896241 2.7006167396903029 4.3547143191099149 4.509217731654644 3.3628706336021423 6.0641629565507165 3.0777413547039023
leaf_count=771 64 31 14 147 2051 21 44 98 33 17 52 19 13 20 61 35 30 26 21 358 146 1184 359 24 30 21 21 28 47 26
internal_value=-9.18375e-06 0.000241704 -0.0323513 1.06634e-05 0.000254605 0.00445767 -0.00616825 0.00843609 -0.00352497 -0.017929 -0.0376382 0.00397716 0.0175328 -0.00173002 0.0034806 -0.0176644 -0.0116239 0.0182454 -0.00451969 0.00669002 0.0200319 -0.00160364 0.000300795 0.00891307 0.00381423 0.0277309 0.0151534 0.0343964 0.00650207 0.00296344
internal_weight=817.993 811.795 6.19811 807.709 802.095 245.859 66.9604 178.899 63.9288 21.8459 14.0378 42.083 7.80811 38.0668 34.0797 14.0043 5.03832 20.0754 8.10631 168.851 26.5516 556.236 404.998 79.3069 62.4939 16.813 12.2268 7.87209 59.7933 53.7291
internal_count=5812 5734 78 5703 5556 1765 392 1373 371 145 85 226 60 207 187 79 43 108 47 1275 504 3791 2607 556 462 94 70 49 432 385
is_linear=0
shrinkage=0.05


Tree=77
num_leaves=31
num_cat=0
split_feature=5 1 3 2 2 4 6 5 4 3 5 5 2 9 0 0 0 2 14 2 4 2 3 3 0 5 2 4 0 5
split_gain=2.62985 2.50408 3.24629 2.71488 2.56342 2.54469 2.22486 4.02802 2.40592 3.45985 3.00988 3.29446 2.64605 2.39865 3.88086 2.60607 3.55596 2.33949 2.0518 1.95452 3.32094 1.81493 2.41517 2.86617 3.31242 2.21321 3.46368 1.80581 1.66125 1.54057
threshold=4212.0000000000009 2636.5000000000005 4309.0000000000009 672.50000000000011 8787.0000000000018 2812.0000000000005 1.0000000180025095e-35 913.00000000000011 118.50000000000001 8.5000000000000018 192.50000000000003 343.50000000000006 1533.0000000000002 1.0000000180025095e-35 23.500000000000004 39.500000000000007 30.500000000000004 2180.0000000000005 1.0000000180025095e-35 2594.0000000000005 693.50000000000011 4755.0000000000009 73.500000000000014 1.0000000180025095e-35 42.500000000000007 1465.0000000000002 1125.5000000000002 1086.0000000000002 1.0000000180025095e-35 1240.5000000000002
decision_type=2 2 2 2 2 2 2 2 2 2 2 2 2 2 2 2 2 2 2 2 2 2 2 2 2 2 2 2 2 2
left_child=1 2 4 -3 5 6 17 8 12 10 19 -12 13 14 -8 16 -16 18 27 -10 -21 22 23 24 25 -9 -27 28 -1 -30
right_child=-2 3 -4 -5 -6 -7 7 21 9 -11 11 -13 -14 -15 15 -17 -18 -19 -20 20 -22 -23 -24 -25 -26 26 -28 -29 29 -31
leaf_value=0.014171003808869157 -0.041123912323132131 -0.055467367418445872 0.053739430768955036 0.014284406918998783 0.043661692075871367 -0.03382334953577297 0.05437274919687507 -0.021794596342076377 0.051967420154780869 -0.026633469924589509 -0.046556604611750214 0.014768281181852229 0.056145024143359805 0.034249582819006634 0.011214059115952822 0.025337219292224874 -0.051512285410959084 0.03943730435924301 -0.031841329167852928 0.054465946826686817 -0.02587252458723472 -0.045706431674439912 -0.04044803149919559 0.042439207170022863 -0.058471745151888133 -0.026661398860706648 0.056469346835092575 -0.028241503844038597 -0.00056591111384257826 -0.030206511994150642
leaf_weight=19.058563880622387 3.770773032680153 3.9576295129954806 2.7455993834882966 2.0733082294464111 3.2847265023738137 5.4040826428681603 3.0771699883043793 3.9911387264728599 5.6818318255245739 6.9246627744287244 3.239680413156746 6.2710321620106697 5.2052988316863766 12.07995197735727 4.1802110821008664 4.1091235578060141 4.7422058433294296 3.5284220911562434 5.188626740127801 2.1742440424859524 2.8679981119930744 3.0016968250274649 3.6413981094956389 3.6422987766563883 2.4327215552330008 1.8748674206435678 3.4067085795104504 5.7514687031507483 674.5882160961628 4.3125023618340483
leaf_count=116 100 64 17 14 43 136 33 27 38 45 23 37 84 598 22 23 24 27 43 30 18 17 29 31 23 34 24 94 3930 68
internal_value=-8.50742e-06 0.00018736 0.000429331 -0.0316463 0.000240541 5.69092e-05 0.000291447 0.0080572 0.0147073 0.00363397 0.014072 -0.00638818 0.0236756 0.0175025 0.00481003 -0.00721827 -0.022326 -0.000609323 -0.000814183 0.0321086 0.00915539 -0.0102381 -0.00442139 0.00433278 -0.00778358 0.00599657 0.0270123 -0.00058092 -0.000348973 -0.000758615
internal_weight=816.208 812.437 806.406 6.03094 803.661 800.376 794.972 82.5442 60.5534 27.1594 20.2348 9.51071 33.394 28.1887 16.1087 13.0315 8.92242 712.428 708.899 10.7241 5.04224 21.9908 18.9891 15.3477 11.7054 9.27271 5.28158 703.711 697.959 678.901
internal_count=5812 5712 5634 78 5617 5574 5438 1160 975 191 146 60 784 700 102 69 46 4278 4251 86 48 185 168 139 108 85 58 4208 4114 3998
is_linear=0
shrinkage=0.05


Tree=78
num_leaves=31
num_cat=0
split_feature=5 12 11 5 2 1 0 0 2 1 1 1 4 3 2 3 0 2 4 2 0 4 0 4 4 1 3 7 2 7
split_gain=2.464 2.38979 2.78156 3.37369 2.84017 2.88373 2.64585 4.74463 3.12715 3.27176 2.62717 4.27462 3.29593 2.60093 2.4816 2.45825 2.4515 3.29407 2.91118 2.53777 2.34814 2.9363 2.45405 3.22655 4.67882 3.78541 3.91282 3.23557 3.63676 2.65063
threshold=4212.0000000000009 1.0000000180025095e-35 1.0000000180025095e-35 1.0000000180025095e-35 746.50000000000011 808.00000000000011 23.500000000000004 25.500000000000004 7.5000000000000009 1.0000000180025095e-35 323.50000000000006 289.50000000000006 260.50000000000006 1127.5000000000002 89.500000000000014 135.00000000000003 12.500000000000002 635.50000000000011 319.00000000000006 95.500000000000014 42.500000000000007 1.5000000000000002 29.500000000000004 68.500000000000014 7.5000000000000009 638.00000000000011 503.50000000000006 1.0000000180025095e-35 17.500000000000004 1.0000000180025095e-35
decision_type=2 2 2 2 2 2 2 2 2 2 2 2 2 2 2 2 2 2 2 2 2 2 2 2 2 2 2 2 2 2
left_child=1 2 3 4 5 16 14 -8 -9 -10 11 13 20 -3 15 -4 -1 18 19 -18 22 -22 23 24 25 26 -12 28 -27 -25
right_child=-2 10 6 -5 -6 -7 7 8 9 -11 12 -13 -14 -15 -16 -17 17 -19 -20 -21 21 -23 -24 29 -26 27 -28 -29 -30 -31
leaf_value=0.00045452966569029565 -0.040473914941075821 -0.0013083683862856075 0.0062128558950764043 -0.00027889505976572653 0.053379051139516735 -0.021787908105150064 -0.045025347253948668 0.0041176226228540544 -0.00060176312459062553 -0.056284213809774358 -0.051752985719936098 0.05241711255762771 -0.036989729357513844 0.018724444163146111 0.035141604525652174 -0.032764035151425189 0.022899118742304322 -0.0398386498971788 -0.01559402607600883 0.063762416284019088 -0.0038548557894874701 0.045128393672268584 -0.0254466654486473 0.050084330317803065 -0.050312146180508478 0.0079228519752581415 0.012169750246351516 -0.0095929184679314772 0.070006559266816745 -0.0083822893844050766
leaf_weight=20.656727459281683 3.644590411335229 456.07317043095827 34.637294035404921 63.525553034618497 4.4449854455888262 5.5589267536997786 8.0881967209279519 32.747041139751673 5.5383117459714395 4.9414338618516922 6.1288194656372088 3.7332004941999903 9.6817470844835025 16.699370972812176 6.356588438153266 4.4787221848964682 46.480549098923802 2.085589461028575 4.446949364617466 4.0860740989446631 9.0462972894310933 4.5122333876788607 18.533703666180372 4.4444580152630797 5.9274236299097529 6.7422460876405239 3.8362080603837967 10.36269398406148 3.5533780157566071 3.336886927485466
leaf_count=120 100 3010 184 475 38 41 44 179 28 30 45 21 121 120 33 25 547 10 37 20 73 38 179 25 53 56 22 91 22 25
internal_value=-8.12204e-06 0.000178769 0.00426604 0.00849879 0.0148457 0.0127283 -0.00235196 -0.0101249 -0.00350578 -0.0271411 -0.00162387 -0.000170704 -0.0096561 -0.000596955 0.00642261 0.0016779 0.0152208 0.0205526 0.0229102 0.0263204 -0.00614955 0.0126577 -0.0102194 -0.00381053 -0.0100436 -0.00211092 -0.0272684 0.0100973 0.0298174 0.0252238
internal_weight=814.329 810.685 248.073 151.285 87.7598 83.3148 96.7876 51.315 43.2268 10.4797 562.612 476.506 86.1061 472.773 45.4726 39.116 77.7559 57.0992 55.0136 50.5666 76.4243 13.5585 62.8658 44.3321 36.5508 30.6233 9.96503 20.6583 10.2956 7.78134
internal_count=5812 5712 1811 1288 813 775 523 281 237 58 3901 3151 750 3130 242 209 734 614 604 567 629 111 518 339 289 236 67 169 78 50
is_linear=0
shrinkage=0.05


Tree=79
num_leaves=31
num_cat=0
split_feature=5 1 3 2 2 4 3 0 3 10 4 0 0 5 3 1 1 4 4 3 12 3 11 7 4 4 2 1 1 5
split_gain=2.30773 2.2796 2.99561 2.58694 2.38648 2.20237 2.11438 4.96508 4.41193 4.40902 3.38574 4.04138 7.73655 5.99356 4.06473 4.12072 6.69803 4.90136 3.52582 3.36125 2.98513 3.96475 2.78612 3.19616 2.86615 3.69939 2.5692 3.53107 4.87961 3.19477
threshold=4212.0000000000009 2636.5000000000005 3110.5000000000005 672.50000000000011 8787.0000000000018 2812.0000000000005 7.5000000000000009 17.500000000000004 895.50000000000011 1.0000000180025095e-35 205.50000000000003 35.500000000000007 29.500000000000004 331.00000000000006 12.500000000000002 1.5000000000000002 72.500000000000014 59.500000000000007 1.0000000180025095e-35 531.50000000000011 1.0000000180025095e-35 4.5000000000000009 1.0000000180025095e-35 1.0000000180025095e-35 404.50000000000006 19.500000000000004 6.5000000000000009 1.5000000000000002 103.50000000000001 24.500000000000004
decision_type=2 2 2 2 2 2 2 2 2 2 2 2 2 2 2 2 2 2 2 2 2 2 2 2 2 2 2 2 2 2
left_child=1 2 4 -3 5 6 20 8 -8 10 11 12 13 -9 -13 18 -17 -18 -16 -20 22 -22 23 -1 25 -24 -12 29 -29 -28
right_child=-2 3 -4 -5 -6 -7 7 9 -10 -11 26 14 -14 -15 15 16 17 -19 19 -21 21 -23 24 -25 -26 -27 27 28 -30 -31
leaf_value=0.010312778492661753 -0.039820265532043236 -0.055016293910074877 0.043438523896470203 0.013609944660931001 0.042509046106228132 -0.032438868781977444 -0.039702369459289545 0.0076933884044757626 0.0099469673348135234 -0.052249165922826059 -0.026326660701174294 -0.051967538239394755 -0.029477686085777968 -0.031792908484670389 0.053935484213181388 -0.025748902066136465 0.01133996764239556 0.074105683433071473 0.050357970526401535 -0.012588327541956393 -0.0011429073377637355 0.042894843269306447 -0.0012717748138159966 0.044286450256553006 -0.044460639496175174 0.040636270622723923 0.046060639883423904 -0.059468362600828412 0.012616708302530403 -0.011667436919069575
leaf_weight=90.50681971758604 3.5239180177450171 3.751807613298296 3.9222730677574864 2.0820070914924145 3.2160838544368735 5.0968956965953103 16.181262791156772 85.761382358148694 6.1225859746336928 4.080102924257516 19.809511344879866 2.212830774486064 22.066176263615489 10.722266301512716 10.477123830467464 11.437973991036413 23.193354140967134 3.5029395148158065 3.2900939490646106 5.586133174598217 372.46164890192449 5.0821026414632788 63.301883298903704 7.4124944955110541 3.3538768328726283 5.6432574354112139 5.32765816524625 4.4633307456970197 4.7761113233864307 4.2324858009815216
leaf_count=828 100 64 29 14 43 135 104 469 34 26 186 13 142 90 54 61 158 19 25 30 2534 47 325 81 28 33 37 31 37 35
internal_value=-9.26907e-06 0.000169027 0.000397076 -0.0307079 0.000180464 4.14773e-06 0.00021727 -0.00366107 -0.0260897 -0.00138613 -0.000405524 0.00250389 -0.00283957 0.00327689 0.0131016 0.0156922 0.00612158 0.0198216 0.0344219 0.0110447 0.00193987 -0.000538915 0.0074349 0.0129271 -1.1187e-05 0.00221234 -0.0138095 -0.000550326 -0.0224696 0.0206469
internal_weight=812.598 809.074 803.241 5.83381 799.318 796.102 791.005 243.243 22.3038 220.939 216.859 178.25 118.55 96.4836 59.7004 57.4876 38.1343 26.6963 19.3534 8.87623 547.762 377.544 170.218 97.9193 72.299 68.9451 38.6091 18.7996 9.23944 9.56014
internal_count=5812 5712 5634 78 5605 5562 5427 1551 138 1413 1387 1061 701 559 360 347 238 177 109 55 3876 2581 1295 909 386 358 326 140 68 72
is_linear=0
shrinkage=0.05


Tree=80
num_leaves=31
num_cat=0
split_feature=5 6 9 0 2 2 4 5 5 3 10 0 4 2 5 5 5 3 4 3 5 0 7 0 9 2 0 1 2 1
split_gain=2.16062 2.15602 3.64396 2.48737 2.75946 4.51302 3.68078 2.89089 2.67005 2.5865 3.08017 2.272 2.20991 2.11546 2.69095 4.73341 3.17143 3.0287 2.81288 2.04936 1.62174 1.58726 5.43937 3.10982 2.14241 1.92276 1.80595 3.51965 4.53068 5.79144
threshold=4212.0000000000009 1.0000000180025095e-35 1.0000000180025095e-35 12.500000000000002 763.50000000000011 828.50000000000011 131.50000000000003 1378.5000000000002 10.500000000000002 60.500000000000007 1.0000000180025095e-35 39.500000000000007 1202.5000000000002 1241.0000000000002 394.50000000000006 605.50000000000011 225.50000000000003 1.0000000180025095e-35 712.50000000000011 6.5000000000000009 913.00000000000011 4.5000000000000009 1.0000000180025095e-35 11.500000000000002 1.0000000180025095e-35 2180.0000000000005 20.500000000000004 8.5000000000000018 1.0000000180025095e-35 646.50000000000011
decision_type=2 2 2 2 2 2 2 2 2 2 2 2 2 2 2 2 2 2 2 2 2 2 2 2 2 2 2 2 2 2
left_child=1 12 3 -3 7 -6 20 9 -8 10 11 -5 21 -10 16 -16 19 18 -17 -15 -7 22 24 -23 -1 26 27 -25 -29 -30
right_child=-2 2 -4 4 5 6 8 -9 13 -11 -12 -13 -14 14 15 17 -18 -19 -20 -21 -22 23 -24 25 -26 -27 -28 28 29 -31
leaf_value=-0.0082809824961899408 -0.039163004932026346 0.053397406053040768 0.033454812715992155 -0.036441382179212493 0.073991739097184747 0.038994283766925625 0.024901168813599453 -0.052956517670350561 -0.049923609924595082 0.03044907569770899 0.035668281739024581 0.0058883407498020266 -0.031670603247282957 0.0087210713074770407 0.054252124115984249 -0.058154234900208671 -0.069197652174657912 0.028977469021086485 0.0037143021696681789 -0.04314714300159278 0.0084487700899023854 -0.01484233155368023 0.05418128224764001 0.008816871120189548 0.012870673321842111 0.037652405783552875 -0.0021536325964124831 -0.023094636948478992 -0.0063526913413122742 0.049635411944186775
leaf_weight=23.908537775278091 3.4085311181843272 2.3303254544734946 11.558736362494527 9.5469197612255901 2.3935483600944272 8.7084067426621932 6.352440742775797 3.5500481054186812 2.9708746057003763 4.0993539933115235 2.6058164611458769 4.6843424066901198 5.6413626354187718 5.6510753612965363 3.9407578762620679 3.6006076466292125 2.8197556268423787 3.4202972054481506 3.6260575167834759 2.7532460764050484 8.7155338227748853 39.166911963373423 5.5451762676239005 113.10755905136466 23.783015131950378 3.2140715345740309 452.23652949556708 23.293528027832508 18.405511360615495 6.0584645308554164
leaf_count=106 100 26 598 83 18 120 60 72 34 35 21 38 107 54 22 22 18 26 33 20 52 186 75 633 119 25 2789 171 107 42
internal_value=-1.08347e-05 0.000159219 0.00730204 0.00356879 0.00204179 0.00825924 0.00513094 -0.0118883 -0.00419375 -0.00470598 -0.0133945 -0.0225643 -0.000774851 -0.0106791 -0.0059869 0.00816074 -0.024284 -0.00924512 -0.027484 -0.00857845 0.0238507 -0.000524489 0.00777024 -0.00119925 0.00227187 -0.000329963 -0.000535186 0.00401323 -0.00735824 0.00765829
internal_weight=811.097 807.689 93.3281 81.7694 79.4391 54.9526 52.5591 24.4865 35.1351 20.9364 16.8371 14.2313 714.361 28.7827 25.8118 14.5877 11.2241 10.647 7.22667 8.40432 17.4239 708.719 53.2367 655.483 47.6916 616.316 613.102 160.865 47.7575 24.464
internal_count=5812 5712 1352 754 728 479 461 249 289 177 142 121 4360 229 195 103 92 81 55 74 172 4253 300 3953 225 3767 3742 953 320 149
is_linear=0
shrinkage=0.05


Tree=81
num_leaves=31
num_cat=0
split_feature=1 3 2 4 2 5 6 9 0 2 5 14 2 4 2 0 4 4 5 2 1 4 0 0 1 1 1 2 2 3
split_gain=2.156 2.60603 2.38646 2.17509 2.50227 2.5367 2.86072 2.80285 1.96207 1.71871 1.85796 1.87386 1.55317 2.17031 3.12423 3.61943 2.27765 2.56316 1.84654 1.59117 1.52604 1.60163 2.92482 2.68175 2.09167 3.74772 2.30007 1.96322 7.86044 3.93408
threshold=2636.5000000000005 3110.5000000000005 672.50000000000011 2308.0000000000005 8787.0000000000018 2022.0000000000002 1.0000000180025095e-35 1.0000000180025095e-35 13.500000000000002 1904.5000000000002 1240.5000000000002 1.0000000180025095e-35 807.00000000000011 217.50000000000003 1436.5000000000002 26.500000000000004 897.50000000000011 441.50000000000006 913.00000000000011 396.50000000000006 2113.0000000000005 7.5000000000000009 13.500000000000002 59.500000000000007 808.00000000000011 1154.5000000000002 698.50000000000011 79.500000000000014 197.00000000000003 1.0000000180025095e-35
decision_type=2 2 2 2 2 2 2 2 2 2 2 2 2 2 2 2 2 2 2 2 2 2 2 2 2 2 2 2 2 2
left_child=1 3 -2 4 5 6 9 8 -8 10 11 20 19 18 -15 -16 17 -17 -14 -10 21 27 -23 24 26 -26 -24 -1 29 -29
right_child=2 -3 -4 -5 -6 -7 7 -9 12 -11 -12 -13 13 14 15 16 -18 -19 -20 -21 -22 22 23 -25 25 -27 -28 28 -30 -31
leaf_value=-0.00049382018719952125 -0.054732247978460102 0.040345230211112498 0.011602937284933938 -0.025512514388575352 0.043101270764666827 -0.024281089566083394 0.049931271989251257 0.032851821159459192 -0.0015456708325909461 0.031964541612323857 -0.037665709270009867 -0.030529199998146312 0.037802330961094512 0.030837122531946065 -0.062020069484193752 -0.009814499691319728 -0.022311806059537614 0.045859634830267199 0.0028593830278409301 -0.040759670667379302 0.028489982029753932 -0.056421101424412513 -0.0021307925330531891 -0.03881124463811083 -0.049637712746884909 0.0052968432685047235 0.036499549880626425 0.080457012237902359 0.00044216492584010905 0.024009028579913185
leaf_weight=448.78273990750313 3.580359796062111 3.9241433627903453 2.0990045480430126 8.1632087472826225 3.29595505259931 10.435240317136047 2.302048683166503 11.193532278761266 14.795204568654301 3.9439523704349986 3.2875354699790469 5.072711117565631 9.2905899919569475 5.9226824976503876 2.7916848883032825 4.2711984775960428 6.6776179485023013 3.8550318665802479 6.3581272810697547 3.0372526533901683 4.4652038365602484 2.6089426092803469 135.60127033293247 5.2485477626323691 6.171265956014393 6.1141085661947727 3.8659011386334887 4.2416923940181723 66.60600633919239 11.197530806064604
leaf_count=2547 64 31 14 187 42 180 27 598 100 31 52 43 119 36 17 27 38 28 36 21 37 21 915 38 59 59 28 23 328 66
internal_value=-9.48038e-06 0.000209361 -0.0304392 7.36778e-06 0.000273781 8.92335e-05 0.000419315 0.0100169 0.00565857 -0.000538657 -0.000725456 -0.000546605 0.0037862 0.00934849 -0.000269538 -0.0108552 -0.000855196 0.0168334 0.0237132 -0.00841471 -0.000323375 -0.000513815 -0.00490388 -0.00401243 -0.00278411 -0.0224762 -0.00103461 0.00080687 0.00791351 0.0399352
internal_weight=809.2 803.521 5.67936 799.597 791.434 788.138 777.702 70.495 59.3014 707.207 703.263 699.976 56.9994 39.1669 23.5182 17.5955 14.8038 8.12623 15.6487 17.8325 694.903 690.438 159.61 157.001 151.753 12.2854 139.467 530.828 82.0452 15.4392
internal_count=5812 5734 78 5703 5516 5474 5294 1047 449 4247 4216 4164 422 301 146 110 93 55 155 121 4121 4084 1120 1099 1061 118 943 2964 417 89
is_linear=0
shrinkage=0.05


Tree=82
num_leaves=31
num_cat=0
split_feature=5 2 4 2 2 1 4 4 4 0 4 4 4 0 1 3 1 1 4 0 1 1 2 0 3 5 1 3 12 3
split_gain=2.01098 2.04576 2.86698 2.27303 1.9683 1.96637 2.84347 4.03461 4.96331 3.72085 2.98141 3.01953 2.71768 3.22942 8.10076 3.20289 2.65472 3.31827 3.37774 2.58958 2.44256 2.87344 8.88987 5.15705 4.3321 4.18956 4.06139 2.59713 2.52858 2.17865
threshold=4212.0000000000009 4112.0000000000009 1808.0000000000002 4499.0000000000009 9782.0000000000018 172.50000000000003 454.50000000000006 1.5000000000000002 3.5000000000000004 17.500000000000004 55.500000000000007 7.5000000000000009 105.50000000000001 28.500000000000004 414.50000000000006 3.5000000000000004 137.50000000000003 103.50000000000001 177.50000000000003 27.500000000000004 2212.5000000000005 797.50000000000011 1.0000000180025095e-35 27.500000000000004 702.50000000000011 1.0000000180025095e-35 1366.0000000000002 94.500000000000014 1.0000000180025095e-35 4.5000000000000009
decision_type=2 2 2 2 2 2 2 2 2 2 2 2 2 2 2 2 2 2 2 2 2 2 2 2 2 2 2 2 2 2
left_child=1 2 5 -3 -5 16 7 20 -9 -10 11 -11 -12 15 -15 -14 17 -1 -19 -18 21 24 23 25 28 27 -24 -23 29 -7
right_child=-2 3 -4 4 -6 6 -8 8 9 10 12 -13 13 14 -16 -17 19 18 -20 -21 -22 22 26 -25 -26 -27 -28 -29 -30 -31
leaf_value=0.0014310770012072416 -0.038578855226782803 0.060661548831508053 -0.025744935008431082 -0.00024154916323337238 0.052661480057344737 -0.02307366728973104 -0.030845558628671266 0.050009574718366714 -0.044380938771508463 0.023708420158498091 0.041511092611469028 -0.01955094728585292 0.060030215895846464 0.045586486085382495 -0.048398845887339823 0.0031450895838217533 0.0021298548927224351 -0.04417047636165039 0.013925807439615079 0.050031488793534099 -0.048688389367104325 0.059531820577160069 0.058964204725073945 -0.050332525698071756 0.018350238721345193 -0.041819415968527979 -0.014971591435314078 -0.006762978964162664 -0.03206749663113008 0.015727589764452869
leaf_weight=611.47082494571805 3.2655542613938442 2.5517186541110268 10.724264498800038 9.738736277446149 2.0453173210844389 8.0152244344353658 9.874826852232216 5.8506483361124983 3.9253079816699019 5.3256996460258987 7.6720358021557358 15.683452565222977 4.0526470430195349 3.5266590565443021 6.1494774166494608 6.152406707406044 5.829277426004408 7.7460024729371053 3.6152330152690411 5.3849542215466499 3.91334469243884 3.3181449398398417 7.6490767821669561 6.9814258441328993 7.6607031747698775 2.8531098514795303 2.3968198969960213 2.5691586956381798 25.209542971104383 6.4350178614258757
leaf_count=4104 100 28 210 111 33 42 109 41 33 36 48 119 24 20 55 44 30 43 25 29 54 27 59 69 39 23 24 20 177 36
internal_value=-9.77681e-06 0.000151591 -0.000189238 0.0188044 0.00930651 0.000165721 -0.00508051 -0.00317923 0.00673238 0.00182248 0.00564064 -0.00852458 0.0164333 0.0065966 -0.0140281 0.0260987 0.00136787 0.000931692 -0.0257236 0.0253706 -0.0106875 -0.00858909 0.00483422 -0.0186127 -0.0158934 0.00700641 0.0413504 0.0309717 -0.0225374 -0.00580526
internal_weight=807.587 804.321 789.985 14.3358 11.7841 779.261 145.215 135.34 58.3383 52.4877 48.5624 21.0092 27.5532 19.8812 9.67614 10.2051 634.046 622.832 11.3612 11.2142 77.0016 73.0882 25.7677 15.7218 47.3205 8.74041 10.0459 5.8873 39.6598 14.4502
internal_count=5812 5712 5540 172 144 5330 1099 990 420 379 346 155 191 143 75 68 4231 4172 68 59 570 516 222 139 294 70 83 47 255 78
is_linear=0
shrinkage=0.05


Tree=83
num_leaves=31
num_cat=0
split_feature=1 3 2 4 0 12 3 0 1 0 7 4 0 6 5 3 3 4 4 7 3 4 2 5 4 0 0 0 0 5
split_gain=1.94165 2.3875 2.27962 1.94383 1.81865 1.94769 3.79244 3.76898 3.57846 3.19179 3.00931 2.85174 2.653 2.41392 2.67178 4.60152 3.26985 2.61226 2.36928 3.02879 3.57127 2.22028 2.35559 4.01139 2.20516 2.18036 4.21068 1.94157 2.22341 1.98918
threshold=2636.5000000000005 3110.5000000000005 672.50000000000011 2905.5000000000005 69.500000000000014 1.0000000180025095e-35 124.50000000000001 23.500000000000004 100.50000000000001 25.500000000000004 1.0000000180025095e-35 217.50000000000003 18.500000000000004 1.0000000180025095e-35 69.500000000000014 23.500000000000004 1.0000000180025095e-35 17.500000000000004 59.500000000000007 1.0000000180025095e-35 499.50000000000006 1016.0000000000001 3203.0000000000005 913.00000000000011 755.50000000000011 33.500000000000007 44.500000000000007 1.0000000180025095e-35 10.500000000000002 1.0000000180025095e-35
decision_type=2 2 2 2 2 2 2 2 2 2 2 2 2 2 2 2 2 2 2 2 2 2 2 2 2 2 2 2 2 2
left_child=1 3 -2 4 5 6 10 8 12 -9 13 18 -8 27 15 -15 17 -16 19 20 -11 22 -7 -24 -19 -23 -27 -1 -29 -30
right_child=2 -3 -4 -5 -6 21 7 9 -10 11 -12 -13 -14 14 16 -17 -18 24 -20 -21 -22 25 23 -25 -26 26 -28 28 29 -31
leaf_value=0.036000176677767004 -0.054422033973396677 0.038915590841000373 0.011120898223485031 -0.031172237553620599 0.036409148695871862 -0.0015289464860003901 -0.0050458844326576602 -0.059191102502732976 -0.027976691965195234 0.040039100434978263 0.031059791819354615 -0.053774548645342896 0.040643806171853154 0.047324254404510102 0.036859055123438865 -0.086032542762997252 0.039553478349270164 -0.03689717336994261 0.028967155246192852 -0.044589036346694269 -0.017103002265621722 -0.043869283776388823 0.056468125654407841 -0.01287186854829888 0.010512964659061368 0.032290408384951994 -0.04455781738895314 -0.014801630018799125 0.0079321947782055712 -0.0058168547230411259
leaf_weight=4.1792546510696402 3.3611855227500191 3.8608015123754731 2.1037586219608784 4.8699868097901335 3.3517655339092007 527.08365426585078 5.2081867605447787 4.2531144097447422 4.6338064521551123 3.7635385729372599 12.003944516181944 3.5542288217693558 7.967589296400547 9.7328892191872001 2.6146107055246857 0.60203138180077154 5.3084085043519726 6.1434212904423458 3.8777290210127822 5.4256238862872115 9.2554265428334457 5.9798932801932079 4.5127581954002363 3.751149071380496 3.9798978064209223 3.8003033325076103 3.1831778436899185 17.589387521147728 93.960621926933527 36.437991719692945
leaf_count=29 64 31 14 147 29 3493 28 25 29 22 116 27 40 360 27 6 42 62 22 30 49 94 75 28 35 37 42 83 494 232
internal_value=-1.23449e-05 0.00019214 -0.0294445 -2.95446e-07 0.000195253 3.6778e-05 0.0037874 -0.00878376 0.00941824 -0.0195385 0.00692014 -0.0128184 0.0226814 0.00529889 0.0186594 0.0388059 0.00697147 -0.0068091 -0.00608644 -0.0135725 -0.000405007 -0.00160865 -0.00111147 0.0252158 -0.0183378 -0.0219751 -0.00287272 0.00279635 0.00183498 0.00408871
internal_weight=806.35 800.885 5.46494 797.024 792.154 788.803 240.492 47.9392 17.8096 30.1297 192.552 25.8765 13.1758 180.549 28.3813 10.3349 18.0463 12.7379 22.3223 18.4446 13.019 548.311 535.348 8.26391 10.1233 12.9634 6.98348 152.167 147.988 130.399
internal_count=5812 5734 78 5703 5556 5527 1758 272 97 175 1486 150 68 1370 532 366 166 124 123 101 71 3769 3596 103 97 173 79 838 809 726
is_linear=0
shrinkage=0.05


Tree=84
num_leaves=31
num_cat=0
split_feature=5 1 3 2 2 5 5 6 4 2 3 5 4 5 2 1 0 4 5 0 1 1 4 0 0 4 1 4 1 1
split_gain=1.88413 1.82581 2.2981 2.18651 1.89639 1.79648 2.40975 2.43443 2.54975 2.87351 2.32278 2.54785 2.53072 2.07872 1.92593 3.43877 1.8303 1.81607 2.94663 4.30272 3.69408 4.63309 2.68037 2.61679 2.07659 2.15112 1.79777 1.77976 1.72511 5.40264
threshold=4212.0000000000009 2636.5000000000005 3110.5000000000005 672.50000000000011 7228.0000000000009 872.50000000000011 785.50000000000011 1.0000000180025095e-35 89.500000000000014 159.00000000000003 8.5000000000000018 72.500000000000014 1372.5000000000002 674.50000000000011 1533.0000000000002 1.0000000180025095e-35 25.500000000000004 435.50000000000006 1.5000000000000002 41.500000000000007 82.500000000000014 182.50000000000003 380.50000000000006 21.500000000000004 21.500000000000004 746.50000000000011 2113.0000000000005 1975.0000000000002 103.50000000000001 112.50000000000001
decision_type=2 2 2 2 2 2 2 2 2 2 2 2 2 2 2 2 2 2 2 2 2 2 2 2 2 2 2 2 2 2
left_child=1 2 4 -3 5 6 7 13 14 -10 11 -11 -13 17 15 -9 -15 22 19 23 24 -22 26 -19 -20 -26 28 -14 -1 -30
right_child=-2 3 -4 -5 -6 -7 -8 8 9 10 -12 12 27 16 -16 -17 -18 18 20 -21 21 -23 -24 -25 25 -27 -28 -29 29 -31
leaf_value=0.0013107370104590383 -0.037995418073010108 -0.054115074766573061 0.038822472360693819 0.010553562719684221 0.034302391059568546 -0.010927034019633727 0.027419345354801464 0.019604179266631439 -0.054594644838468986 0.032136963480175695 -0.022055709408118476 0.011564453180471413 -0.072821268899479139 -0.046152455515295607 0.054660739283140136 -0.066929521683759735 -0.0028456798380043138 -0.0038160948293007404 -0.041794192597822778 0.014483820456247019 0.087128600475782692 -0.000849655397333564 0.042433241911093628 -0.042845959487874591 -0.016007708254664275 0.028099399183989071 0.032023602261846411 -0.00032755715087869606 -0.083804747307326288 -0.0038257761341444507
leaf_weight=488.49683734029531 3.1516967350617042 3.2154913488775483 3.76052177324891 2.1111891381442547 3.9442465864121905 35.952422983944416 8.1217087395489198 24.248258089646704 2.1591587886214283 8.9655255954712683 6.3724758494645348 8.3014907315373403 1.7429614588618272 4.567695736885069 3.5325184967368832 1.108450524508952 5.1410023123025894 6.0750641990453067 3.5253941323608187 6.6498066075146189 2.5442172121256581 3.4430672693997622 3.6733780577778807 14.726748762652276 6.8006849586963636 4.5120829287916422 4.2970960587263098 1.5677802078425882 2.0467619970440856 130.05236224085093
leaf_count=2589 100 64 29 14 60 368 53 689 34 92 51 48 11 40 65 7 37 69 38 60 16 38 23 164 52 47 37 31 11 875
internal_value=-1.21753e-05 0.000141875 0.000338802 -0.028762 0.000151333 -2.37987e-05 0.000498392 0.00020109 0.0100287 -0.000422775 0.00410307 0.0122714 -0.00320984 -0.000630468 0.020525 0.0155734 -0.0234832 -0.000299246 -0.0096343 -0.0203642 0.00453939 0.0373527 0.000419152 -0.0315203 -0.00886239 0.00167642 0.000165426 -0.0395084 -6.02883e-05 -0.00512744
internal_weight=804.808 801.656 796.33 5.32668 792.569 788.625 752.673 744.551 57.9986 29.1094 26.9502 20.5778 11.6122 686.552 28.8892 25.3567 9.7087 676.844 48.2771 27.4516 20.8254 5.98728 628.566 20.8018 14.8382 11.3128 624.893 3.31074 620.596 132.099
internal_count=5812 5712 5634 78 5605 5545 5177 5124 1028 267 233 182 90 4096 761 696 77 4019 484 293 191 54 3535 233 137 99 3512 42 3475 886
is_linear=0
shrinkage=0.05


Tree=85
num_leaves=31
num_cat=0
split_feature=5 2 4 2 2 0 0 12 3 3 7 5 5 5 0 0 4 3 0 3 4 1 5 0 1 1 4 4 4 0
split_gain=1.7618 1.69866 2.48223 2.18082 1.79862 1.60771 2.2757 1.60155 2.5226 3.98303 2.90984 2.59093 5.05479 3.95703 6.37674 4.70916 3.33185 3.86862 4.53896 4.06734 2.45795 2.42539 2.35176 2.07382 1.96511 4.04682 2.84302 2.52888 4.04751 3.05888
threshold=4212.0000000000009 4112.0000000000009 1808.0000000000002 4499.0000000000009 9782.0000000000018 39.500000000000007 44.500000000000007 1.0000000180025095e-35 14.500000000000002 22.500000000000004 1.0000000180025095e-35 8.5000000000000018 4.5000000000000009 483.50000000000006 23.500000000000004 36.500000000000007 1.5000000000000002 129.50000000000003 37.500000000000007 613.50000000000011 1255.5000000000002 716.00000000000011 1935.0000000000002 26.500000000000004 323.50000000000006 289.50000000000006 260.50000000000006 68.500000000000014 105.50000000000001 28.500000000000004
decision_type=2 2 2 2 2 2 2 2 2 2 2 2 2 2 2 2 2 2 2 2 2 2 2 2 2 2 2 2 2 2
left_child=1 2 7 -3 -5 -4 -7 8 10 -10 20 12 16 14 -13 -15 21 -18 19 -19 -1 -11 24 -12 25 -9 27 -26 -29 -30
right_child=-2 3 5 4 -6 6 -8 22 9 11 23 13 -14 15 -16 -17 17 18 -20 -21 -22 -23 -24 -25 26 -27 -28 28 29 -31
leaf_value=0.0043986148880804689 -0.037317200779023001 0.058995981477195848 -0.039310190896457653 -0.0011948166176458117 0.050439439662507225 0.054218236184865112 -0.025859401771426538 -0.00021468571993420529 -0.061561836495594761 -0.0071525657144116033 0.063207143490693951 0.010881360945114592 0.061688131686586739 -0.023260670842288875 -0.055958648973612968 0.058885769006425392 0.059125314715960622 -0.0089958587892553996 -0.041763378337087209 0.047035040337114198 0.050691030326587595 -0.05497846747222284 -0.040457473699891507 0.014997783005397312 -0.0089344469819801608 0.051315897353700526 -0.036029656074865066 0.063900508870591788 0.019277668556395466 -0.046392360592833845
leaf_weight=154.21443611290306 3.0528724789619437 2.473529588431119 6.5141796171665174 9.4992470219731313 1.9495282415300597 1.2512363176792862 2.4839921686798334 453.91672468557954 2.8381719738245001 13.904683277010919 3.575790982693432 5.7558201886713531 3.532983321696519 3.6288387365639201 9.1695332415401918 3.1910104043781757 3.6863507032394436 6.7024003975093382 4.1314447820186606 6.1197251155972481 2.8230594061315051 3.1875344738364211 3.7146934978663912 5.8974026367068291 62.841359412297606 3.7422343753278247 8.1486777700483781 3.1485498026013357 5.2598930187523365 2.5502538233995438
leaf_count=1141 100 28 142 111 33 17 51 2875 20 74 43 34 18 25 54 21 25 37 22 30 23 22 63 56 542 21 105 21 34 24
internal_value=-1.44334e-05 0.000132591 -0.000175145 0.017382 0.00795822 -0.0245003 0.00167947 0.00014939 0.00362264 -0.00465684 0.00689768 -0.00200019 0.00535959 -0.0159272 -0.0302816 0.0154712 -6.37471e-05 0.0134283 0.00320356 0.0179035 0.00526254 -0.0163395 -0.00133638 0.0336653 -0.00105963 0.000217793 -0.00818519 -0.00506613 0.0169965 -0.00248103
internal_weight=802.906 799.853 785.931 13.9223 11.4488 10.2494 3.73523 775.682 232.359 65.8485 166.511 63.0103 41.2651 21.7452 14.9254 6.81985 37.7321 20.6399 16.9536 12.8221 157.037 17.0922 543.322 9.47319 539.608 457.659 81.9487 73.8001 10.9587 7.81015
internal_count=5812 5712 5540 172 144 210 68 5330 1645 382 1263 362 228 134 88 46 210 114 89 67 1164 96 3685 99 3622 2896 726 621 79 58
is_linear=0
shrinkage=0.05


Tree=86
num_leaves=31
num_cat=0
split_feature=1 2 3 4 2 5 0 6 9 0 2 5 14 0 2 0 0 0 2 4 0 0 5 4 4 2 5 4 0 1
split_gain=1.66774 2.08396 2.05203 1.75906 2.15768 2.06526 2.5934 2.14021 2.58213 2.081 1.5989 1.90157 1.61743 1.56383 1.47549 1.60896 2.34882 2.15871 1.47874 2.60154 3.82904 2.93625 2.115 1.7846 2.00687 1.5006 1.37594 1.56633 1.3286 1.32986
threshold=2636.5000000000005 672.50000000000011 3110.5000000000005 2308.0000000000005 8787.0000000000018 2182.0000000000005 19.500000000000004 1.0000000180025095e-35 1.0000000180025095e-35 12.500000000000002 1904.5000000000002 1240.5000000000002 1.0000000180025095e-35 29.500000000000004 763.50000000000011 37.500000000000007 44.500000000000007 30.500000000000004 902.00000000000011 217.50000000000003 26.500000000000004 27.500000000000004 913.00000000000011 1372.5000000000002 404.50000000000006 1558.5000000000002 394.50000000000006 693.50000000000011 1.0000000180025095e-35 2113.0000000000005
decision_type=2 2 2 2 2 2 2 2 2 2 2 2 2 2 2 2 2 2 2 2 2 2 2 2 2 2 2 2 2 2
left_child=2 -2 3 4 5 7 -7 10 9 -9 11 12 28 -10 15 17 -17 -11 -16 21 -21 -20 25 24 -22 -23 27 -26 -1 -30
right_child=1 -3 -4 -5 -6 6 -8 8 13 14 -12 -13 -14 -15 18 16 -18 -19 19 20 23 22 -24 -25 26 -27 -28 -29 29 -31
leaf_value=0.012824855570608777 -0.053776574639144294 0.0098653942348156162 0.036447910524881298 -0.023858183727123942 0.041769624620097347 0.058618068277663006 -0.03499183436805 0.052486039347421964 0.011162953134186715 -0.0030728726659147916 0.031168788642315017 -0.037720195548096802 -0.028714077853456501 0.050016820665254841 0.040782969813845965 0.042287498185546779 -0.016441267806335005 -0.049574662604099456 0.066888046796535691 -0.051091212178506276 -0.018341010788195805 -0.0046407498610115516 -0.012323729526056593 -0.02322380723925906 0.037758826274626636 0.045409515840672383 0.044338954710957848 -0.012959912263693732 -0.00085254620391436047 0.025937721262364394
leaf_weight=18.655057832598686 3.0604093577712765 2.1237792335450649 3.779258854687213 7.5552887124940744 3.0131301525980225 0.734991904348134 7.0065686106681824 2.0870358459651461 5.0542552229017002 6.1918645836412924 3.8603841848671427 3.3499531596899024 4.9454657174646846 5.3744585830718279 3.0659596547484389 2.9314522892236701 3.7967101559042931 4.0971289947628975 2.7633159067481747 3.7311853803694275 3.8294667489826706 2.1938223540782911 5.5121133998036385 4.5653228648006907 2.4766238909214717 4.5047849882394075 4.455584853887558 3.6341742090880871 668.67320741154253 4.5646193921566001
leaf_count=116 64 14 31 187 42 10 151 26 289 45 31 56 43 309 20 20 28 29 35 22 25 12 31 30 20 76 22 23 3968 37
internal_value=-1.45263e-05 -0.0280114 0.000171213 -6.33125e-06 0.000226222 6.08422e-05 -0.0254702 0.000319357 0.00863384 0.00460772 -0.000511551 -0.000690642 -0.000507241 0.0314712 0.00278968 -0.00953895 0.00939135 -0.0218891 0.00795108 0.00517773 -0.0054962 0.0212826 0.0105025 0.00369697 0.0123356 0.0291907 0.0235212 0.0078727 -0.000301505 -0.00066708
internal_weight=801.587 5.18419 796.403 792.624 785.069 782.056 7.74156 774.314 70.2653 59.8365 704.049 700.188 696.838 10.4287 57.7495 17.0172 6.72816 10.289 40.7324 37.6664 22.6924 14.974 12.2107 18.9612 14.3958 6.69861 10.5664 6.1108 691.893 673.238
internal_count=5812 78 5734 5703 5516 5474 161 5313 1062 464 4251 4220 4164 598 438 122 48 74 316 296 142 154 119 120 90 88 65 43 4121 4005
is_linear=0
shrinkage=0.05


Tree=87
num_leaves=31
num_cat=0
split_feature=5 0 12 4 1 1 5 2 4 5 1 4 2 2 4 3 4 3 3 2 1 7 0 0 0 3 3 7 3 0
split_gain=1.62579 1.56953 1.66236 2.57669 2.21617 3.59557 2.52173 3.45455 3.58115 2.99127 5.92486 3.33363 2.89814 2.57249 2.94129 3.57631 2.96013 2.49133 2.45721 2.42134 2.59806 3.75349 2.50016 2.32308 2.72369 2.08965 3.70424 2.92903 2.28339 2.33812
threshold=4212.0000000000009 69.500000000000014 1.0000000180025095e-35 1447.5000000000002 323.50000000000006 289.50000000000006 43.500000000000007 1.0000000180025095e-35 2.5000000000000004 2.5000000000000004 711.50000000000011 241.50000000000003 268.50000000000006 89.500000000000014 80.500000000000014 298.50000000000006 5.5000000000000009 1127.5000000000002 1.5000000000000002 4.5000000000000009 797.50000000000011 1.0000000180025095e-35 29.500000000000004 27.500000000000004 19.500000000000004 14.500000000000002 25.500000000000004 1.0000000180025095e-35 57.500000000000007 34.500000000000007
decision_type=2 2 2 2 2 2 2 2 2 2 2 2 2 2 2 2 2 2 2 2 2 2 2 2 2 2 2 2 2 2
left_child=1 2 25 4 5 17 9 -8 -9 11 -11 12 13 14 15 16 19 -4 -12 20 -6 -22 -23 24 -19 27 -27 -1 29 -28
right_child=-2 -3 3 -5 6 -7 7 8 -10 10 18 -13 -14 -15 -16 -17 -18 23 -20 -21 21 22 -24 -25 -26 26 28 -29 -30 -31
leaf_value=0.0047947859787712682 -0.036642090408709686 0.033456419578786915 -0.00085304382588895591 -0.027367318998137838 -0.040146642012988253 0.047981644062514019 -0.050728404573152953 -0.035658082937436518 0.031982278596116513 0.053440585557419595 0.022291451172474885 -0.046848560031314969 -0.040466205686479136 0.035838374696671553 0.032453337076599059 0.0098300328011151697 -0.056119953493927711 0.032018034183103651 -0.037834942679988479 -0.044580639918274087 0.05160995750434294 0.01788939489954192 -0.052339973466437976 0.036960246683620038 -0.027846394546000647 -0.053673267272594874 -0.0043828964738137728 0.033747613894851806 -0.0044353253077678394 0.055391939763346068
leaf_weight=164.98075921274722 2.9178067035973063 3.4165869560092679 441.82242434099317 9.3873285632580501 2.9346720874309566 3.8132965974509707 7.5557202324271184 3.9681980889290571 3.6711887381970882 5.917220149189232 2.722511800006032 5.3207865934818974 5.1634877659380427 4.1389243230223647 4.4803334511816493 13.422053519636391 5.0540513508021823 3.3319696728140107 4.2047297433018684 4.1394737139344207 3.615654304623602 2.660174548625946 2.25785031914711 8.4756836667656881 4.1567791067063808 3.4595176093280307 3.1192118953913441 9.1287740133702737 57.591631393879652 3.3090112470090389
leaf_count=1293 100 32 2837 184 24 21 82 35 30 38 25 69 37 26 34 97 51 25 40 40 34 28 33 58 30 25 23 98 343 20
internal_value=-1.21425e-05 0.000126501 -2.11494e-05 -0.00153455 -0.00108286 0.00025795 -0.00869341 -0.02699 -0.00315954 -0.0044486 0.0171203 -0.0096797 -0.00545901 -0.00114144 -0.00519274 -0.0102218 -0.0232321 -0.000149973 -0.0142234 -0.0122931 -0.000354338 0.0136365 -0.0147532 0.019192 -0.00113998 0.00343734 -0.004028 0.00633132 -0.00126574 0.0267641
internal_weight=800.138 797.22 793.803 552.215 542.827 461.6 81.227 15.1951 7.63939 66.0319 12.8445 53.1875 47.8667 42.7032 38.5643 34.0839 20.6619 457.787 6.92724 15.6078 11.4684 8.53368 4.91802 15.9644 7.48875 241.589 67.4794 174.11 64.0199 6.42822
internal_count=5812 5712 5680 3878 3694 2971 723 147 65 576 103 473 404 367 341 307 210 2950 65 159 119 95 61 113 55 1802 411 1391 386 43
is_linear=0
shrinkage=0.05


Tree=88
num_leaves=31
num_cat=0
split_feature=5 6 5 0 0 2 2 0 4 2 3 5 9 0 0 2 3 5 5 0 4 0 3 0 0 1 0 4 12 0
split_gain=1.51879 2.62533 2.39747 2.38061 4.34167 2.86152 2.29087 2.65357 2.22077 2.05625 2.44427 1.91358 1.78308 2.14806 3.49571 4.0794 2.559 2.00169 1.94406 1.71888 1.68751 1.64901 1.6432 2.55071 1.69629 1.62401 1.54942 1.52953 1.51683 1.26706
threshold=872.50000000000011 1.0000000180025095e-35 785.50000000000011 38.500000000000007 42.500000000000007 1.0000000180025095e-35 672.50000000000011 19.500000000000004 4205.5000000000009 781.50000000000011 1.0000000180025095e-35 674.50000000000011 1.0000000180025095e-35 29.500000000000004 39.500000000000007 1691.5000000000002 204.50000000000003 291.50000000000006 179.50000000000003 25.500000000000004 1202.5000000000002 33.500000000000007 8.5000000000000018 20.500000000000004 26.500000000000004 166.50000000000003 29.500000000000004 947.50000000000011 1.0000000180025095e-35 29.500000000000004
decision_type=2 2 2 2 2 2 2 2 2 2 2 2 2 2 2 2 2 2 2 2 2 2 2 2 2 2 2 2 2 2
left_child=1 2 11 6 -5 -6 7 -2 12 -7 -11 20 13 16 15 21 22 27 -17 -13 -1 -15 23 -3 -25 29 -14 -16 -22 -8
right_child=3 8 -4 4 5 9 25 -9 -10 10 -12 19 26 14 17 18 -18 -19 -20 -21 28 -23 -24 24 -26 -27 -28 -29 -30 -31
leaf_value=-0.00015997269838298505 0.012909122521140896 0.05336443142943751 0.028579301521320544 0.060511258131107672 0.040582388166731667 -0.055524301795913139 0.014632506438750774 -0.048684104590299121 -0.048405614580886124 -0.033183728570848468 0.029060527895158103 -0.045354764984487497 0.010680973818761832 -0.06204292966527173 0.018488532634510443 0.036513414881101998 0.068601743321090577 0.043598369194651605 -0.014487212899404578 -0.003025681594574196 0.0047555625441664902 -0.017225282358762337 -0.025924164879322836 -0.012021799315913677 0.027770652515533092 -0.044409303317998243 0.04992428436131665 -0.017758415318338223 -0.051062709270715517 -0.014833326127540234
leaf_weight=672.85414497740567 2.1566461045295027 4.0379411987960401 6.9674826040863982 2.9197166757658115 2.3828966952860346 2.7112014582380635 7.2469835169613379 8.3871502671390754 1.4780181720852841 3.2359241340309381 2.8929825834929943 4.4043441116809827 4.9938992438837868 4.25758941285312 7.8058792296797055 3.5325600858777753 2.3847935721278182 4.5948375761508933 3.7650282569229603 5.1624436713755131 1.9842033591121424 4.0798167288303375 2.148790204897522 5.5394506398588401 5.0113248080015182 2.3021626519039264 5.1128792464733124 4.5111293867230415 2.9845346491783857 7.1472228839993477
leaf_count=3979 27 48 43 35 23 40 67 159 57 33 25 40 289 31 74 37 25 39 33 38 25 26 17 46 45 22 309 39 78 63
internal_value=-1.48599e-05 0.000495149 -0.000393804 -0.00933045 0.00727937 -0.00698126 -0.0179491 -0.0360828 0.0102387 -0.0201128 -0.00380817 -0.000691593 0.0117177 0.00792725 9.97514e-05 -0.0168867 0.0211801 0.0158107 0.0103606 -0.0227807 -0.000376514 -0.040576 0.0140561 0.0200812 0.00696179 -0.00635102 0.0308282 0.00517691 -0.0291183 3.01021e-07
internal_weight=798.994 757.611 694.357 41.3829 14.1427 11.223 27.2402 10.5438 63.2539 8.84011 6.12891 687.39 61.7759 51.6691 32.5468 15.635 19.1223 16.9118 7.29759 9.56679 677.823 8.33741 16.7375 14.5887 10.5508 16.6964 10.1068 12.317 4.96874 14.3942
internal_count=5812 5318 4203 494 156 121 338 186 1115 98 58 4160 1058 460 279 127 181 152 70 78 4082 57 156 139 91 152 598 113 103 130
is_linear=0
shrinkage=0.05


Tree=89
num_leaves=31
num_cat=0
split_feature=5 2 5 4 4 0 0 1 1 1 4 4 4 4 0 0 0 1 1 1 2 0 5 3 3 5 3 3 0 2
split_gain=1.48862 1.5386 2.07173 2.00608 1.69501 1.56865 3.34107 1.35757 2.5098 2.79805 2.86245 2.49161 3.46981 4.31091 3.52671 2.54264 2.30216 2.23697 2.60588 8.19609 7.38647 4.029 4.47349 3.92617 3.72709 2.64214 3.79014 2.51249 2.17655 4.07542
threshold=4212.0000000000009 4112.0000000000009 2.5000000000000004 1808.0000000000002 7.5000000000000009 39.500000000000007 42.500000000000007 172.50000000000003 137.50000000000003 103.50000000000001 177.50000000000003 454.50000000000006 1.5000000000000002 3.5000000000000004 19.500000000000004 20.500000000000004 27.500000000000004 2212.5000000000005 797.50000000000011 853.50000000000011 1.0000000180025095e-35 27.500000000000004 1.0000000180025095e-35 702.50000000000011 94.500000000000014 26.500000000000004 135.00000000000003 547.00000000000011 36.500000000000007 1.0000000180025095e-35
decision_type=2 2 2 2 2 2 2 2 2 2 2 2 2 2 2 2 2 2 2 2 2 2 2 2 2 2 2 2 2 2
left_child=1 3 -3 7 -4 -5 -7 8 9 -1 -11 12 17 -14 -15 -16 -10 18 23 -20 21 22 24 27 -21 26 -22 28 -9 -30
right_child=-2 2 4 5 -6 6 -8 11 16 10 -12 -13 13 14 15 -17 -18 -19 19 20 25 -23 -24 -25 -26 -27 -28 -29 29 -31
leaf_value=0.0011403248564066345 -0.035792654287080276 0.073375760881375124 0.053928732205547815 -0.038019823755013067 0.0021454365995618656 0.075300193521543241 -0.02710400443706118 -0.025182064687169443 0.0025099008719789329 -0.041102955367215803 0.012230312246154359 -0.029142124140218096 0.046570616838111145 -0.027623719799212212 0.053633668107621581 0.004545227851492189 0.047711412263903519 -0.047526644754826465 0.088831523753912789 0.060906642986216966 -0.016047420674183181 -0.056661640456829726 -0.056484679548800501 0.017969589798663314 -0.022344022126706206 0.074639579066470937 0.060736722175158776 -0.065131771241329114 0.039444590293879242 -0.023984144598294992
leaf_weight=606.91574662737548 2.7968296865001312 1.346060906536876 1.7619842346757639 6.0637069400399906 10.507387387566267 1.0327206142246725 2.5846854075789452 25.520208280533552 5.8190575093030912 7.6440831422805768 3.6700877211987972 9.3263803720474225 5.9669339805841437 8.3122709542512876 2.7238712292164555 40.549285108223557 5.3813621699810028 3.5990197937935582 2.5290470272302654 2.8649408444762248 4.0489137470722181 6.2178666219115257 2.5093334764242172 7.6128503382205954 2.3857883214950562 2.4006814062595367 2.5319971218705177 2.9074325934052458 4.192740745842455 6.0763570666313171
leaf_count=4104 100 28 33 142 111 13 55 175 30 43 25 109 41 62 19 298 29 54 16 23 37 66 22 39 19 18 21 19 27 34
internal_value=-1.51497e-05 0.000115202 0.0167168 -0.000176177 0.00995782 -0.0226779 0.00337019 0.00010901 0.00110619 0.000679249 -0.0238471 -0.0043002 -0.00253695 0.00670185 0.00200901 0.00775168 0.0244575 -0.00958868 -0.00762351 0.00520332 -0.0043538 -0.0270158 -0.00284289 -0.0146793 0.0233692 0.0308238 0.0139621 -0.0211321 -0.0173862 0.00204365
internal_weight=797.8 795.003 13.6154 781.387 12.2694 9.68111 3.61741 771.706 629.43 618.23 11.3142 142.276 132.95 57.5524 51.5854 43.2732 11.2004 75.3972 71.7982 25.4886 22.9595 13.9779 7.76006 46.3096 5.25073 8.98159 6.58091 38.6967 35.7893 10.2691
internal_count=5812 5712 172 5540 144 210 68 5330 4231 4172 68 1099 990 420 379 317 59 570 516 222 206 130 64 294 42 76 58 255 236 61
is_linear=0
shrinkage=0.05


Tree=90
num_leaves=31
num_cat=0
split_feature=0 1 1 1 4 4 3 4 0 2 2 2 7 0 9 0 0 0 0 3 0 0 4 9 0 3 2 2 4 1
split_gain=1.45546 1.4386 2.31682 2.49916 2.46748 2.15442 3.27637 3.02555 2.93356 2.44612 3.09216 2.94258 2.25928 11.5652 4.48213 2.38611 2.27176 3.95724 2.70815 5.27452 2.2269 2.4684 2.99006 2.19773 2.18785 4.47021 4.17627 2.92155 3.36026 4.51486
threshold=69.500000000000014 172.50000000000003 137.50000000000003 103.50000000000001 177.50000000000003 13.500000000000002 1552.0000000000002 16.500000000000004 59.500000000000007 53.500000000000007 287.50000000000006 162.50000000000003 1.0000000180025095e-35 12.500000000000002 1.0000000180025095e-35 48.500000000000007 12.500000000000002 4.5000000000000009 17.500000000000004 57.500000000000007 14.500000000000002 20.500000000000004 571.00000000000011 1.0000000180025095e-35 41.500000000000007 291.50000000000006 7.5000000000000009 679.50000000000011 1255.5000000000002 1.0000000180025095e-35
decision_type=2 2 2 2 2 2 2 2 2 2 2 2 2 2 2 2 2 2 2 2 2 2 2 2 2 2 2 2 2 2
left_child=1 2 3 5 -5 6 9 -7 20 12 11 -11 16 -14 -15 -16 17 -1 19 -18 -9 22 -22 -19 27 26 -26 28 29 -23
right_child=-2 -3 -4 4 -6 7 -8 8 -10 10 -12 -13 13 14 15 -17 18 23 -20 -21 21 24 -24 -25 25 -27 -28 -29 -30 -31
leaf_value=0.0017308456011294827 0.032062464514622295 -0.0046793422734655544 0.022943601979946153 -0.038728039806841974 0.010353013284033255 -0.051925151804648656 0.046097198881491629 -0.038807954928649739 -0.043517185731177591 0.0094243600744855008 0.0051996240725000215 0.053248551770135148 0.058717078908928549 -0.022649465756689101 0.0055335752756021702 0.05257182735707025 0.020430715191824413 -0.01058023749902672 -0.0008388462722772515 -0.041191970478163392 0.027487943307907815 -0.032241047183754624 -0.013983874659576345 -0.034694298587580108 0.057033323472122754 -0.027627667312819189 0.006468839615739826 0.0036031796818819664 0.024178192555610642 -0.00027316915500095622
leaf_weight=48.319995928555727 3.4202805012464514 143.94639660790563 11.5465787993744 7.6722551528364402 3.7660257834941149 3.1853223266080013 4.1657712124288073 3.908495668321847 4.3111878810450426 8.1302923895418626 60.496493640355766 7.232529040426015 9.8313011750578863 15.45993462204933 37.49469305947423 2.8085070177912703 32.599178723990917 26.11131602153182 210.57610466331244 3.7914373222738496 14.259214480407538 27.84241759032011 6.1594858244061461 14.832889825105665 5.3076201248914066 6.6657638363540164 16.809597114101052 33.070529095828533 4.7567265201359978 18.266814306378365
leaf_count=239 32 1143 66 46 27 25 46 28 43 48 349 40 120 72 342 38 228 118 1533 20 89 228 74 64 39 49 151 282 97 136
internal_value=-1.64866e-05 -0.000158813 0.00084381 0.000440207 -0.0226186 0.000864815 0.00247085 -0.00448709 -0.00338219 0.00208083 0.0103093 0.0302669 0.000525216 0.00900611 0.000152415 0.00893342 -0.00113149 -0.00796293 0.00133991 0.0139151 -0.00208882 -0.000982546 0.0149704 -0.0193793 -0.00388307 0.00799356 0.0188052 -0.0079604 -0.0154708 -0.0196045
internal_weight=796.745 793.325 649.378 637.832 11.4383 626.394 481.85 144.543 141.358 477.685 75.8593 15.3628 401.825 65.5944 55.7631 40.3032 336.231 89.2642 246.967 36.3906 137.047 133.138 20.4187 40.9442 112.719 28.783 22.1172 83.9365 50.866 46.1092
internal_count=5812 5780 4637 4571 73 4498 3257 1241 1216 3211 437 88 2774 572 452 380 2202 421 1781 248 1173 1145 163 182 982 239 190 743 461 364
is_linear=0
shrinkage=0.05


Tree=91
num_leaves=31
num_cat=0
split_feature=5 6 5 0 0 2 2 4 4 2 3 5 9 0 0 3 5 4 5 4 0 4 4 0 4 1 0 4 5 4
split_gain=1.39668 2.36862 2.16462 2.13904 3.75084 2.55534 2.14261 2.21295 2.06372 1.97905 2.31333 1.74571 1.68972 1.9838 3.20696 2.4189 1.67992 2.78228 4.15961 2.71912 1.64081 1.57408 3.67017 1.54464 1.54168 1.47826 2.3704 1.47347 2.22491 2.83113
threshold=872.50000000000011 1.0000000180025095e-35 785.50000000000011 38.500000000000007 42.500000000000007 1.0000000180025095e-35 5.5000000000000009 975.50000000000011 4205.5000000000009 781.50000000000011 1.0000000180025095e-35 674.50000000000011 1.0000000180025095e-35 29.500000000000004 32.500000000000007 204.50000000000003 1465.0000000000002 94.500000000000014 2262.0000000000005 12.500000000000002 25.500000000000004 108.50000000000001 685.50000000000011 29.500000000000004 1202.5000000000002 1.0000000180025095e-35 24.500000000000004 1.5000000000000002 17.500000000000004 202.50000000000003
decision_type=2 2 2 2 2 2 2 2 2 2 2 2 2 2 2 2 2 2 2 2 2 2 2 2 2 2 2 2 2 2
left_child=1 2 11 6 -5 -6 -2 16 12 -7 -11 24 13 15 -15 21 19 -18 -19 -8 -13 -3 -23 -14 -1 26 -26 -16 -29 -30
right_child=3 8 -4 4 5 9 7 -9 -10 10 -12 20 23 14 27 -17 17 18 -20 -21 -22 22 -24 -25 25 -27 -28 28 29 -31
leaf_value=-0.00015093797694374825 -0.044734379499820974 0.029490604520791271 0.026978064557197364 0.054996424450518035 0.037276187606636355 -0.055167424499005004 0.017570143791932693 -0.048430767842484956 -0.048211035649338152 -0.032675097398885557 0.028112153036562712 -0.044569823701480049 0.010047661775129738 -0.039280816095784266 -0.016021987513151991 0.067198394693892993 -0.011905217381631708 0.094921470323896931 -0.0032080907679172344 -0.042482696522513227 -0.0027804620035254985 -0.030431996304612838 0.034176118968971977 0.049832941131154586 0.053433438717482323 -0.051683666181015775 -0.049368653230643933 0.036634412347129441 0.039587263688343595 -0.0099455783089508858
leaf_weight=670.69945241138339 5.535701707936826 7.8765870742499891 7.0616318881511679 3.0347412582486859 2.4488777723163357 2.6076371641829592 2.9234476890415015 3.0810115057975045 1.3997958507388819 3.177757790312171 2.8968403041362762 4.2462705969810468 4.9168411316350085 4.3807237669825545 5.7743656970560577 2.3137921672314397 5.9351268075406534 1.8470145203173158 2.4107821686193347 4.9865807704627514 5.1423137448728085 4.767232768237589 3.9085030611604452 4.8692462295293808 1.059596419334411 2.7403925377875566 0.98628041334450234 6.4453323679044869 3.6912652552127829 11.967875840142367
leaf_count=3979 88 89 43 35 23 40 24 66 57 33 25 40 289 40 42 25 72 11 43 34 38 31 36 309 20 63 20 63 47 87
internal_value=-1.51835e-05 0.000473215 -0.000368188 -0.00900424 0.00667224 -0.00687504 -0.0173093 -0.00996614 0.00980217 -0.0196108 -0.0037012 -0.000654049 0.0112122 0.00753598 -8.56878e-06 0.0203686 -0.0031896 0.0101924 0.0405615 -0.0203457 -0.0219515 0.0134582 -0.00126765 0.0301474 -0.00035483 -0.0283384 0.00388327 0.00628079 0.0121529 0.00190771
internal_weight=795.133 754.247 691.936 40.8855 14.1659 11.1311 26.7197 21.184 62.3116 8.68224 6.0746 684.874 60.9118 51.1257 32.2596 18.8661 18.103 10.1929 4.2578 7.91003 9.38858 16.5523 8.67574 9.78609 675.486 4.78627 2.04588 27.8788 22.1045 15.6591
internal_count=5812 5318 4203 494 156 121 338 250 1115 98 58 4160 1058 460 279 181 184 126 54 58 78 156 67 598 4082 103 40 239 197 134
is_linear=0
shrinkage=0.05


Tree=92
num_leaves=31
num_cat=0
split_feature=5 2 5 4 4 0 0 2 2 12 11 1 1 5 2 4 5 2 0 1 0 2 0 4 0 2 4 0 0 0
split_gain=1.36764 1.41037 1.96654 1.84474 1.61449 1.491 2.86874 1.29182 2.19864 1.26673 2.34676 2.82604 3.98646 2.57992 3.12496 2.57819 2.40925 3.6183 3.86944 2.396 2.51798 2.90101 2.38686 2.61233 3.24706 2.38388 3.15334 2.11344 2.43789 2.04036
threshold=4212.0000000000009 4112.0000000000009 2.5000000000000004 1808.0000000000002 7.5000000000000009 39.500000000000007 42.500000000000007 4665.5000000000009 6922.5000000000009 1.0000000180025095e-35 1.0000000180025095e-35 456.50000000000006 163.50000000000003 1.0000000180025095e-35 746.50000000000011 781.50000000000011 104.50000000000001 491.00000000000006 22.500000000000004 646.50000000000011 12.500000000000002 635.50000000000011 19.500000000000004 413.50000000000006 24.500000000000004 103.50000000000001 35.500000000000007 18.500000000000004 19.500000000000004 5.5000000000000009
decision_type=2 2 2 2 2 2 2 2 2 2 2 2 2 2 2 2 2 2 2 2 2 2 2 2 2 2 2 2 2 2
left_child=1 3 -3 9 -4 -5 -7 -6 -9 10 13 12 27 14 19 16 17 18 -15 20 29 25 -18 24 -24 26 -22 -12 -29 -1
right_child=-2 2 4 5 7 6 -8 8 -10 -11 11 -13 -14 15 -16 -17 22 -19 -20 -21 21 -23 23 -25 -26 -27 -28 28 -30 -31
leaf_value=0.012035198182922362 -0.03497618638265744 0.072768481482142919 0.053548924376222745 -0.037377043836980865 0.032270902894018023 0.067159178505042536 -0.026318657516866961 -0.032292740221717048 0.019990137438966809 -0.0012268488296118436 0.010367042668771273 0.023733681012079438 -0.05228478189949716 0.00098608011958113456 0.05920614215464988 0.029840554807263817 0.038282132697273229 0.012903696239427265 -0.05443941102663942 -0.015687236149885615 0.024696135272229962 -0.037755312067718913 -0.048385898992624576 0.040996595985622969 0.001601544138325286 0.056779927000148278 -0.0090509402983454234 -0.040677156886093011 -0.0048140307842759553 -0.020163907765408266
leaf_weight=11.733011528849604 2.6875347904860964 1.2785586556419719 1.6854818230494846 5.850776285864411 2.5555325374007207 1.1001766193658116 2.4974334295839071 4.2127664294093847 3.675472704693675 538.21160340681672 21.372157976031303 8.9770108461379987 4.2425910532474509 5.0895783230662373 3.3969225492328396 5.8089521620422593 4.2685277909040478 6.1558529268950215 8.1438636183738691 7.6004376746714106 37.030374563299119 2.0363703668117514 3.9881074577570024 2.9545890018343917 15.792900338768957 4.3837913721799842 8.4532206431031209 5.0858835130929938 55.507416020147502 8.3218983896076661
leaf_count=77 100 28 33 142 23 13 55 40 48 3685 117 49 26 29 27 39 27 38 45 53 515 9 32 18 105 22 50 26 298 43
internal_value=-1.527e-05 0.000107857 0.0161258 -0.000170227 0.00960878 -0.0220121 0.00331076 0.00207683 -0.00798659 0.00010112 0.00320319 -0.00280905 -0.00559729 0.00743624 0.0129109 -0.0012717 -0.00522309 -0.0186231 -0.0332753 0.0108624 0.0136845 0.0194888 0.00443146 -0.0020637 -0.00866926 0.0218973 0.0184181 -0.00311995 -0.00788625 -0.00135976
internal_weight=794.099 791.411 13.4078 778.003 12.1293 9.44839 3.59761 10.4438 7.88824 768.555 230.343 95.1851 86.208 135.158 82.956 52.2024 46.3934 19.3893 13.2334 79.5591 71.9587 51.9038 27.0041 22.7356 19.781 49.8674 45.4836 81.9655 60.5933 20.0549
internal_count=5812 5712 172 5540 144 210 68 111 88 5330 1645 516 467 1129 796 333 294 112 74 769 716 596 182 155 137 587 565 441 324 120
is_linear=0
shrinkage=0.05


Tree=93
num_leaves=31
num_cat=0
split_feature=1 2 3 5 6 15 4 5 5 4 2 4 0 5 4 5 4 4 0 5 5 5 0 5 5 4 2 0 0 2
split_gain=1.36218 2.06853 1.73715 1.48501 2.90161 2.44586 1.80339 1.59971 7.68799 3.26439 4.58233 4.51284 3.9119 3.01159 2.87729 2.51628 2.02933 2.32605 1.9305 3.01852 2.6471 3.77312 3.1322 2.6406 3.10499 1.85615 3.477 2.42711 2.47568 2.38458
threshold=2636.5000000000005 672.50000000000011 3951.0000000000005 144.50000000000003 1.0000000180025095e-35 1.0000000180025095e-35 1086.0000000000002 483.50000000000006 504.50000000000006 94.500000000000014 12.500000000000002 108.50000000000001 49.500000000000007 611.50000000000011 231.50000000000003 611.50000000000011 1327.0000000000002 712.50000000000011 22.500000000000004 452.50000000000006 338.50000000000006 261.50000000000006 18.500000000000004 379.50000000000006 401.50000000000006 6.5000000000000009 3.5000000000000004 39.500000000000007 31.500000000000004 193.50000000000003
decision_type=2 2 2 2 2 2 2 2 2 2 2 2 2 2 2 2 2 2 2 2 2 2 2 2 2 2 2 2 2 2
left_child=2 -2 3 4 6 7 -1 18 -9 12 14 -12 15 -13 -11 -10 17 -15 20 23 21 22 -5 -20 -25 26 -17 28 29 -28
right_child=1 -3 -4 5 -6 -7 -8 8 9 10 11 13 -14 16 -16 25 -18 -19 19 -21 -22 -23 -24 24 -26 -27 27 -29 -30 -31
leaf_value=0.00037819576575421823 -0.053366323646865679 0.011256667343857579 0.038073933225141521 -0.036663617201959334 0.014042031639643699 0.043441333513070592 -0.029658634989364427 0.077276323315363452 -0.045520175725087285 0.0065649866035451462 0.09434430453735404 0.035145514038529578 0.02292897329211115 -0.016558019026330563 0.080878926025582859 -0.024747859849386385 -0.044883143192427248 0.030265335299178187 -0.022854357343303853 -0.069667133352673577 -0.027258934419029303 0.062540366530616592 0.030397369847617858 0.052920399921715017 -0.017233679414324059 -0.031796251997466149 -0.022624074777037758 -0.036784258560868671 0.053301352655217286 0.028260392723185493
leaf_weight=608.86697458662093 2.8071296736598006 2.1057696416974068 2.9082815786823621 3.4616701928898674 39.827961557544768 2.4730927562341085 4.9384806770831338 2.8800570517778388 6.7313750851899377 2.2334981188178089 1.0846081972122217 3.6277814060449627 6.7994444156065574 10.709389054216446 3.0900202449411154 13.012608120217921 4.0586702786386004 3.4168848805129519 23.495300650596622 2.6968070343136779 5.0478004105389109 3.0112988837063313 3.3078978890553117 2.70424167998135 3.5239647943526506 9.1858130702748877 4.1798257539048773 2.2090705791488281 3.6227204948663703 4.8873224966228008
leaf_count=3530 64 14 23 26 909 25 105 18 50 21 5 23 52 104 35 126 94 27 191 19 35 18 23 18 32 93 41 22 31 38
internal_value=-1.39667e-05 -0.0259956 0.000151299 5.98638e-06 0.000981354 -0.00484103 0.000131737 -0.00579976 -0.00156099 -0.00453485 0.0090712 -0.000714028 -0.012122 -0.00584965 0.0503962 -0.0175995 -0.0141754 -0.00509918 -0.013113 -0.0199307 0.00182639 0.016961 -0.0039293 -0.0151997 0.0135816 -0.0124245 -0.00595839 0.0105078 0.0189637 0.00481247
internal_weight=792.906 4.9129 787.993 785.085 653.633 131.451 613.805 128.978 81.7291 78.849 28.2209 22.8973 50.6282 21.8127 5.32352 43.8287 18.1849 14.1263 47.249 32.4203 14.8287 9.78087 6.76957 29.7235 6.22821 37.0974 27.9115 14.8989 12.6899 9.06715
internal_count=5812 78 5734 5711 4544 1167 3635 1142 780 762 309 253 453 248 56 401 225 131 362 260 102 67 49 241 50 351 258 132 110 79
is_linear=0
shrinkage=0.05


Tree=94
num_leaves=31
num_cat=0
split_feature=0 12 4 0 0 8 4 3 5 5 13 3 3 5 4 4 5 3 3 1 4 5 5 1 4 11 1 4 1 1
split_gain=1.30611 1.28078 2.26608 2.04142 7.46352 4.07085 4.03101 3.73287 3.68627 5.16341 5.07449 3.12019 3.13108 2.44456 3.46357 2.53653 2.43479 2.43233 2.32476 3.11134 2.58674 2.10595 4.63932 3.67348 3.18175 2.0511 2.95798 1.92278 1.8445 2.29053
threshold=69.500000000000014 1.0000000180025095e-35 1447.5000000000002 23.500000000000004 25.500000000000004 1.0000000180025095e-35 84.500000000000014 845.50000000000011 11.500000000000002 22.500000000000004 1.0000000180025095e-35 71.500000000000014 1.0000000180025095e-35 72.500000000000014 1434.0000000000002 413.50000000000006 445.50000000000006 616.50000000000011 3.5000000000000004 606.00000000000011 27.500000000000004 12.500000000000002 540.50000000000011 119.00000000000001 35.500000000000007 1.0000000180025095e-35 1041.0000000000002 118.50000000000001 1.5000000000000002 299.00000000000006
decision_type=2 2 2 2 2 2 2 2 2 2 2 2 2 2 2 2 2 2 2 2 2 2 2 2 2 2 2 2 2 2
left_child=1 3 -3 7 6 8 -5 18 17 -10 11 12 13 -11 15 -15 -14 25 21 20 -20 24 23 -23 -1 26 28 -13 -6 -30
right_child=-2 2 -4 4 5 -7 -8 -9 9 10 -12 27 16 14 -16 -17 -18 -19 19 -21 -22 22 -24 -25 -26 -27 -28 -29 29 -31
leaf_value=0.0091200251285150705 0.030295797907686214 -0.0010674009058470645 -0.026215918950832792 -0.045131840949722279 0.016382466586776976 0.057637198152291846 0.0091828485681583593 0.046794111291125609 -0.080677681365281598 0.049897709036881177 -0.064031187130474052 -0.044648098185791747 -0.00093335217493936164 -0.0084157977338000355 -0.061662849705486446 0.04630747135091258 0.057116475147466463 -0.013641114035117585 0.013211566773734883 -0.05784210203016913 -0.0258519426251301 0.095409641447962365 -0.0087623053768210342 0.019824275951730065 -0.035250843764460367 0.003157719059128278 -0.030436280271318845 0.0012598425212428162 0.069262794647672751 0.02133486068331189
leaf_weight=65.042133028618991 3.4382079858332864 538.99066530168056 9.0092819817364198 13.250368023291232 18.239844343625016 3.2611771151423445 4.5503774788230649 5.7758545689284793 2.3362182816490522 1.9093044828623593 3.2974233757704488 5.2315562563016993 2.8774289879947892 12.141453187912704 2.4911529794335356 2.4605391807854167 4.7382893487811089 10.333340357989071 11.205791631713515 2.7332851514220229 6.6792900990694752 3.0806399863213283 4.5544050624594092 3.3851876780390739 4.2097734268754712 29.947484123520553 2.4385546818375579 3.9767023175954819 4.5216554645448905 5.7023695819079876
leaf_count=440 32 3735 194 94 327 19 37 34 17 13 28 39 27 104 45 19 38 55 61 23 46 22 39 19 32 157 19 37 31 29
internal_value=-1.48462e-05 -0.000150861 -0.00148556 0.00289134 -0.00122449 0.00341348 -0.0312737 0.00804681 0.0017939 -0.0100432 -0.00563049 -9.20906e-05 0.00859338 -0.00230168 -0.00838866 0.00105771 0.0354558 0.00869276 0.00578443 -0.00915969 -0.00143956 0.00962954 0.029835 0.0567415 0.00637581 0.0125016 0.0215173 -0.0250216 0.0260593 0.0429969
internal_weight=791.81 788.372 548 240.372 133.705 115.904 17.8007 106.666 112.643 41.4601 39.1239 35.8264 26.6182 19.0024 17.0931 14.602 7.61572 71.1832 100.891 20.6184 17.8851 80.2721 11.0202 6.46583 69.2519 60.8499 30.9024 9.20826 28.4639 10.224
internal_count=5812 5780 3929 1851 1135 1004 131 716 985 367 350 322 246 181 168 123 65 618 682 130 107 552 80 41 472 563 406 76 387 60
is_linear=0
shrinkage=0.05


Tree=95
num_leaves=31
num_cat=0
split_feature=5 2 5 4 4 0 0 2 2 3 5 6 9 0 0 0 5 2 4 0 2 5 5 0 12 2 14 1 0 7
split_gain=1.26814 1.37556 1.86757 1.63443 1.48844 1.41538 2.59768 1.1961 1.9568 1.13919 1.31851 1.42681 2.02914 2.09309 1.55729 1.36551 2.39062 1.49925 2.22784 2.63068 1.65513 1.18536 1.51925 1.13528 1.22162 1.05221 1.37369 1.31198 0.956696 11.3841
threshold=4212.0000000000009 4112.0000000000009 2.5000000000000004 1808.0000000000002 7.5000000000000009 39.500000000000007 42.500000000000007 4665.5000000000009 6922.5000000000009 3110.5000000000005 2022.0000000000002 1.0000000180025095e-35 1.0000000180025095e-35 20.500000000000004 29.500000000000004 49.500000000000007 1465.0000000000002 1208.5000000000002 131.50000000000003 31.500000000000004 396.50000000000006 21.500000000000004 338.50000000000006 1.0000000180025095e-35 1.0000000180025095e-35 1904.5000000000002 1.0000000180025095e-35 493.00000000000006 13.500000000000002 1.0000000180025095e-35
decision_type=2 2 2 2 2 2 2 2 2 2 2 2 2 2 2 2 2 2 2 2 2 2 2 2 2 2 2 2 2 2
left_child=1 3 -3 9 -4 -5 -7 -6 -9 10 11 23 13 -13 -14 16 17 20 19 -19 -15 -20 -23 24 -1 26 28 -28 29 -25
right_child=-2 2 4 5 7 6 -8 8 -10 -11 -12 12 14 15 -16 -17 -18 18 21 -21 -22 22 -24 25 -26 -27 27 -29 -30 -31
leaf_value=0.034998692573052367 -0.034245273557355738 0.072654242902448693 0.053013365638920867 -0.036561264374289505 0.031695998642013189 0.06309674983257664 -0.02563979977315229 -0.030009430003450323 0.019519943924487106 0.030370423577409534 -0.023434726065044161 0.037129889259526608 0.0087152221442377692 -0.0084079256659159458 0.049698505723427516 0.019780782027570023 0.038109741680137171 0.062301570768897599 0.016581512775046801 -0.0014887996723156143 -0.044848101253641616 -0.043816568652183419 -0.0029681565188639739 -0.011763050086559422 0.0045984747579995806 0.026411244564889799 -0.0028356468786893412 -0.054671250953065312 -2.6410263809003579e-05 0.046028691648854564
leaf_weight=4.2289893068373212 2.5965296421200028 1.215627928264438 1.6074298378080119 5.5814045099541527 2.54528242908418 1.1289060767740013 2.4092589719220996 4.2058797590434551 3.6215194761753082 2.9915844779461613 5.8767019528895608 4.139905957505106 4.7612425796687585 10.669372424483297 4.5146634457632899 7.4260738585144273 3.0504437983036032 2.6916801556944874 2.9924895241856566 3.8276284988969564 4.3394751921296111 3.6669461950659734 5.7920975461602211 79.582072999328375 14.135041743516922 3.4305949099361888 2.6067996788769952 2.2150979768484831 583.5207032430917 9.4428901672363263
leaf_count=35 100 28 33 142 23 13 55 40 48 24 90 45 289 66 309 44 20 25 19 33 29 21 33 357 81 29 16 28 3627 110
internal_value=-1.50731e-05 0.000102017 0.0160483 -0.000171525 0.0097506 -0.0210982 0.00362905 0.00260408 -0.00713641 8.03702e-05 -4.23702e-05 0.000142291 0.00768014 0.00356342 0.0289795 0.000361286 -0.00357591 -0.00741898 0.00193035 0.0253922 -0.0191709 -0.0104581 -0.0190964 -0.000482652 0.0117509 -0.000814319 -0.000956084 -0.027275 -0.00076336 -0.0055883
internal_weight=790.814 788.218 13.1957 775.022 11.9801 9.11957 3.53817 10.3727 7.8274 765.902 762.911 757.034 57.872 48.5961 9.27591 44.4562 37.0301 33.9797 18.9708 6.51931 15.0088 12.4515 9.45904 699.162 18.364 680.798 677.368 4.8219 672.546 89.025
internal_count=5812 5712 172 5540 144 210 68 111 88 5330 5306 5216 933 335 598 290 246 226 131 58 95 73 54 4283 116 4167 4138 44 4094 467
is_linear=0
shrinkage=0.05


Tree=96
num_leaves=31
num_cat=0
split_feature=1 2 3 5 2 2 4 5 6 4 9 0 0 0 2 5 0 0 2 4 5 4 2 2 0 5 5 4 4 2
split_gain=1.27584 1.95376 1.48621 1.39097 2.17647 2.00339 1.86454 1.87819 1.65145 2.78605 2.01633 1.90575 2.02965 2.30762 1.6401 1.542 1.57438 1.53434 1.46538 1.3153 1.30182 1.94723 1.28422 3.93534 2.5307 2.92874 5.41564 2.14161 3.06781 2.09787
threshold=2636.5000000000005 672.50000000000011 3951.0000000000005 872.50000000000011 3871.0000000000005 8787.0000000000018 1808.0000000000002 785.50000000000011 1.0000000180025095e-35 1710.5000000000002 1.0000000180025095e-35 23.500000000000004 39.500000000000007 29.500000000000004 1436.5000000000002 674.50000000000011 25.500000000000004 29.500000000000004 5170.0000000000009 873.50000000000011 2.5000000000000004 559.50000000000011 1125.5000000000002 1604.5000000000002 52.500000000000007 1149.0000000000002 1240.5000000000002 147.00000000000003 298.50000000000006 2516.5000000000005
decision_type=2 2 2 2 2 2 2 2 2 2 2 2 2 2 2 2 2 2 2 2 2 2 2 2 2 2 2 2 2 2
left_child=2 -2 3 4 6 18 7 8 15 10 11 -10 13 -13 -15 -1 -17 -12 22 -14 -6 -22 24 -24 25 -5 -27 -28 -29 -25
right_child=1 -3 -4 5 20 -7 -8 -9 9 -11 17 12 19 14 -16 16 -18 -19 -20 -21 21 -23 23 29 -26 26 27 28 -30 -31
leaf_value=-0.00012932769891087754 -0.053144389553361773 0.010318806312016655 0.035667427313839588 -0.049692159545056451 0.070738655877269213 0.035896190287920113 -0.025622682497119034 0.024108531125039238 0.033697946151613103 0.08597472392322697 0.0083587535633255529 0.0076751854049767953 0.024901499691898015 -0.044630322067020702 -0.0053464319011002062 -0.043566644765436882 -0.0019793743799557009 0.049607594953735852 -0.049639744749963001 -0.014592401587739426 0.050966708167766418 -0.0068957847583202073 0.057355127689774126 -0.047604448106082005 0.031676860368136453 0.067121350111538608 -0.044668461832611639 0.073271602304527991 -0.022242785872189128 0.0016807880095030669
leaf_weight=667.98901531659067 2.6695567136630407 2.1080383695662022 2.8337634140625587 6.6753369700163665 1.3253408623859275 2.223155701532959 6.8105120100080958 8.2085831016302091 4.0231722071766844 1.0634410008788098 4.7213815329596382 8.1023555733263546 7.9840533118695003 6.0157735049724561 4.7518831584602594 4.0480008572339994 5.0642811022698879 4.3023326564580202 2.3237237809225908 2.7769652009010315 2.3659619279205799 3.4935118965804577 2.5375779038295141 2.7453424884006372 2.2399956956505767 1.8877428621053685 5.2147473925724608 1.0477057592943309 3.0442795194685459 8.9269014690071327
leaf_count=3974 64 14 23 67 30 19 156 50 47 6 289 53 58 31 31 40 37 309 23 17 68 33 32 29 26 16 110 17 76 67
internal_value=-1.1887e-05 -0.0255048 0.000146546 1.32683e-05 0.000496105 -0.00919515 0.000226847 0.000471804 0.000199334 0.00960389 0.00750436 0.00184662 -0.00257682 -0.0124372 -0.0275026 -0.000409537 -0.0207263 0.0283536 -0.0120211 0.0146693 0.0276917 0.0169313 -0.00933718 0.00216634 -0.0174362 -0.0237346 -0.00795299 -0.0237325 0.00337709 -0.0102171
internal_weight=789.524 4.7776 784.747 781.913 743.047 38.8665 735.862 729.051 720.843 43.7414 42.6779 33.6542 29.631 18.87 10.7677 677.101 9.11228 9.02371 36.6434 10.761 7.18481 5.85947 34.3196 14.2098 20.1098 17.8698 11.1945 9.30673 4.09199 11.6722
internal_count=5812 78 5734 5711 5229 482 5098 4942 4892 841 835 237 190 115 62 4051 77 598 463 75 131 101 440 128 312 286 219 203 93 96
is_linear=0
shrinkage=0.05


Tree=97
num_leaves=31
num_cat=0
split_feature=0 5 2 4 5 2 2 1 2 4 0 12 3 0 3 0 4 1 7 4 4 7 3 5 0 3 3 1 1 3
split_gain=1.19976 1.18895 1.21279 1.96049 2.13229 2.65649 1.70672 1.48061 1.6265 1.43819 1.9599 1.10843 2.08913 3.7518 4.11764 2.85565 2.29497 3.44235 2.52809 2.1009 1.97484 2.39493 3.03605 1.87313 1.713 1.68524 2.18175 1.83055 4.35199 2.82695
threshold=69.500000000000014 4212.0000000000009 4112.0000000000009 1808.0000000000002 69.500000000000014 820.50000000000011 4499.0000000000009 1.0000000180025095e-35 159.00000000000003 7.5000000000000009 30.500000000000004 1.0000000180025095e-35 124.50000000000001 23.500000000000004 655.00000000000011 25.500000000000004 755.50000000000011 1.0000000180025095e-35 1.0000000180025095e-35 217.50000000000003 59.500000000000007 1.0000000180025095e-35 499.50000000000006 1935.0000000000002 64.500000000000014 1276.5000000000002 1461.5000000000002 419.50000000000006 513.50000000000011 753.00000000000011
decision_type=2 2 2 2 2 2 2 2 2 2 2 2 2 2 2 2 2 2 2 2 2 2 2 2 2 2 2 2 2 2
left_child=1 2 3 11 -5 7 -4 8 -6 -8 -11 12 16 14 -14 -15 18 -18 -1 20 21 22 -17 24 25 27 -27 -13 -29 -30
right_child=-2 -3 6 4 5 -7 9 -9 -10 10 -12 23 13 15 -16 19 17 -19 -20 -21 -22 -23 -24 -25 -26 26 -28 28 29 -31
leaf_value=0.0027085051410327037 0.029058257303154523 -0.033746620476761247 0.053264629266585074 -0.050399355080168629 0.0044741757706161893 -0.050157272994714744 0.052361883872962728 -0.016371118542257347 0.098584855521373083 -0.031088874889641627 0.016391479489452247 -0.00020128285144546955 -0.010532442264446183 -0.054993188371448599 0.037286951209523293 0.038147478150402245 0.065011797405778129 -0.0071926334659936217 0.027672804644323715 -0.042800552124547545 0.028486342805654909 -0.038864350085703311 -0.014950172774723981 -0.038188645989177816 -0.034702662966686025 0.043323120327772489 0.003789338103505166 -0.056259622607444798 -0.0031050168615675208 -0.054905366002471589
leaf_weight=161.48654437530786 3.4336445555090895 2.5232674274593583 2.2954488014802328 3.9523866567760688 0.86214109044522069 1.6013855179771779 1.3694785749539722 1.1064503351226447 0.90696158446371555 3.3175944769754988 5.8704630313441157 447.60459664650261 9.5968364700675028 4.167701497673991 8.3236314058303815 3.7042215913534262 3.7448179610073558 2.8607288878411055 10.723761156201361 4.1887170746922484 3.6688567139208308 5.3998829573392859 9.1094574611633998 3.3121926113963118 3.6488795205950728 4.6524311862885979 13.221510493196545 4.4852887596935025 54.493164945393801 2.6686696447432032
leaf_count=1204 32 100 28 87 24 43 31 31 19 37 75 2833 55 25 46 20 25 24 114 29 20 31 46 63 28 25 100 45 542 30
internal_value=-1.07597e-05 -0.000141617 -2.89326e-05 -0.000284295 -0.0241226 -0.000330319 0.0151435 0.0281712 0.0554148 0.00643303 -0.000902712 -1.71337e-05 0.00290917 -0.00632508 0.0117622 -0.0170476 0.00539832 0.0341006 0.00427822 -0.0107947 -0.00450132 -0.0112655 0.000576016 -0.00126106 -0.00102347 -0.0007838 0.0142634 -0.00131463 -0.00938496 -0.00561504
internal_weight=788.301 784.867 782.344 769.491 8.42933 4.47694 12.853 2.87555 1.7691 10.5575 9.18806 761.062 226.975 48.1593 17.9205 30.2388 178.816 6.60555 172.21 26.0711 21.8824 18.2136 12.8137 534.087 530.775 527.126 17.8739 509.252 61.6471 57.1618
internal_count=5812 5780 5680 5509 204 117 171 74 43 143 112 5305 1639 272 101 171 1367 49 1318 146 117 97 66 3666 3603 3575 125 3450 617 572
is_linear=0
shrinkage=0.05


Tree=98
num_leaves=31
num_cat=0
split_feature=1 2 3 5 5 5 6 0 3 5 3 0 2 0 0 0 4 2 2 2 2 2 2 1 1 1 1 0 3 2
split_gain=1.1827 1.87117 1.41953 1.30073 2.35579 6.35244 2.34674 2.22401 4.26111 3.69069 3.02926 4.01096 6.08384 2.29176 2.27725 2.15944 3.07033 2.02282 2.02199 2.05278 1.99959 1.99403 1.9266 1.92513 1.65684 2.76096 2.34911 2.9887 2.8566 2.2757
threshold=2636.5000000000005 672.50000000000011 3110.5000000000005 144.50000000000003 483.50000000000006 504.50000000000006 1.0000000180025095e-35 33.500000000000007 3.5000000000000004 726.50000000000011 1.0000000180025095e-35 43.500000000000007 15.500000000000002 35.500000000000007 20.500000000000004 47.500000000000007 2.5000000000000004 337.50000000000006 7.5000000000000009 172.50000000000003 138.50000000000003 30.500000000000004 1241.0000000000002 1.0000000180025095e-35 904.50000000000011 166.50000000000003 27.500000000000004 40.500000000000007 4.5000000000000009 3.5000000000000004
decision_type=2 2 2 2 2 2 2 2 2 2 2 2 2 2 2 2 2 2 2 2 2 2 2 2 2 2 2 2 2 2
left_child=2 -2 3 6 24 -6 -1 8 9 23 13 12 -12 -9 -11 18 -17 -10 -15 -20 -13 -16 -21 -7 25 26 27 29 -29 -5
right_child=1 -3 -4 4 5 7 -8 10 17 14 11 20 -14 15 21 16 -18 -19 19 22 -22 -23 -24 -25 -26 -27 -28 28 -30 -31
leaf_value=0.00015232464746495103 -0.052889864094301936 0.0098143805974814785 0.031669189966392709 0.0039332337176871185 0.070762412813233463 0.0065380386785461363 0.012884751218967885 0.042811179948399052 -0.046158680915393054 0.018534979262842963 0.1062041843003067 -0.029426511573398602 0.010383265963469925 -0.058591649312392705 -0.046186473876247421 0.041711599723381815 -0.024189844187564046 -0.0054238009052691837 0.040076183413381761 -0.059688912216982998 0.021166642298633534 -0.0084145022754282713 1.6720510368966169e-06 0.050206059135593395 0.024017558028510837 -0.040616913010171472 0.024166850784137342 0.042407743224777791 -0.025557003742724679 -0.030875531613684615
leaf_weight=611.80987397581339 2.547718532383441 2.1119713075459003 3.4535297723487011 6.2388845290988746 2.9991590818390241 5.9850121606141347 38.3648995263502 2.0741862906143096 9.098561827093361 4.8712608953937915 2.8876155428588373 3.2175886482000351 3.7727271914482117 3.1931427121162432 4.9804521994665292 3.5407922519370905 3.3430874263867736 4.6015120772644869 1.4615824818611143 2.2177304551005363 4.6480634054169059 11.384504455141721 3.2437470247969031 4.3093453850597143 2.6894300859421483 8.8603051891550404 4.4342506546527138 3.8769987747073165 2.4442019164562225 18.626775367185473
leaf_count=3633 64 14 31 41 19 44 906 16 102 49 22 32 36 30 68 22 41 45 16 25 41 124 36 29 24 75 30 32 20 145
internal_value=-1.19498e-05 -0.0248605 0.000139153 -4.64307e-06 -0.00458895 0.000543899 0.000905494 -0.00221386 -0.00944341 0.000696085 0.00751726 0.02464 0.0528832 -0.00558304 -0.0112083 -0.0117035 0.00981912 -0.0326153 -0.0263019 -0.0107866 0.000360987 -0.0201206 -0.0248742 0.0251252 -0.0134755 -0.0157912 -0.00951972 -0.0143713 0.0161393 -0.0221611
internal_weight=787.289 4.65969 782.629 779.176 129.001 81.8301 650.175 78.8309 45.2306 31.5306 33.6003 14.526 6.66034 19.0743 21.2362 17.0001 6.88388 13.7001 10.1162 6.92306 7.86565 16.365 5.46148 10.2944 47.1708 44.4814 35.6211 31.1869 6.3212 24.8657
internal_count=5812 78 5734 5703 1164 797 4539 778 461 314 317 131 58 186 241 170 63 147 107 77 73 192 61 73 367 343 268 238 52 186
is_linear=0
shrinkage=0.05


Tree=99
num_leaves=31
num_cat=0
split_feature=4 3 0 1 4 0 0 0 0 4 2 1 1 2 1 1 4 5 5 4 4 0 5 1 3 2 12 0 4 4
split_gain=1.14036 1.23794 1.14885 1.15956 2.32665 2.89389 3.66801 2.4578 2.83117 3.47944 3.05749 2.60251 2.90266 2.4149 2.22895 2.23193 2.34799 2.15843 3.96401 2.015 3.27595 1.97223 1.89385 2.87922 2.62206 2.90189 2.60779 1.95127 1.88832 3.37063
threshold=3853.5000000000005 3951.0000000000005 69.500000000000014 172.50000000000003 454.50000000000006 42.500000000000007 53.500000000000007 28.500000000000004 17.500000000000004 68.500000000000014 1.0000000180025095e-35 548.50000000000011 837.00000000000011 4.5000000000000009 137.50000000000003 103.50000000000001 177.50000000000003 1.5000000000000002 35.500000000000007 7.5000000000000009 1.0000000180025095e-35 27.500000000000004 16.500000000000004 1832.5000000000002 735.50000000000011 236.50000000000003 1.0000000180025095e-35 19.500000000000004 105.50000000000001 2.5000000000000004
decision_type=2 2 2 2 2 2 2 2 2 2 2 2 2 2 2 2 2 2 2 2 2 2 2 2 2 2 2 2 2 2
left_child=1 2 3 14 5 7 -7 8 10 19 -5 -11 -13 -8 15 -1 -17 -6 -19 20 22 -16 23 24 25 27 -24 -10 29 -9
right_child=-2 -3 -4 4 17 6 13 28 9 11 -12 12 -14 -15 21 16 -18 18 -20 -21 -22 -23 26 -25 -26 -27 -28 -29 -30 -31
leaf_value=0.00075864935416665804 -0.032391322714470761 0.032930139914948579 0.028529961707376456 -0.050677114488040811 -0.049839565623414774 0.028028884105637426 -0.035715435774145009 -0.023683067203447934 -0.0034094879406163219 -0.00074420677159114945 0.0049999776687701773 0.076266806522190214 0.014152075234839842 0.014998704840642394 0.0027174546029024665 -0.037633825458251009 0.010593828360566488 0.059039349238642493 -0.032361558623209837 -0.027309423840662157 0.029720455204506665 0.044247527392675387 0.047612281826645106 0.036202473141814046 0.016359826248452756 0.018972501793677266 -0.0087790142905711226 -0.047358042505266297 -0.045249803952104831 0.011157261172298285
leaf_weight=615.01476851198822 2.6101431185379615 2.7606314625591031 3.4073674250394097 5.2957118190824968 5.0885589085519296 15.236416986212136 4.8550144881010038 20.565041530877355 3.3210240304470195 5.1504155173897725 4.5105644017457962 3.6979459002614021 3.8372309226542711 4.3796899802982807 5.9975226446986181 7.4864542772993428 3.7268387153744698 1.6066329162567852 3.7929805852472782 6.9752079658210269 8.1458283718675357 5.386805740185082 3.4145615845918638 2.5579777508974066 4.1102994531393042 2.7040428742766371 4.8597063571214676 10.665873676538466 4.8839052487164727 10.380611322820185
leaf_count=4396 106 22 30 47 70 106 41 184 23 32 31 23 28 28 33 45 26 14 51 59 56 30 22 28 22 14 44 79 48 74
internal_value=-1.36027e-05 9.83349e-05 -2.19095e-05 -0.000150666 -0.00426886 -0.00242502 0.0130267 -0.00603255 -0.000526076 0.00359262 -0.0252755 0.0267074 0.045235 -0.0117605 0.000754317 0.000353952 -0.021653 -0.0268054 -0.00458658 -0.00272257 0.00164634 0.0225827 -0.0056538 -0.012925 -0.0191106 -0.0278909 0.0147828 -0.0370213 -0.0166436 -0.0119977
internal_weight=786.426 783.816 781.055 777.648 140.035 129.547 24.4711 105.076 69.2464 59.4401 9.80628 12.6856 7.53518 9.2347 637.612 626.228 11.2133 10.4882 5.39961 46.7545 39.7793 11.3843 31.6335 23.3592 20.8012 16.6909 8.27427 13.9869 35.8296 30.9457
internal_count=5812 5706 5684 5654 1124 989 175 814 508 430 78 83 51 69 4530 4467 71 135 65 347 288 63 232 166 138 116 66 102 306 258
is_linear=0
shrinkage=0.05


end of trees

feature_importances:
VRDeck=489
Age=485
Spa=483
FoodCourt=462
ShoppingMall=300
RoomService=292
HomePlanet_Europa=127
Destination_TRAPPIST-1e=108
HomePlanet_Mars=103
CryoSleep_True=74
Destination_PSO_J318.5-22=27
HomePlanet_Unknown=22
VIP_True=11
CryoSleep_Unknown=9
VIP_Unknown=5
Destination_Unknown=3

parameters:
[boosting: gbdt]
[objective: binary]
[metric: binary_logloss]
[tree_learner: serial]
[device_type: cpu]
[data_sample_strategy: bagging]
[data: ]
[valid: ]
[num_iterations: 100]
[learning_rate: 0.05]
[num_leaves: 31]
[num_threads: 6]
[seed: 42]
[deterministic: 0]
[force_col_wise: 0]
[force_row_wise: 0]
[histogram_pool_size: -1]
[max_depth: -1]
[min_data_in_leaf: 20]
[min_sum_hessian_in_leaf: 0.001]
[bagging_fraction: 1]
[pos_bagging_fraction: 1]
[neg_bagging_fraction: 1]
[bagging_freq: 0]
[bagging_seed: 400]
[bagging_by_query: 0]
[feature_fraction: 1]
[feature_fraction_bynode: 1]
[feature_fraction_seed: 30056]
[extra_trees: 0]
[extra_seed: 12879]
[early_stopping_round: 0]
[early_stopping_min_delta: 0]
[first_metric_only: 0]
[max_delta_step: 0]
[lambda_l1: 0]
[lambda_l2: 0.1]
[linear_lambda: 0]
[min_gain_to_split: 0]
[drop_rate: 0.1]
[max_drop: 50]
[skip_drop: 0.5]
[xgboost_dart_mode: 0]
[uniform_drop: 0]
[drop_seed: 17869]
[top_rate: 0.2]
[other_rate: 0.1]
[min_data_per_group: 100]
[max_cat_threshold: 32]
[cat_l2: 10]
[cat_smooth: 10]
[max_cat_to_onehot: 4]
[top_k: 20]
[monotone_constraints: ]
[monotone_constraints_method: basic]
[monotone_penalty: 0]
[feature_contri: ]
[forcedsplits_filename: ]
[refit_decay_rate: 0.9]
[cegb_tradeoff: 1]
[cegb_penalty_split: 0]
[cegb_penalty_feature_lazy: ]
[cegb_penalty_feature_coupled: ]
[path_smooth: 0]
[interaction_constraints: ]
[verbosity: 1]
[saved_feature_importance_type: 0]
[use_quantized_grad: 0]
[num_grad_quant_bins: 4]
[quant_train_renew_leaf: 0]
[stochastic_rounding: 1]
[linear_tree: 0]
[max_bin: 255]
[max_bin_by_feature: ]
[min_data_in_bin: 3]
[bin_construct_sample_cnt: 200000]
[data_random_seed: 175]
[is_enable_sparse: 1]
[enable_bundle: 1]
[use_missing: 1]
[zero_as_missing: 0]
[feature_pre_filter: 1]
[pre_partition: 0]
[two_round: 0]
[header: 0]
[label_column: ]
[weight_column: ]
[group_column: ]
[ignore_column: ]
[categorical_feature: ]
[forcedbins_filename: ]
[precise_float_parser: 0]
[parser_config_file: ]
[objective_seed: 16083]
[num_class: 1]
[is_unbalance: 0]
[scale_pos_weight: 1]
[sigmoid: 1]
[boost_from_average: 1]
[reg_sqrt: 0]
[alpha: 0.9]
[fair_c: 1]
[poisson_max_delta_step: 0.7]
[tweedie_variance_power: 1.5]
[lambdarank_truncation_level: 30]
[lambdarank_norm: 1]
[label_gain: ]
[lambdarank_position_bias_regularization: 0]
[eval_at: ]
[multi_error_top_k: 1]
[auc_mu_weights: ]
[num_machines: 1]
[local_listen_port: 12400]
[time_out: 120]
[machine_list_filename: ]
[machines: ]
[gpu_platform_id: -1]
[gpu_device_id: -1]
[gpu_device_id_list: ]
[gpu_use_dp: 0]
[num_gpu: 1]

end of parameters

pandas_categorical:[]
